path	module	permission	guards	schema	file	line
/api/addDepartment	hr	departments.add	requirePermission	AddDepartmentSchema	netlify/functions/routes/departments.ts	51
/api/addEmployee	hr	employees.add	requirePermission	AddEmployeeSchema	netlify/functions/routes/employees.ts	63
/api/addProjectSite	platform	sites.add	requirePermission	AddSiteSchema	netlify/functions/routes/sites.ts	81
/api/admin/approvals/approve	security			ApproveSchema	netlify/functions/routes/permissionApprovals.ts	299
/api/admin/approvals/cancel	security	permissions.manage	requirePermission	CancelSchema	netlify/functions/routes/permissionApprovals.ts	454
/api/admin/approvals/counts	security				netlify/functions/routes/permissionApprovals.ts	213
/api/admin/approvals/list	security			ListSchema	netlify/functions/routes/permissionApprovals.ts	136
/api/admin/approvals/markSeen	security			MarkSeenSchema	netlify/functions/routes/permissionApprovals.ts	260
/api/admin/approvals/reject	security			RejectSchema	netlify/functions/routes/permissionApprovals.ts	417
/api/admin/security/policy/update	security	auth.security.manage_policy	requirePermission	PolicyUpdateSchema	netlify/functions/routes/adminSecurity.ts	225
/api/admin/security/users/passkeys/revoke-all	security	auth.passkeys.admin_revoke	requirePermission	UserIdSchema	netlify/functions/routes/adminSecurity.ts	92
/api/admin/security/users/status	security	auth.security.view	requirePermission	UserIdSchema	netlify/functions/routes/adminSecurity.ts	42
/api/admin/security/users/trusted-devices/revoke-all	security	auth.trusted_devices.admin_revoke	requirePermission	UserIdSchema	netlify/functions/routes/adminSecurity.ts	151
/api/assignSiteEmployees	hr	sites.assign_employees	assertInScope,requirePermission	AssignSiteEmployeesSchema	netlify/functions/routes/sites.ts	135
/api/auth/2fa/backup-codes/regenerate	security		requireUser	RegenSchema	netlify/functions/routes/auth2fa.ts	227
/api/auth/2fa/confirm	security		requireUser	ConfirmSchema	netlify/functions/routes/auth2fa.ts	111
/api/auth/2fa/disable	security		requireUser	DisableSchema	netlify/functions/routes/auth2fa.ts	164
/api/auth/2fa/setup	security		requireUser		netlify/functions/routes/auth2fa.ts	80
/api/auth/2fa/status	security		requireUser		netlify/functions/routes/auth2fa.ts	59
/api/auth/password/change	security		requireUser	ChangePasswordSchema	netlify/functions/routes/auth.ts	726
/api/auth/security/policy	security		requireUser		netlify/functions/routes/adminSecurity.ts	201
/api/auth/step-up/options	security		requireUser		netlify/functions/routes/authStepUp.ts	45
/api/auth/step-up/verify	security		requireUser	VerifySchema	netlify/functions/routes/authStepUp.ts	85
/api/auth/trusted-devices/list	security		requireUser		netlify/functions/routes/trustedDevices.ts	37
/api/auth/trusted-devices/revoke	security		requireUser		netlify/functions/routes/trustedDevices.ts	81
/api/auth/trusted-devices/revoke-all	security				netlify/functions/routes/trustedDevices.ts	120
/api/calendar/activity/create	platform	calendar.activity.manage_own	requirePermission	CreateActivitySchema	netlify/functions/routes/calendar.ts	606
/api/calendar/activity/respond	platform	calendar.view	requirePermission	AttendeeResponseSchema	netlify/functions/routes/calendar.ts	425
/api/calendar/cancel	platform	calendar.view	requirePermission	CancelSchema	netlify/functions/routes/calendar.ts	943
/api/calendar/get	platform	calendar.view	requirePermission	GetSchema	netlify/functions/routes/calendar.ts	325
/api/calendar/list	platform	calendar.view	requirePermission	ListSchema	netlify/functions/routes/calendar.ts	167
/api/calendar/reminders/get	platform	calendar.view	requirePermission	ReminderGetSchema	netlify/functions/routes/calendar.ts	379
/api/calendar/reminders/run-sweep	platform			z.object({ now: z.string().optional() })	netlify/functions/routes/calendar.ts	467
/api/calendar/reminders/set	platform	calendar.view	requirePermission	ReminderSetSchema	netlify/functions/routes/calendar.ts	399
/api/calendar/task/create	platform	calendar.task.manage_own	requirePermission,userCan	CreateTaskSchema	netlify/functions/routes/calendar.ts	523
/api/calendar/task/status	platform	calendar.view	requirePermission,userCan	StatusSchema	netlify/functions/routes/calendar.ts	894
/api/calendar/update	platform	calendar.view	requirePermission,userCan	UpdateSchema	netlify/functions/routes/calendar.ts	784
/api/clearAllNotifications	communications		requireUser		netlify/functions/routes/notify.ts	181
/api/clearClosedTickets	communications		requireUser		netlify/functions/routes/tickets.ts	144
/api/communications/compliance/access-events/list	communications	communications.compliance_read	requirePermission	AccessEventsListSchema	netlify/functions/routes/communicationsCompliance.ts	457
/api/communications/compliance/cases/close	communications	communications.compliance_read	requirePermission	CaseCloseSchema	netlify/functions/routes/communicationsCompliance.ts	439
/api/communications/compliance/cases/decide	communications	communications.compliance_read	requirePermission	CaseDecisionSchema	netlify/functions/routes/communicationsCompliance.ts	302
/api/communications/compliance/cases/get	communications	communications.compliance_read	requirePermission	CaseGetSchema	netlify/functions/routes/communicationsCompliance.ts	260
/api/communications/compliance/cases/list	communications	communications.compliance_read	requirePermission	CasesListSchema	netlify/functions/routes/communicationsCompliance.ts	250
/api/communications/compliance/cases/request	communications	communications.compliance_read	requirePermission	CaseRequestSchema	netlify/functions/routes/communicationsCompliance.ts	270
/api/communications/compliance/conversations/read	communications	communications.compliance_read	requirePermission	ConversationReadSchema	netlify/functions/routes/communicationsCompliance.ts	344
/api/communications/compliance/conversations/search	communications	communications.compliance_read	requirePermission	ConversationSearchSchema	netlify/functions/routes/communicationsCompliance.ts	334
/api/communications/compliance/exports/create	communications	communications.compliance_export	requirePermission	ExportCreateSchema	netlify/functions/routes/communicationsCompliance.ts	477
/api/communications/compliance/exports/download	communications	communications.compliance_export	requirePermission	ExportDownloadSchema	netlify/functions/routes/communicationsCompliance.ts	493
/api/communications/compliance/exports/list	communications	communications.compliance_read	requirePermission	ExportsListSchema	netlify/functions/routes/communicationsCompliance.ts	467
/api/communications/compliance/grants/revoke	communications	communications.compliance_read	requirePermission	GrantRevokeSchema	netlify/functions/routes/communicationsCompliance.ts	397
/api/communications/compliance/summary/get	communications	communications.compliance_read	requirePermission	SummaryGetSchema	netlify/functions/routes/communicationsCompliance.ts	240
/api/communications/messages/activity	communications	communications.view	requirePermission	z.object({ threadId: z.uuid() })	netlify/functions/routes/communications.ts	458
/api/communications/messages/archive	communications	communications.view	requirePermission	ArchiveSchema	netlify/functions/routes/communications.ts	694
/api/communications/messages/attachments/create	communications	communications.view	requirePermission	AttachCreateSchema	netlify/functions/routes/communications.ts	654
/api/communications/messages/attachments/get-url	communications	communications.view	requirePermission	AttachUrlSchema	netlify/functions/routes/communications.ts	833
/api/communications/messages/attachments/upload-url	communications	communications.view	requirePermission	AttachUploadUrlSchema	netlify/functions/routes/communications.ts	630
/api/communications/messages/createThread	communications	communications.thread_create	requirePermission	CreateThreadSchema	netlify/functions/routes/communications.ts	524
/api/communications/messages/delete	communications	communications.view	requirePermission,userCan	DeleteMessageSchema	netlify/functions/routes/communications.ts	905
/api/communications/messages/draft/delete	communications	communications.view	requirePermission	DraftGetSchema	netlify/functions/routes/communications.ts	998
/api/communications/messages/draft/get	communications	communications.view	requirePermission	DraftGetSchema	netlify/functions/routes/communications.ts	989
/api/communications/messages/draft/save	communications	communications.view	requirePermission	DraftSaveSchema	netlify/functions/routes/communications.ts	977
/api/communications/messages/favourites/set	communications	communications.view	requirePermission	FavouriteThreadSchema	netlify/functions/routes/communications.ts	725
/api/communications/messages/internal-note	communications	communications.view	requirePermission,userCan	InternalNoteSchema	netlify/functions/routes/communications.ts	598
/api/communications/messages/markRead	communications	communications.view	requirePermission	MarkReadSchema	netlify/functions/routes/communications.ts	678
/api/communications/messages/mute	communications	communications.view	requirePermission	MuteThreadSchema	netlify/functions/routes/communications.ts	708
/api/communications/messages/online	communications	communications.view	requirePermission		netlify/functions/routes/communications.ts	1027
/api/communications/messages/participants/add	communications	communications.thread_manage_own	requirePermission	ParticipantsAddSchema	netlify/functions/routes/communications.ts	745
/api/communications/messages/participants/remove	communications	communications.thread_manage_own	requirePermission,userCan	ParticipantsRemoveSchema	netlify/functions/routes/communications.ts	765
/api/communications/messages/pins/list	communications	communications.view	requirePermission	PinsListSchema	netlify/functions/routes/communications.ts	950
/api/communications/messages/pins/pin	communications	communications.view	requirePermission	PinSchema	netlify/functions/routes/communications.ts	861
/api/communications/messages/pins/pinned-summary	communications	communications.view	requirePermission		netlify/functions/routes/communications.ts	962
/api/communications/messages/pins/unpin	communications	communications.view	requirePermission	UnpinSchema	netlify/functions/routes/communications.ts	885
/api/communications/messages/post	communications	communications.view	requirePermission	PostMessageSchema	netlify/functions/routes/communications.ts	562
/api/communications/messages/posts	communications	communications.view	requirePermission	PostsSchema	netlify/functions/routes/communications.ts	414
/api/communications/messages/presence/update	communications	communications.view	requirePermission	PresenceSchema	netlify/functions/routes/communications.ts	1017
/api/communications/messages/reactions/toggle	communications	communications.view	requirePermission	ToggleReactionSchema	netlify/functions/routes/communications.ts	933
/api/communications/messages/recipients	communications	communications.view	requirePermission	RecipientsSchema	netlify/functions/routes/communications.ts	816
/api/communications/messages/recordThread	communications	communications.thread_create	requirePermission	RecordThreadSchema	netlify/functions/routes/communications.ts	486
/api/communications/messages/search	communications	communications.view	requirePermission	MessageSearchSchema	netlify/functions/routes/communications.ts	442
/api/communications/messages/search	communications	communications.view	requirePermission	SearchSchema	netlify/functions/routes/communications.ts	801
/api/communications/messages/thread	communications	communications.view	requirePermission	ThreadGetSchema	netlify/functions/routes/communications.ts	385
/api/communications/messages/threads	communications	communications.view	requirePermission	ThreadsListSchema	netlify/functions/routes/communications.ts	361
/api/communications/notifications/archive	communications	communications.view	requirePermission		netlify/functions/routes/communications.ts	187
/api/communications/notifications/broadcast	communications	communications.admin	requirePermission	BroadcastSchema	netlify/functions/routes/communications.ts	306
/api/communications/notifications/list	communications	communications.view	requirePermission	NotifListSchema	netlify/functions/routes/communications.ts	126
/api/communications/notifications/markAllRead	communications	communications.view	requirePermission		netlify/functions/routes/communications.ts	173
/api/communications/notifications/markRead	communications	communications.view	requirePermission		netlify/functions/routes/communications.ts	159
/api/communications/notifications/mute	communications	communications.view	requirePermission	MuteSchema	netlify/functions/routes/communications.ts	272
/api/communications/notifications/preferences/get	communications	communications.view	requirePermission		netlify/functions/routes/communications.ts	209
/api/communications/notifications/preferences/set	communications	communications.view	requirePermission	PrefSetSchema	netlify/functions/routes/communications.ts	246
/api/communications/summary	communications	communications.view	requirePermission		netlify/functions/routes/communications.ts	107
/api/communications/tickets/attachments/complete	communications	communications.view	requirePermission	TicketAttachmentCompleteSchema	netlify/functions/routes/communications.ts	1304
/api/communications/tickets/attachments/get-url	communications	communications.view	requirePermission	TicketAttachmentGetSchema	netlify/functions/routes/communications.ts	1341
/api/communications/tickets/attachments/upload-url	communications	communications.view	requirePermission	TicketAttachmentUploadSchema	netlify/functions/routes/communications.ts	1263
/api/communications/tickets/command	communications	communications.view	requirePermission	TicketCommandSchema	netlify/functions/routes/communications.ts	1227
/api/communications/tickets/comment	communications	communications.view	requirePermission	CommentSchema	netlify/functions/routes/communications.ts	1203
/api/communications/tickets/create	communications	communications.view	requirePermission	CreateTicketSchema	netlify/functions/routes/communications.ts	1091
/api/communications/tickets/get	communications	communications.view	requirePermission	TicketIdSchema	netlify/functions/routes/communications.ts	1187
/api/communications/tickets/list	communications	communications.view	requirePermission	TicketListSchema	netlify/functions/routes/communications.ts	1155
/api/communications/tickets/mark-read	communications	communications.view	requirePermission	TicketMarkReadSchema	netlify/functions/routes/communications.ts	1243
/api/communications/tickets/nav-context	communications	communications.view	requirePermission		netlify/functions/routes/communications.ts	1179
/api/communications/tickets/request-types	communications	communications.view	requirePermission	RequestTypesSchema	netlify/functions/routes/communications.ts	1048
/api/communications/tickets/requester-search	communications	communications.view	requirePermission	RequesterSearchSchema	netlify/functions/routes/communications.ts	1064
/api/communications/tickets/run-overdue-sweep	communications	tickets.manage	requirePermission	TicketSweepSchema	netlify/functions/routes/communications.ts	1363
/api/confirm2faSetup	security			Setup2faConfirmSchema	netlify/functions/routes/auth.ts	481
/api/createTicket	communications		requireUser	CreateTicketSchema	netlify/functions/routes/tickets.ts	20
/api/deleteDepartment	hr	departments.delete	requirePermission	DeleteDepartmentSchema	netlify/functions/routes/departments.ts	78
/api/deleteEmployee	hr	employees.delete	assertInScope,requirePermission	DeleteEmployeeSchema	netlify/functions/routes/employees.ts	200
/api/deleteNotification	communications		requireUser	MarkReadSchema	netlify/functions/routes/notify.ts	164
/api/deleteProjectSite	platform	sites.delete	assertInScope,requirePermission	DeleteSiteSchema	netlify/functions/routes/sites.ts	122
/api/deleteTicket	communications		requireUser	GetTicketSchema	netlify/functions/routes/tickets.ts	126
/api/disable2fa	security		requireUser	Disable2faSchema	netlify/functions/routes/auth.ts	551
/api/finance/ap/aging	finance	finance.ap.view	requirePermission		netlify/functions/routes/financeAccountsPayable.ts	100
/api/finance/ap/bills/approve	finance	finance.ap.bills.approve	requirePermission	z.object({ id: z.string().uuid() })	netlify/functions/routes/financeAccountsPayable.ts	200
/api/finance/ap/bills/audit	finance	finance.ap.view	requirePermission	z.object({ id: z.string().uuid() })	netlify/functions/routes/financeAccountsPayable.ts	238
/api/finance/ap/bills/bulk-approve	finance	finance.ap.bills.approve	requirePermission	z.object({     billIds: z.array(z.string().uuid()).min(1).max(50),   })	netlify/functions/routes/financeAccountsPayable.ts	281
/api/finance/ap/bills/check-duplicate	finance	finance.ap.view	requirePermission	z.object({     vendorId: z.string().uuid(), vendorInvoiceNo: z.string().optional(),     totalAmount: z.number().nonnegative().optional(), billDate: z.string().regex(/^\d{4}-\d{2}-\d{2}$/).optional(),   })	netlify/functions/routes/financeAccountsPayable.ts	183
/api/finance/ap/bills/comments/create	finance	finance.ap.manage	requirePermission	z.object({ id: z.string().uuid(), body: z.string().trim().min(1).max(2000), isInternal: z.boolean().optional() })	netlify/functions/routes/financeAccountsPayable.ts	252
/api/finance/ap/bills/comments/list	finance	finance.ap.view	requirePermission	z.object({ id: z.string().uuid() })	netlify/functions/routes/financeAccountsPayable.ts	245
/api/finance/ap/bills/create	finance	finance.ap.bills.create, finance.ap.bills.submit	requirePermission	z.object({     vendorId: z.string().uuid(),     billDate: z.string().regex(/^\d{4}-\d{2}-\d{2}$/),     dueDate:  z.string().regex(/^\d{4}-\d{2}-\d{2}$/).optional(),     description: z.string().max(500).optional(),     vendorInvoiceNo: z.string().max(80).optional(),     reference: z.string().max(120).optional(),     currency: z.string().length(3).optional(),     paymentTermsDays: z.number().int().min(0).max(365).optional(),     glAccountCode: z.string().optional(),     lines: z.array(z.object({       description: z.string().min(1).max(300),       quantity: z.number().positive().optional(),       unitPrice: z.number().nonnegative().optional(),       amount: z.number().nonnegative().optional(),       glAccountCode: z.string().optional(),       costCenterId: z.string().uuid().nullable().optional(),       taxCode: z.string().max(30).optional(),       projectId: z.string().uuid().nullable().optional(),     })).min(1, 'At least one line is required.'),     taxIncluded: z.boolean().optional(),     taxAmount: z.number().nonnegative().optional(),     withholdingTaxCode: z.string().max(30).optional(),     submitForApproval: z.boolean().optional(),     duplicateOverrideReason: z.string().max(500).optional(),   })	netlify/functions/routes/financeAccountsPayable.ts	150
/api/finance/ap/bills/get	finance	finance.ap.view	requirePermission	z.object({ id: z.string().uuid() })	netlify/functions/routes/financeAccountsPayable.ts	47
/api/finance/ap/bills/import	finance	finance.ap.bills.import	requirePermission	z.object({     rows: z.array(z.object({       rowIndex:       z.number().int().min(0),       vendorName:     z.string().max(200),       vendorInvoiceNo: z.string().max(80).optional().default(''),       billDate:       z.string(),       dueDate:        z.string().optional().default(''),       description:    z.string().max(500),       amount:         z.string(),       glAccountCode:  z.string().max(30).optional().default(''),       currency:       z.string().length(3).optional().default('TTD'),     })).min(1).max(500),   })	netlify/functions/routes/financeAccountsPayable.ts	342
/api/finance/ap/bills/list	finance	finance.ap.view	requirePermission	z.object({     status: z.enum(BILL_FILTER_STATUS).optional(), vendorId: z.string().uuid().optional(), search: z.string().optional(),     dueFrom: z.string().regex(/^\d{4}-\d{2}-\d{2}$/).optional(), dueTo: z.string().regex(/^\d{4}-\d{2}-\d{2}$/).optional(),     amountMin: z.number().nonnegative().optional(), amountMax: z.number().nonnegative().optional(),     glAccountCode: z.string().max(30).optional(), approverId: z.string().optional(),     page: z.number().int().min(0).optional(), pageSize: z.number().int().min(1).max(100).optional(),   })	netlify/functions/routes/financeAccountsPayable.ts	34
/api/finance/ap/bills/record-payment	finance	finance.ap.payment.record	requirePermission	z.object({     id:              z.string().uuid(),     amount:          z.number().positive(),     method:          z.enum(PAYMENT_METHOD).optional(),     paymentDate:     z.string().regex(/^\d{4}-\d{2}-\d{2}$/).optional(),     reference:       z.string().max(120).optional(),     memo:            z.string().max(500).optional(),     sourceAccountId: z.string().uuid().optional(),   })	netlify/functions/routes/financeAccountsPayable.ts	214
/api/finance/ap/bills/reject	finance	finance.ap.bills.approve	requirePermission	z.object({ id: z.string().uuid(), reason: z.string().trim().min(1).max(500) })	netlify/functions/routes/financeAccountsPayable.ts	207
/api/finance/ap/bills/submit	finance	finance.ap.bills.submit	requirePermission	z.object({ id: z.string().uuid() })	netlify/functions/routes/financeAccountsPayable.ts	193
/api/finance/ap/bills/void	finance	finance.ap.bills.void	requirePermission	z.object({ id: z.string().uuid(), reason: z.string().trim().min(1).max(500) })	netlify/functions/routes/financeAccountsPayable.ts	230
/api/finance/ap/duplicate-risks/list	finance	finance.ap.view	requirePermission	z.object({ billId: z.string().uuid().optional() })	netlify/functions/routes/financeAccountsPayable.ts	261
/api/finance/ap/duplicate-risks/resolve	finance	finance.ap.duplicate.resolve	requirePermission	z.object({     reviewId:       z.string().uuid(),     resolution:     z.enum(['resolved_duplicate', 'resolved_distinct']),     resolutionNote: z.string().max(500).optional(),   })	netlify/functions/routes/financeAccountsPayable.ts	268
/api/finance/ap/kpis	finance	finance.ap.view	requirePermission		netlify/functions/routes/financeAccountsPayable.ts	95
/api/finance/ap/payment-runs/create	finance	finance.ap.payment.run.manage	requirePermission	z.object({     billIds:         z.array(z.string().uuid()).min(1).max(200),     paymentMethod:   z.enum(PAYMENT_METHOD),     payDate:         z.string().regex(/^\d{4}-\d{2}-\d{2}$/),     currency:        z.string().length(3).optional(),     notes:           z.string().max(500).optional(),     sourceAccountId: z.string().uuid().optional(),   })	netlify/functions/routes/financeAccountsPayable.ts	312
/api/finance/ap/payment-runs/get	finance	finance.ap.payment.run.manage	requirePermission	z.object({ id: z.string().uuid() })	netlify/functions/routes/financeAccountsPayable.ts	301
/api/finance/ap/payment-runs/list	finance	finance.ap.payment.run.manage	requirePermission	z.object({ status: z.enum(PAYMENT_RUN_STATUS).optional() })	netlify/functions/routes/financeAccountsPayable.ts	294
/api/finance/ap/payment-runs/process	finance	finance.ap.payment.run.process	requirePermission	z.object({ id: z.string().uuid() })	netlify/functions/routes/financeAccountsPayable.ts	326
/api/finance/ap/payment-runs/void	finance	finance.ap.payment.run.manage	requirePermission	z.object({ id: z.string().uuid(), reason: z.string().trim().min(1).max(500) })	netlify/functions/routes/financeAccountsPayable.ts	333
/api/finance/ap/payments/list	finance	finance.ap.view	requirePermission		netlify/functions/routes/financeAccountsPayable.ts	90
/api/finance/ap/trend	finance	finance.ap.view	requirePermission		netlify/functions/routes/financeAccountsPayable.ts	105
/api/finance/ap/vendors/bills	finance	finance.ap.view	requirePermission	z.object({ vendorId: z.string().uuid() })	netlify/functions/routes/financeAccountsPayable.ts	76
/api/finance/ap/vendors/create	finance	finance.ap.vendors.create	requirePermission	VendorCoreSchema	netlify/functions/routes/financeAccountsPayable.ts	135
/api/finance/ap/vendors/get	finance	finance.ap.view	requirePermission	z.object({ id: z.string().uuid() })	netlify/functions/routes/financeAccountsPayable.ts	65
/api/finance/ap/vendors/list	finance	finance.ap.view	requirePermission	z.object({ status: z.enum(VENDOR_STATUS).optional() })	netlify/functions/routes/financeAccountsPayable.ts	58
/api/finance/ap/vendors/payments	finance	finance.ap.view	requirePermission	z.object({ vendorId: z.string().uuid() })	netlify/functions/routes/financeAccountsPayable.ts	83
/api/finance/ap/vendors/update	finance	finance.ap.vendors.update	requirePermission	VendorCoreSchema.partial().extend({ id: z.string().uuid() })	netlify/functions/routes/financeAccountsPayable.ts	142
/api/finance/attachments/complete	finance	UPLOAD_PERMS[v.data.entityType]!	requirePermission	CompleteSchema	netlify/functions/routes/financeAttachments.ts	164
/api/finance/attachments/delete	finance	MANAGE_PERMS[v.data.entityType]!	requirePermission	DeleteSchema	netlify/functions/routes/financeAttachments.ts	220
/api/finance/attachments/list	finance	VIEW_PERMS[v.data.entityType]!	requirePermission	ListSchema	netlify/functions/routes/financeAttachments.ts	189
/api/finance/attachments/signed-url	finance	VIEW_PERMS[v.data.entityType]!	requirePermission	SignedUrlSchema	netlify/functions/routes/financeAttachments.ts	208
/api/finance/attachments/upload-url	finance	UPLOAD_PERMS[v.data.entityType]!	requirePermission	UploadUrlSchema	netlify/functions/routes/financeAttachments.ts	145
/api/finance/bank-accounts/deactivate	finance	finance.bank_accounts.manage	requirePermission	z.object({ id: z.string().uuid() })	netlify/functions/routes/financeBankAccounts.ts	56
/api/finance/bank-accounts/get	finance	finance.bank_accounts.view	requirePermission	z.object({ id: z.string().uuid() })	netlify/functions/routes/financeBankAccounts.ts	30
/api/finance/bank-accounts/list	finance	finance.bank_accounts.view	requirePermission	z.object({ employeeId: z.string().optional(), includeInactive: z.boolean().optional() })	netlify/functions/routes/financeBankAccounts.ts	17
/api/finance/bank-accounts/upsert	finance	finance.bank_accounts.manage	requirePermission	z.object({ id: z.string().uuid().optional(), employeeId: z.string().optional(), bankName: z.string().min(1).max(200), branch: z.string().max(200).nullable().optional(), accountType: z.enum(['savings', 'chequing']), accountNumber: z.string().min(4).max(50), transitNumber: z.string().max(20).nullable().optional(), isPrimary: z.boolean().optional(), metadata: z.record(z.string(), z.unknown()).optional() })	netlify/functions/routes/financeBankAccounts.ts	43
/api/finance/bridges/create-disbursement	finance	finance.disbursement.manage	requirePermission	z.object({     payrollRunId: z.string().uuid(),     metadata:     z.record(z.string(), z.unknown()).optional(),   })	netlify/functions/routes/financeBridges.ts	51
/api/finance/bridges/create-reimbursement	finance	finance.expenses.handoff.create_reimbursement	requirePermission	z.object({     expenseClaimId: z.string().uuid(),     payrollRunId:   z.string().uuid().optional().nullable(),   })	netlify/functions/routes/financeBridges.ts	104
/api/finance/bridges/create-remittance	finance	finance.remittances.manage	requirePermission	z.object({     payrollRunId: z.string().uuid(),     authority:    z.enum(['paye_bir', 'nis_nibtt', 'health_surcharge']),     dueDate:      z.string().regex(/^\d{4}-\d{2}-\d{2}$/).optional().nullable(),     metadata:     z.record(z.string(), z.unknown()).optional(),   })	netlify/functions/routes/financeBridges.ts	73
/api/finance/budgets/actuals	finance	finance.budgets.view	requirePermission	z.object({     fiscalYear:   z.number().int().min(2000).max(2100),     costCenterId: z.string().uuid().optional(),   })	netlify/functions/routes/financeBudgets.ts	187
/api/finance/budgets/approvals	finance	finance.budgets.view	requirePermission	z.object({ id: z.string().uuid() })	netlify/functions/routes/financeBudgets.ts	233
/api/finance/budgets/attachments/complete	finance	finance.budgets.attachments.upload	requirePermission	z.object({     budgetLineId: z.string().uuid(),     fileName:     z.string().min(1).max(255),     storagePath:  z.string().min(1),     mimeType:     z.string().max(120).nullable().optional(),     fileSize:     z.number().int().positive().nullable().optional(),   })	netlify/functions/routes/financeBudgets.ts	281
/api/finance/budgets/attachments/delete	finance	finance.budgets.attachments.delete	requirePermission	z.object({     id:           z.string().uuid(),     budgetLineId: z.string().uuid(),   })	netlify/functions/routes/financeBudgets.ts	324
/api/finance/budgets/attachments/list	finance	finance.budgets.view	requirePermission	z.object({ budgetLineId: z.string().uuid() })	netlify/functions/routes/financeBudgets.ts	302
/api/finance/budgets/attachments/signed-url	finance	finance.budgets.view	requirePermission	z.object({ storagePath: z.string().min(1) })	netlify/functions/routes/financeBudgets.ts	313
/api/finance/budgets/attachments/upload-url	finance	finance.budgets.attachments.upload	requirePermission	z.object({     budgetLineId: z.string().uuid(),     fileName:     z.string().min(1).max(255),     mimeType:     z.string().min(1).max(120),   })	netlify/functions/routes/financeBudgets.ts	265
/api/finance/budgets/audit-log	finance	finance.budgets.manage	requirePermission	z.object({ id: z.string().uuid() })	netlify/functions/routes/financeBudgets.ts	248
/api/finance/budgets/bulk-upsert	finance	finance.budgets.bulk_upsert	requirePermission	z.object({     lines: z.array(BulkLineSchema).min(1).max(200),   })	netlify/functions/routes/financeBudgets.ts	107
/api/finance/budgets/copy-last-year	finance	finance.budgets.copy_last_year	requirePermission	z.object({     sourceFiscalYear: z.number().int().min(2000).max(2100),     targetFiscalYear: z.number().int().min(2000).max(2100),     costCenterId:     z.string().uuid().nullable().optional(),     category:         z.string().max(100).nullable().optional(),     adjustmentPct:    z.number().min(-99).max(200).optional(),     roundingRule:     z.enum(['none', 'hundred', 'thousand']).optional(),   })	netlify/functions/routes/financeBudgets.ts	134
/api/finance/budgets/delete	finance	finance.budgets.manage	requirePermission	z.object({ id: z.string().uuid() })	netlify/functions/routes/financeBudgets.ts	95
/api/finance/budgets/get	finance	finance.budgets.view	requirePermission	z.object({ id: z.string().uuid() })	netlify/functions/routes/financeBudgets.ts	60
/api/finance/budgets/line-actuals	finance	finance.budgets.view	requirePermission	z.object({ id: z.string().uuid() })	netlify/functions/routes/financeBudgets.ts	175
/api/finance/budgets/list	finance	finance.budgets.view	requirePermission	z.object({     costCenterId: z.string().uuid().optional(),     fiscalYear: z.number().int().min(2000).max(2100).optional(),     category: z.string().optional(),   })	netlify/functions/routes/financeBudgets.ts	45
/api/finance/budgets/reports/list	finance	finance.budgets.reports.view	requirePermission		netlify/functions/routes/financeBudgets.ts	205
/api/finance/budgets/reports/run	finance	finance.budgets.reports.view	requirePermission	z.object({     reportKey:    z.string().min(1),     fiscalYear:   z.number().int().min(2000).max(2100).optional(),     costCenterId: z.string().uuid().optional(),   })	netlify/functions/routes/financeBudgets.ts	214
/api/finance/budgets/upsert	finance	finance.budgets.manage	requirePermission	z.object({     costCenterId: z.string().uuid(),     fiscalYear: z.number().int().min(2000).max(2100),     category: z.string().min(1).max(100),     label: z.string().max(200).nullable().optional(),     notes: z.string().max(2000).nullable().optional(),     budgeted: z.number().nonnegative(),     currency: z.enum(['TTD']).optional(),   })	netlify/functions/routes/financeBudgets.ts	76
/api/finance/budgets/variance	finance	finance.budgets.view	requirePermission	z.object({     fiscalYear: z.number().int().min(2000).max(2100),     costCenterId: z.string().uuid().optional(),   })	netlify/functions/routes/financeBudgets.ts	156
/api/finance/disbursements/approve	finance	finance.disbursement.approve	requirePermission	z.object({ id: z.string().uuid() })	netlify/functions/routes/financeDisbursements.ts	215
/api/finance/disbursements/audit-log	finance	finance.disbursement.view	requirePermission	z.object({ disbursementId: z.string().uuid() })	netlify/functions/routes/financeDisbursements.ts	351
/api/finance/disbursements/bank-file/signed-url	finance	finance.disbursement.bank_file.download	requirePermission	z.object({ disbursementId: z.string().uuid() })	netlify/functions/routes/financeDisbursements.ts	312
/api/finance/disbursements/bank-files/list	finance	finance.disbursement.view	requirePermission	z.object({ disbursementId: z.string().uuid() })	netlify/functions/routes/financeDisbursements.ts	242
/api/finance/disbursements/bank-files/signed-url	finance	finance.disbursement.bank_file.download	requirePermission	z.object({ bankFileId: z.string().uuid() })	netlify/functions/routes/financeDisbursements.ts	257
/api/finance/disbursements/cancel	finance	finance.disbursement.manage	requirePermission	z.object({     id: z.string().uuid(),     reason: z.string().trim().min(1).max(500),   })	netlify/functions/routes/financeDisbursements.ts	283
/api/finance/disbursements/compute	finance	finance.disbursement.view	requirePermission	z.object({ payrollRunId: z.string().uuid() })	netlify/functions/routes/financeDisbursements.ts	72
/api/finance/disbursements/create	finance	finance.disbursement.manage	requirePermission	z.object({     payrollRunId: z.string().uuid(),     currency:     z.string().length(3).optional(),     metadata:     z.record(z.string(), z.unknown()).optional(),   })	netlify/functions/routes/financeDisbursements.ts	85
/api/finance/disbursements/create-from-run	finance	finance.disbursement.manage	requirePermission	z.object({     payrollRunId: z.string().uuid(),     currency:     z.string().length(3).optional(),     metadata:     z.record(z.string(), z.unknown()).optional(),   })	netlify/functions/routes/financeDisbursements.ts	113
/api/finance/disbursements/finance-audit-log	finance	finance.disbursement.view	requirePermission	z.object({     submoduleKey: z.string().min(1).max(64),     recordId:     z.string().uuid(),   })	netlify/functions/routes/financeDisbursements.ts	365
/api/finance/disbursements/generate-file	finance	finance.disbursement.approve	requirePermission	z.object({ id: z.string().uuid() })	netlify/functions/routes/financeDisbursements.ts	228
/api/finance/disbursements/get	finance	finance.disbursement.view	requirePermission	z.object({ id: z.string().uuid() })	netlify/functions/routes/financeDisbursements.ts	45
/api/finance/disbursements/kpis	finance	finance.disbursement.view	requirePermission		netlify/functions/routes/financeDisbursements.ts	325
/api/finance/disbursements/lines/list	finance	finance.disbursement.view	requirePermission	z.object({ disbursementId: z.string().uuid() })	netlify/functions/routes/financeDisbursements.ts	59
/api/finance/disbursements/lines/list-detail	finance	finance.disbursement.view	requirePermission	z.object({ disbursementId: z.string().uuid() })	netlify/functions/routes/financeDisbursements.ts	299
/api/finance/disbursements/list	finance	finance.disbursement.view	requirePermission	z.object({     payrollRunId: z.string().uuid().optional(),     status: z.enum(STATUS_VALUES).optional(),   })	netlify/functions/routes/financeDisbursements.ts	29
/api/finance/disbursements/mark-paid	finance	finance.disbursement.approve	requirePermission	z.object({ id: z.string().uuid() })	netlify/functions/routes/financeDisbursements.ts	270
/api/finance/disbursements/reports/bank-account-readiness	finance	finance.disbursement.view	requirePermission		netlify/functions/routes/financeDisbursements.ts	392
/api/finance/disbursements/reports/bank-file-status	finance	finance.disbursement.view	requirePermission		netlify/functions/routes/financeDisbursements.ts	381
/api/finance/disbursements/reports/list	finance	finance.disbursement.view	requirePermission	z.object({     status: z.enum(STATUS_VALUES).optional(),   })	netlify/functions/routes/financeDisbursements.ts	336
/api/finance/disbursements/submit	finance	finance.disbursement.manage	requirePermission	z.object({ id: z.string().uuid(), idempotencyKey: z.string().min(1).max(200) })	netlify/functions/routes/financeDisbursements.ts	202
/api/finance/expenses/approve	finance	finance.expenses.approve	requirePermission	z.object({ id: z.string().uuid() })	netlify/functions/routes/financeExpenses.ts	212
/api/finance/expenses/audit-log	finance	finance.expenses.view	requirePermission	z.object({ claimId: z.string().uuid() })	netlify/functions/routes/financeExpenses.ts	357
/api/finance/expenses/cancel	finance	finance.expenses.manage	requirePermission	z.object({     id:     z.string().uuid(),     reason: z.string().trim().min(1, 'A reason is required to cancel an expense claim.').max(500),   })	netlify/functions/routes/financeExpenses.ts	271
/api/finance/expenses/comment	finance	finance.expenses.submit	requirePermission	z.object({     claimId: z.string().uuid(),     body:    z.string().trim().min(1, 'Comment body is required.').max(2000),   })	netlify/functions/routes/financeExpenses.ts	341
/api/finance/expenses/create	finance	finance.expenses.submit	requirePermission,userCan	z.object({     claimantId:      z.string().min(1),     title:           z.string().min(1).max(200),     expenseDate:     z.string().regex(/^\d{4}-\d{2}-\d{2}$/),     category:        z.enum(CATEGORY_VALUES),     totalAmount:     z.number().positive(),     currency:        z.string().length(3).optional(),     receiptPath:     z.string().nullable().optional(),     reimbursable:    z.boolean().optional(),     notes:           z.string().max(1000).optional(),     purpose:         z.string().max(500).optional(),     departmentId:    z.string().max(100).optional(),     allocationLines: z.array(z.object({       costCenterId:    z.string().uuid(),       amount:          z.number().positive(),       description:     z.string().max(300).optional(),       expenseDate:     z.string().regex(/^\d{4}-\d{2}-\d{2}$/).optional(),       category:        z.enum(CATEGORY_VALUES).optional(),       project:         z.string().max(200).optional(),       taxAmount:       z.number().min(0).optional(),       merchant:        z.string().max(200).optional(),       receiptRequired: z.boolean().optional(),     })).min(1, 'At least one allocation line is required.'),     metadata:        z.record(z.string(), z.unknown()).optional(),   })	netlify/functions/routes/financeExpenses.ts	120
/api/finance/expenses/detail	finance	finance.expenses.view	requirePermission	z.object({ id: z.string().uuid() })	netlify/functions/routes/financeExpenses.ts	95
/api/finance/expenses/export-csv	finance	finance.expenses.reports.view	requirePermission	z.object({     claimantId: z.string().optional(),     status:     z.enum(STATUS_VALUES).optional(),     category:   z.enum(CATEGORY_VALUES).optional(),     search:     z.string().optional(),   })	netlify/functions/routes/financeExpenses.ts	382
/api/finance/expenses/get	finance	finance.expenses.view	requirePermission	z.object({ id: z.string().uuid() })	netlify/functions/routes/financeExpenses.ts	83
/api/finance/expenses/handoff/reimbursement	finance	finance.expenses.handoff.create_reimbursement	requirePermission	z.object({     claimId:      z.string().uuid(),     payrollRunId: z.string().uuid().optional(),   })	netlify/functions/routes/financeExpenses.ts	317
/api/finance/expenses/kpis	finance	finance.expenses.view	requirePermission		netlify/functions/routes/financeExpenses.ts	370
/api/finance/expenses/lines/list	finance	finance.expenses.view	requirePermission	z.object({ claimId: z.string().uuid() })	netlify/functions/routes/financeExpenses.ts	107
/api/finance/expenses/list	finance	finance.expenses.view	requirePermission	z.object({     claimantId: z.string().optional(),     status:     z.enum(STATUS_VALUES).optional(),     category:   z.enum(CATEGORY_VALUES).optional(),     search:     z.string().optional(),     page:       z.number().int().min(0).optional(),     pageSize:   z.number().int().min(1).max(100).optional(),     sortField:  z.enum(['created_at', 'expense_date', 'total_amount', 'status', 'claim_no']).optional(),     sortDir:    z.enum(['asc', 'desc']).optional(),   })	netlify/functions/routes/financeExpenses.ts	52
/api/finance/expenses/mark-reimbursed	finance	finance.expenses.approve	requirePermission	z.object({     id:                z.string().uuid(),     reimbursedAt:      z.string().optional(),     paymentMethod:     z.enum(['eft', 'cheque', 'cash', 'wire', 'other']).optional(),     reference:         z.string().max(100).optional(),     paidAmount:        z.number().positive().optional(),     sourceDisbursement:z.string().uuid().optional(),     notes:             z.string().max(500).optional(),   })	netlify/functions/routes/financeExpenses.ts	243
/api/finance/expenses/policy-check	finance	finance.expenses.submit	requirePermission,userCan	z.object({ id: z.string().uuid() })	netlify/functions/routes/financeExpenses.ts	179
/api/finance/expenses/receipt-commit	finance	finance.expenses.receipt.upload	requirePermission	z.object({     claimId: z.string().uuid(),     path:    z.string().min(1),   })	netlify/functions/routes/financeExpenses.ts	301
/api/finance/expenses/receipt-upload-url	finance	finance.expenses.receipt.upload	requirePermission	z.object({     fileName: z.string().min(1).max(255),     mimeType: z.string().min(1),   })	netlify/functions/routes/financeExpenses.ts	287
/api/finance/expenses/reject	finance	finance.expenses.approve	requirePermission	z.object({     id:     z.string().uuid(),     reason: z.string().trim().min(1, 'A reason is required to reject an expense claim.').max(500),   })	netlify/functions/routes/financeExpenses.ts	227
/api/finance/expenses/reports/list	finance	finance.expenses.reports.view	requirePermission	z.object({     claimantId: z.string().optional(),     status:     z.enum(STATUS_VALUES).optional(),     category:   z.enum(CATEGORY_VALUES).optional(),   })	netlify/functions/routes/financeExpenses.ts	428
/api/finance/expenses/reports/run	finance	finance.expenses.reports.view	requirePermission	z.object({     report:     z.enum(REPORT_TYPES).optional(),     // legacy alias for backwards compat     claimantId: z.string().optional(),     status:     z.enum(STATUS_VALUES).optional(),     category:   z.enum(CATEGORY_VALUES).optional(),     fiscalYear: z.number().int().optional(),   })	netlify/functions/routes/financeExpenses.ts	444
/api/finance/expenses/submit	finance	finance.expenses.submit	requirePermission	z.object({ id: z.string().uuid(), idempotencyKey: z.string().min(1).max(200) })	netlify/functions/routes/financeExpenses.ts	199
/api/finance/expenses/trend	finance	finance.expenses.view	requirePermission		netlify/functions/routes/financeExpenses.ts	417
/api/finance/lookups/approved-payroll-runs	payroll	finance.ap.view	requirePermission	z.object({     search: z.string().max(100).optional(),   })	netlify/functions/routes/financeLookups.ts	69
/api/finance/lookups/authorities	finance	finance.ap.view	requirePermission		netlify/functions/routes/financeLookups.ts	84
/api/finance/lookups/budget-categories	finance	finance.ap.view	requirePermission	z.object({     search: z.string().max(100).optional(),   })	netlify/functions/routes/financeLookups.ts	95
/api/finance/lookups/employees	finance	finance.ap.view	requirePermission	z.object({     search: z.string().max(100).optional(),   })	netlify/functions/routes/financeLookups.ts	54
/api/finance/lookups/resolve-employees	finance	finance.ap.view	requirePermission	z.object({     ids: z.array(z.string().max(128)).max(200),   })	netlify/functions/routes/financeLookups.ts	39
/api/finance/overview/approvals/act	finance	finance.overview.approvals.inline	requirePermission	z.object({     id: z.string().uuid(),     type: z.enum(['Bill', 'Expense', 'Remittance', 'Disbursement']),     action: z.enum(['approve', 'reject']),     reason: z.string().max(1000).optional(),   })	netlify/functions/routes/financeOverview.ts	87
/api/finance/overview/approvals/list	finance	finance.overview.approvals.inline	requirePermission	z.object({     type: z.enum(['Bill', 'Expense', 'Remittance', 'Disbursement']).optional(),     minAgeDays: z.number().int().min(0).optional(),     minAmount: z.number().nonnegative().optional(),     priority: z.enum(['high', 'normal']).optional(),   })	netlify/functions/routes/financeOverview.ts	71
/api/finance/overview/export	finance	finance.overview.export	requirePermission	z.object({     type: z.enum(['dashboard', 'approvals', 'spend-budget', 'cost-centre', 'all']).optional().default('all'),   })	netlify/functions/routes/financeOverview.ts	44
/api/finance/overview/kpi-drilldown	finance	finance.overview.kpi.drill	requirePermission	z.object({     kpiType: z.enum(['spend', 'pending-approvals', 'budget-variance', 'cash-out']),     period: z.string().max(20).optional().default('mtd'),   })	netlify/functions/routes/financeOverview.ts	57
/api/finance/overview/spend-budget-series	finance	finance.overview.view	requirePermission	z.object({     period: z.enum(['MTD', 'Monthly', 'Quarterly']).optional().default('Monthly'),   })	netlify/functions/routes/financeOverview.ts	111
/api/finance/overview/summary	finance	finance.overview.view	requirePermission		netlify/functions/routes/financeOverview.ts	35
/api/finance/payroll/back-pay/add	payroll	finance.payroll.worksheet.override	requirePermission	z.object({     currentRunId: z.uuid(),     employeeId: z.string().min(1),     fromPeriodMonth: z.string().regex(/^\d{4}-\d{2}-\d{2}$/),     correctedPeriodBase: z.number().positive(),     reason: z.string().min(1).max(500),     // When the salary correction became effective (YYYY-MM-DD).     // Defaults to fromPeriodMonth when omitted (backward-compatible).     effectiveDate: z.string().regex(/^\d{4}-\d{2}-\d{2}$/).optional(),   })	netlify/functions/routes/financePayroll.ts	873
/api/finance/payroll/back-pay/preview	payroll	finance.payroll.worksheet.override	requirePermission	z.object({     currentRunId: z.uuid(),     employeeId: z.string().min(1),     fromPeriodMonth: z.string().regex(/^\d{4}-\d{2}-\d{2}$/),     correctedPeriodBase: z.number().positive(),     // When the salary correction became effective (YYYY-MM-DD).     // Defaults to fromPeriodMonth when omitted (backward-compatible).     effectiveDate: z.string().regex(/^\d{4}-\d{2}-\d{2}$/).optional(),   })	netlify/functions/routes/financePayroll.ts	853
/api/finance/payroll/calculations/attempts/get	payroll	finance.payroll.view_all	requirePermission	z.object({ id: z.uuid() })	netlify/functions/routes/financePayroll.ts	1211
/api/finance/payroll/calculations/attempts/list	payroll	finance.payroll.view_all	requirePermission	z.object({     runId: z.uuid(),     limit: z.number().int().min(1).max(200).optional(),     offset: z.number().int().min(0).optional(),   })	netlify/functions/routes/financePayroll.ts	1197
/api/finance/payroll/calculations/compare	payroll	finance.payroll.view_all	requirePermission	z.object({     fromVersionId: z.uuid(),     toVersionId: z.uuid(),   })	netlify/functions/routes/financePayroll.ts	1247
/api/finance/payroll/calculations/versions/get	payroll	finance.payroll.view_all	requirePermission	z.object({ id: z.uuid() })	netlify/functions/routes/financePayroll.ts	1234
/api/finance/payroll/calculations/versions/list	payroll	finance.payroll.view_all	requirePermission	z.object({ runId: z.uuid() })	netlify/functions/routes/financePayroll.ts	1224
/api/finance/payroll/components/change-requests/approve	payroll	finance.payroll.components.approve	requirePermission	z.object({ id: z.string().uuid() })	netlify/functions/routes/financeStatutory.ts	410
/api/finance/payroll/components/change-requests/list	payroll	finance.payroll.components.view	requirePermission	z.object({     status: z.enum(['pending_approval', 'approved', 'rejected']).optional(),     componentId: z.string().uuid().optional(),   })	netlify/functions/routes/financeStatutory.ts	396
/api/finance/payroll/components/change-requests/reject	payroll	finance.payroll.components.approve	requirePermission	z.object({     id: z.string().uuid(),     reason: z.string().max(500).optional(),   })	netlify/functions/routes/financeStatutory.ts	421
/api/finance/payroll/components/create	payroll	finance.payroll.components.manage	requirePermission	z.object({     code: z.string().min(1).max(20).regex(/^[A-Za-z0-9_]+$/, 'Code must be alphanumeric/underscore'),     name: z.string().min(1).max(200),     kind: z.enum(['earning', 'deduction']),     isStatutory: z.boolean().optional(),     isTaxable: z.boolean().optional(),     reducesChargeable: z.boolean().optional(),     glAccountCode: z.string().max(50).nullable().optional(),     costAllocationRequired: z.boolean().optional(),     idempotencyKey: z.string().min(1).max(200).optional(),   })	netlify/functions/routes/financeStatutory.ts	342
/api/finance/payroll/components/list	payroll	finance.payroll.components.view	requirePermission	z.object({     activeOnly: z.boolean().optional(),     kind: z.enum(['earning', 'deduction']).optional(),     isStatutory: z.boolean().optional(),   })	netlify/functions/routes/financeStatutory.ts	327
/api/finance/payroll/components/retire	payroll	finance.payroll.components.manage	requirePermission	z.object({ id: z.string().uuid(), idempotencyKey: z.string().min(1).max(200).optional() })	netlify/functions/routes/financeStatutory.ts	383
/api/finance/payroll/components/update	payroll	finance.payroll.components.manage	requirePermission	z.object({     id: z.string().uuid(),     name: z.string().min(1).max(200).optional(),     isStatutory: z.boolean().optional(),     isTaxable: z.boolean().optional(),     reducesChargeable: z.boolean().optional(),     glAccountCode: z.string().max(50).nullable().optional(),     costAllocationRequired: z.boolean().optional(),     idempotencyKey: z.string().min(1).max(200).optional(),   })	netlify/functions/routes/financeStatutory.ts	363
/api/finance/payroll/control-center/get	payroll	finance.payroll.view_all	requirePermission,userCan	z.object({     window: z.object({       from: z.string().regex(/^\d{4}-\d{2}-\d{2}$/),       to:   z.string().regex(/^\d{4}-\d{2}-\d{2}$/),     })       .refine(w => w.from <= w.to, { message: 'window.from must be on or before window.to' })       .refine(w => (Date.parse(w.to) - Date.parse(w.from)) <= 366 * 86_400_000, {         message: 'window may not exceed 366 days',       }),     payGroupIds: z.array(z.uuid()).max(25).optional(),     register: z.object({       tab:    z.enum(['all', 'attention', 'approval', 'ready', 'released']).optional(),       search: z.string().trim().max(100).optional(),       cursor: z.string().max(1000).optional(),       limit:  z.number().int().min(1).max(25).optional(),     }).optional(),   })	netlify/functions/routes/financePayroll.ts	177
/api/finance/payroll/exports/download	payroll	finance.payroll.export	requirePermission	z.object({     exportId: z.uuid(),     idempotencyKey: z.string().trim().min(1).max(200),   })	netlify/functions/routes/financePayroll.ts	1539
/api/finance/payroll/exports/list	payroll	finance.payroll.view_all	requirePermission	z.object({ runId: z.uuid() })	netlify/functions/routes/financePayroll.ts	605
/api/finance/payroll/findings/assign	payroll	finance.payroll.finding.assign	requirePermission	z.object({     id: z.uuid(),     expectedVersion: z.number().int().positive(),     idempotencyKey: z.string().trim().min(1).max(200),     assigneeId: z.string().min(1).max(200),     note: z.string().trim().max(1000).optional(),   })	netlify/functions/routes/financePayroll.ts	1276
/api/finance/payroll/findings/comment	payroll	finance.payroll.view_all	requirePermission	z.object({     findingId:       z.uuid(),     idempotencyKey:  z.string().trim().min(1).max(200),     body:            z.string().trim().min(1).max(4000),     expectedVersion: z.number().int().positive().optional(),   })	netlify/functions/routes/financePayroll.ts	1455
/api/finance/payroll/findings/detail	payroll	finance.payroll.view_all	requirePermission	z.object({     findingId:     z.uuid(),     activityCursor: z.string().max(200).optional(),     activityLimit: z.number().int().min(1).max(100).optional(),   })	netlify/functions/routes/financePayroll.ts	1409
/api/finance/payroll/findings/escalate	payroll	finance.payroll.finding.assign	requirePermission	z.object({     findingId:       z.uuid(),     expectedVersion: z.number().int().positive(),     idempotencyKey:  z.string().trim().min(1).max(200),     assigneeId:      z.string().min(1).max(200),     note:            z.string().trim().max(1000).optional(),   })	netlify/functions/routes/financePayroll.ts	1429
/api/finance/payroll/findings/get	payroll	finance.payroll.view_all	requirePermission	z.object({ id: z.uuid() })	netlify/functions/routes/financePayroll.ts	1263
/api/finance/payroll/findings/list	payroll	finance.payroll.view_all	requirePermission	z.object({     runId: z.uuid(),     calculationVersionId: z.uuid().optional(),     state: z.enum(['open', 'in_progress', 'resolved', 'waived']).optional(),     severity: z.enum(['info', 'warning', 'blocker']).optional(),     limit: z.number().int().min(1).max(200).optional(),     offset: z.number().int().min(0).optional(),   })	netlify/functions/routes/financePayroll.ts	1170
/api/finance/payroll/findings/reopen	payroll	finance.payroll.finding.reopen	requirePermission	z.object({     id: z.uuid(),     expectedVersion: z.number().int().positive(),     idempotencyKey: z.string().trim().min(1).max(200),     reason: z.string().trim().min(1).max(2000),   })	netlify/functions/routes/financePayroll.ts	1348
/api/finance/payroll/findings/resolve	payroll	finance.payroll.finding.resolve	requirePermission	z.object({     id: z.uuid(),     expectedVersion: z.number().int().positive(),     idempotencyKey: z.string().trim().min(1).max(200),     note: z.string().trim().min(1).max(2000),     evidence: z.record(z.string(), z.unknown()),   })	netlify/functions/routes/financePayroll.ts	1300
/api/finance/payroll/findings/waive	payroll	finance.payroll.finding.waive	requirePermission	z.object({     id: z.uuid(),     expectedVersion: z.number().int().positive(),     idempotencyKey: z.string().trim().min(1).max(200),     reason: z.string().trim().min(1).max(2000),     expiresAt: z.iso.datetime().optional(),   })	netlify/functions/routes/financePayroll.ts	1324
/api/finance/payroll/findings/work-queue	payroll	finance.payroll.view_all	requirePermission	z.object({     cursor:        z.string().max(200).optional(),     limit:         z.number().int().min(1).max(100).default(25),     tab:           z.enum(['all', 'approvals', 'blockers', 'warnings', 'resolved']).optional(),     kinds:         z.array(z.enum(['approval', 'blocker', 'warning'])).optional(),     severities:    z.array(z.enum(['critical', 'high', 'medium', 'low'])).optional(),     states:        z.array(z.enum(['open', 'in_progress', 'resolved', 'waived'])).optional(),     runIds:        z.array(z.uuid()).optional(),     ownerId:       z.string().max(200).optional(),     search:        z.string().trim().max(200).optional(),     selectedId:    z.string().max(220).optional(),     activityCursor: z.string().max(200).optional(),     activityLimit: z.number().int().min(1).max(100).optional(),   })	netlify/functions/routes/financePayroll.ts	1376
/api/finance/payroll/gl/get	payroll	finance.payroll.gl.preview	requirePermission	z.object({ runId: z.uuid() })	netlify/functions/routes/financePayroll.ts	1076
/api/finance/payroll/gl/post	payroll	finance.payroll.gl.post	requirePermission	z.object({     runId: z.uuid(),     idempotencyKey: z.string().trim().min(1).max(200),   })	netlify/functions/routes/financePayroll.ts	1035
/api/finance/payroll/gl/preview	payroll	finance.payroll.gl.preview	requirePermission	z.object({ runId: z.uuid() })	netlify/functions/routes/financePayroll.ts	1021
/api/finance/payroll/gl/reverse	payroll	finance.payroll.gl.post	requirePermission	z.object({     runId: z.uuid(),     reason: z.string().min(1),     idempotencyKey: z.string().trim().min(1).max(200),   })	netlify/functions/routes/financePayroll.ts	1055
/api/finance/payroll/inputs/list	payroll	finance.payroll.view_all	requirePermission	z.object({ runId: z.uuid() })	netlify/functions/routes/financePayroll.ts	328
/api/finance/payroll/loans/cancel	payroll	finance.payroll.loans.manage	requirePermission	z.object({ id: z.uuid(), reason: z.string().max(500).optional() })	netlify/functions/routes/financePayroll.ts	818
/api/finance/payroll/loans/create	payroll	finance.payroll.loans.manage	requirePermission	z.object({     employeeId:        z.string().min(1),     loanType:          z.enum(['loan', 'advance']),     principal:         z.number().positive(),     interestAmount:    z.number().nonnegative().optional(),     installmentAmount: z.number().positive(),     startPeriod:       z.string().regex(/^\d{4}-\d{2}-\d{2}$/).nullable().optional(),     reason:            z.string().max(500).nullable().optional(),     notes:             z.string().max(1000).nullable().optional(),   })	netlify/functions/routes/financePayroll.ts	776
/api/finance/payroll/loans/get	payroll	finance.payroll.view_all	requirePermission	z.object({ id: z.uuid() })	netlify/functions/routes/financePayroll.ts	764
/api/finance/payroll/loans/list	payroll	finance.payroll.view_all	requirePermission	z.object({ employeeId: z.string().optional(), status: z.string().optional() })	netlify/functions/routes/financePayroll.ts	753
/api/finance/payroll/loans/settle	payroll	finance.payroll.loans.manage	requirePermission	z.object({ id: z.uuid() })	netlify/functions/routes/financePayroll.ts	807
/api/finance/payroll/loans/submit	payroll	finance.payroll.loans.manage	requirePermission	z.object({ id: z.uuid(), idempotencyKey: z.string().min(1).max(200) })	netlify/functions/routes/financePayroll.ts	796
/api/finance/payroll/nis/get	payroll	finance.payroll.nis.view	requirePermission	z.object({ id: z.string().uuid() })	netlify/functions/routes/financeNis.ts	49
/api/finance/payroll/nis/list	payroll	finance.payroll.nis.view	requirePermission	z.object({     jurisdiction: z.string().optional(),     nisStatus:    z.string().optional(),     employeeId:   z.string().optional(),   })	netlify/functions/routes/financeNis.ts	30
/api/finance/payroll/nis/reject	payroll	finance.payroll.nis.verify	requirePermission	z.object({     id:     z.string().uuid(),     reason: z.string().min(1),   })	netlify/functions/routes/financeNis.ts	88
/api/finance/payroll/nis/verify	payroll	finance.payroll.nis.verify	requirePermission	z.object({     id:               z.string().uuid(),     verificationNote: z.string().nullable().optional(),   })	netlify/functions/routes/financeNis.ts	66
/api/finance/payroll/overrides/add	payroll	finance.payroll.worksheet.override	requirePermission	z.object({     runId: z.uuid(),     employeeId: z.string().min(1),     label: z.string().min(1).max(80),     amount: z.number().positive(),     kind: z.enum(['earning', 'deduction']),     isTaxable: z.boolean().optional(),     reducesChargeable: z.boolean().optional(),     reason: z.string().min(1).max(500),   })	netlify/functions/routes/financePayroll.ts	832
/api/finance/payroll/overrides/add-bulk	payroll	finance.payroll.worksheet.override	requirePermission	z.object({     runId: z.uuid(),     employeeIds: z.array(z.string().min(1)).min(1).max(BULK_OVERRIDE_MAX),     label: z.string().min(1).max(80),     amount: z.number().positive(),     kind: z.enum(['earning', 'deduction']),     isTaxable: z.boolean().optional(),     reducesChargeable: z.boolean().optional(),     reason: z.string().min(1).max(500),   })	netlify/functions/routes/financePayroll.ts	894
/api/finance/payroll/overrides/list	payroll	finance.payroll.view_all	requirePermission	z.object({ runId: z.uuid() })	netlify/functions/routes/financePayroll.ts	925
/api/finance/payroll/overrides/remove	payroll	finance.payroll.worksheet.override	requirePermission	z.object({ overrideId: z.uuid() })	netlify/functions/routes/financePayroll.ts	914
/api/finance/payroll/overtime-rules/create	payroll	finance.payroll.overtime.rules.manage	requirePermission	z.object({     code: z.string().min(1).max(20),     eventType: z.enum(['regular_overtime', 'public_holiday', 'rest_day', 'callout', 'night_shift']),     multiplier: z.number().positive(),     minimumHours: z.number().positive().nullable().optional(),     effectiveFrom: z.string().regex(/^\d{4}-\d{2}-\d{2}$/),     effectiveTo: z.string().regex(/^\d{4}-\d{2}-\d{2}$/).nullable().optional(),   })	netlify/functions/routes/financePayroll.ts	722
/api/finance/payroll/overtime-rules/list	payroll	finance.payroll.view_all	requirePermission		netlify/functions/routes/financePayroll.ts	713
/api/finance/payroll/overtime-rules/set-active	payroll	finance.payroll.overtime.rules.manage	requirePermission	z.object({ id: z.uuid(), active: z.boolean() })	netlify/functions/routes/financePayroll.ts	740
/api/finance/payroll/pay-groups/assign	payroll	finance.payroll.paygroups.manage	requirePermission	z.object({     employeeId: z.string().min(1),     payGroupId: z.uuid(),     effectiveFrom: z.string().regex(/^\d{4}-\d{2}-\d{2}$/),     effectiveTo: z.string().regex(/^\d{4}-\d{2}-\d{2}$/).nullable().optional(),   })	netlify/functions/routes/financePayroll.ts	990
/api/finance/payroll/pay-groups/create	payroll	finance.payroll.paygroups.manage	requirePermission	z.object({     code: z.string().min(1).max(20),     name: z.string().min(1).max(120),     frequency: z.enum(['weekly', 'fortnightly', 'semi_monthly', 'monthly']),     defaultPayDay: z.number().int().optional(),     defaultCutoffOffsetDays: z.number().int().optional(),     statutoryCountry: z.string().max(4).optional(),   })	netlify/functions/routes/financePayroll.ts	972
/api/finance/payroll/pay-groups/get	payroll	finance.payroll.view_all	requirePermission	z.object({ id: z.uuid() })	netlify/functions/routes/financePayroll.ts	960
/api/finance/payroll/pay-groups/list	payroll	finance.payroll.view_all	requirePermission	z.object({ activeOnly: z.boolean().optional() })	netlify/functions/routes/financePayroll.ts	938
/api/finance/payroll/pay-groups/members	payroll	finance.payroll.view_all	requirePermission	z.object({ payGroupId: z.uuid() })	netlify/functions/routes/financePayroll.ts	1006
/api/finance/payroll/payslip-templates/approve	payroll	finance.payroll.templates.approve	requirePermission	z.object({     id:      z.string().uuid(),     comment: z.string().trim().optional(),   })	netlify/functions/routes/financePayslipTemplates.ts	104
/api/finance/payroll/payslip-templates/create	payroll	finance.payroll.templates.manage	requirePermission	z.object({     name:   z.string().trim().min(1).max(120),     design: zDesign,   })	netlify/functions/routes/financePayslipTemplates.ts	50
/api/finance/payroll/payslip-templates/create-version	payroll	finance.payroll.templates.manage	requirePermission	z.object({ id: z.string().uuid() })	netlify/functions/routes/financePayslipTemplates.ts	144
/api/finance/payroll/payslip-templates/delete	payroll	finance.payroll.templates.manage	requirePermission	z.object({ id: z.string().uuid() })	netlify/functions/routes/financePayslipTemplates.ts	84
/api/finance/payroll/payslip-templates/editor-state/get	payroll	finance.payroll.templates.manage	requirePermission		netlify/functions/routes/financePayslipTemplates.ts	155
/api/finance/payroll/payslip-templates/editor-state/save	payroll	finance.payroll.templates.manage	requirePermission	z.object({     draftDesign: zDesign.nullable().optional(),     openRef:     zOpenRef.nullable().optional(),   })	netlify/functions/routes/financePayslipTemplates.ts	164
/api/finance/payroll/payslip-templates/get	payroll	finance.payroll.templates.view	requirePermission	z.object({ id: z.string().uuid() })	netlify/functions/routes/financePayslipTemplates.ts	39
/api/finance/payroll/payslip-templates/list	payroll	finance.payroll.templates.view	requirePermission		netlify/functions/routes/financePayslipTemplates.ts	32
/api/finance/payroll/payslip-templates/request-changes	payroll	finance.payroll.templates.approve	requirePermission	z.object({     id:      z.string().uuid(),     comment: z.string().trim().min(1, 'A reason is required when requesting changes.'),   })	netlify/functions/routes/financePayslipTemplates.ts	124
/api/finance/payroll/payslip-templates/set-default	payroll	finance.payroll.templates.manage	requirePermission	z.object({ id: z.string().uuid() })	netlify/functions/routes/financePayslipTemplates.ts	75
/api/finance/payroll/payslip-templates/submit	payroll	finance.payroll.templates.manage	requirePermission	z.object({ id: z.string().uuid(), idempotencyKey: z.string().min(1).max(200) })	netlify/functions/routes/financePayslipTemplates.ts	95
/api/finance/payroll/payslip-templates/update	payroll	finance.payroll.templates.manage	requirePermission	z.object({     id:     z.string().uuid(),     name:   z.string().trim().min(1).max(120).optional(),     design: zDesign.optional(),   })	netlify/functions/routes/financePayslipTemplates.ts	62
/api/finance/payroll/payslips/deliver	payroll	finance.payroll.payslips.distribute	requirePermission	z.object({ payslipId: z.uuid() })	netlify/functions/routes/financePayroll.ts	688
/api/finance/payroll/payslips/deliver-run	payroll	finance.payroll.payslips.distribute	requirePermission	z.object({ runId: z.uuid() })	netlify/functions/routes/financePayroll.ts	676
/api/finance/payroll/payslips/deliveries/list	payroll	finance.payroll.view_all	requirePermission	z.object({ runId: z.uuid() })	netlify/functions/routes/financePayroll.ts	700
/api/finance/payroll/payslips/generate	payroll	finance.payroll.view_all	requirePermission	z.object({ runId: z.uuid() })	netlify/functions/routes/financePayroll.ts	636
/api/finance/payroll/payslips/get	payroll	finance.payroll.view_own	requirePermission,userCan	z.object({ id: z.uuid() })	netlify/functions/routes/financePayroll.ts	1111
/api/finance/payroll/payslips/list	payroll	finance.payroll.view_all	requirePermission	z.object({ runId: z.uuid() })	netlify/functions/routes/financePayroll.ts	1088
/api/finance/payroll/payslips/my	payroll	finance.payroll.view_own	requirePermission		netlify/functions/routes/financePayroll.ts	1101
/api/finance/payroll/payslips/notify	payroll	finance.payroll.run.manage	requirePermission	z.object({ runId: z.uuid() })	netlify/functions/routes/financePayroll.ts	623
/api/finance/payroll/payslips/render	payroll	finance.payroll.payslips.generate	requirePermission	z.object({ payslipId: z.uuid() })	netlify/functions/routes/financePayroll.ts	663
/api/finance/payroll/payslips/render-run	payroll	finance.payroll.payslips.generate	requirePermission	z.object({ runId: z.uuid() })	netlify/functions/routes/financePayroll.ts	650
/api/finance/payroll/payslips/signed-url	payroll	finance.payroll.view_own	requirePermission,userCan	z.object({ id: z.uuid() })	netlify/functions/routes/financePayroll.ts	1130
/api/finance/payroll/policies/activate	payroll	finance.payroll.policies.activate	requirePermission	z.object({ policyId: z.string().uuid(), versionId: z.string().uuid(), idempotencyKey: requestKey }).strict()	netlify/functions/routes/financePayPolicies.ts	164
/api/finance/payroll/policies/copy-version	payroll	finance.payroll.policies.draft	requirePermission	z.object({     policyId: z.string().uuid(), sourceVersionId: z.string().uuid(), effectiveFrom: date,     changeSummary: z.string().trim().min(3).max(500), idempotencyKey: requestKey,   }).strict()	netlify/functions/routes/financePayPolicies.ts	130
/api/finance/payroll/policies/create-draft	payroll	finance.payroll.policies.draft	requirePermission	draft.and(z.object({ idempotencyKey: requestKey }).strict())	netlify/functions/routes/financePayPolicies.ts	110
/api/finance/payroll/policies/get	payroll	finance.payroll.policies.view	requirePermission	z.object({ policyId: z.string().uuid(), versionId: z.string().uuid().optional() }).strict()	netlify/functions/routes/financePayPolicies.ts	100
/api/finance/payroll/policies/list	payroll	finance.payroll.policies.view	requirePermission	z.object({     search: z.string().trim().max(120).optional(), status: z.enum(['draft', 'active', 'retired']).optional(),     cursor: z.string().max(100).optional(), limit: z.number().int().min(1).max(100).optional(),   }).strict()	netlify/functions/routes/financePayPolicies.ts	89
/api/finance/payroll/policies/pay-groups/assign	payroll	finance.payroll.policies.assign	requirePermission	z.object({     policyId: z.string().uuid(), versionId: z.string().uuid(), payGroupId: z.string().uuid(),     effectiveFrom: date, effectiveTo: date.nullable().optional(), idempotencyKey: requestKey,   }).strict()	netlify/functions/routes/financePayPolicies.ts	230
/api/finance/payroll/policies/pay-groups/end-assignment	payroll	finance.payroll.policies.assign	requirePermission	z.object({     policyId: z.string().uuid(), assignmentId: z.string().uuid(), effectiveTo: date,     reason: z.string().trim().min(3).max(500), idempotencyKey: requestKey,   }).strict()	netlify/functions/routes/financePayPolicies.ts	241
/api/finance/payroll/policies/pay-groups/list	payroll	finance.payroll.policies.view	requirePermission	z.object({ policyId: z.string().uuid() }).strict()	netlify/functions/routes/financePayPolicies.ts	220
/api/finance/payroll/policies/preflight	payroll	finance.payroll.policies.view	requirePermission	z.object({ versionId: z.string().uuid() }).strict()	netlify/functions/routes/financePayPolicies.ts	145
/api/finance/payroll/policies/reject	payroll	finance.payroll.policies.view	requirePermission	z.object({     workflowId: z.string().uuid(), taskId: z.string().uuid(), reason: z.string().trim().min(3).max(500),   }).strict()	netlify/functions/routes/financePayPolicies.ts	172
/api/finance/payroll/policies/retire	payroll	finance.payroll.policies.activate	requirePermission	z.object({     policyId: z.string().uuid(), effectiveTo: date, reason: z.string().trim().min(3).max(500), idempotencyKey: requestKey,   }).strict()	netlify/functions/routes/financePayPolicies.ts	182
/api/finance/payroll/policies/submit	payroll	finance.payroll.policies.submit	requirePermission	z.object({     versionId: z.string().uuid(), idempotencyKey: requestKey,     certifications: z.object({ rulesReviewed: z.literal(true), sourcesOwned: z.literal(true), statutoryPaymentReady: z.literal(true) }).strict(),   }).strict()	netlify/functions/routes/financePayPolicies.ts	153
/api/finance/payroll/policies/update-draft	payroll	finance.payroll.policies.draft	requirePermission	draft.and(z.object({     policyId: z.string().uuid(), versionId: z.string().uuid(), expectedLockVersion: z.number().int().min(1), idempotencyKey: requestKey,   }).strict())	netlify/functions/routes/financePayPolicies.ts	119
/api/finance/payroll/policies/versions/compare	payroll	finance.payroll.policies.view	requirePermission	z.object({ policyId: z.string().uuid(), fromVersionId: z.string().uuid(), toVersionId: z.string().uuid() }).strict()	netlify/functions/routes/financePayPolicies.ts	212
/api/finance/payroll/policies/versions/get	payroll	finance.payroll.policies.view	requirePermission	z.object({ policyId: z.string().uuid(), versionId: z.string().uuid() }).strict()	netlify/functions/routes/financePayPolicies.ts	202
/api/finance/payroll/policies/versions/list	payroll	finance.payroll.policies.view	requirePermission	z.object({ policyId: z.string().uuid() }).strict()	netlify/functions/routes/financePayPolicies.ts	192
/api/finance/payroll/reason-codes/list	payroll	finance.payroll.view_all	requirePermission	z.object({ runType: z.enum(['scheduled', 'off_cycle', 'correction', 'final_pay']).optional() })	netlify/functions/routes/financePayroll.ts	949
/api/finance/payroll/releases/confirm-funding	payroll	finance.payroll.funding.approve	requirePermission	z.object({     runId: z.uuid(),     idempotencyKey: z.string().trim().min(1).max(200),     confirmedAmount: z.number().nonnegative(),     confirmationReference: z.string().trim().min(1).max(200),     accountReference: z.string().trim().min(1).max(100).optional(),     note: z.string().trim().max(2000).optional(),   })	netlify/functions/routes/financePayroll.ts	488
/api/finance/payroll/releases/get-certificate	payroll	finance.payroll.view_all	requirePermission	z.object({ runId: z.uuid() })	netlify/functions/routes/financePayroll.ts	527
/api/finance/payroll/releases/preflight	payroll	finance.payroll.view_all	requirePermission	z.object({ runId: z.uuid() })	netlify/functions/routes/financePayroll.ts	476
/api/finance/payroll/releases/release	payroll	finance.payroll.release	requirePermission	z.object({     runId: z.uuid(),     idempotencyKey: z.string().trim().min(1).max(200),   })	netlify/functions/routes/financePayroll.ts	510
/api/finance/payroll/reports/list	payroll	finance.payroll.reports.view	requirePermission		netlify/functions/routes/financePayroll.ts	1645
/api/finance/payroll/reports/run	payroll	finance.payroll.reports.view	requirePermission	z.object({     report: z.string().min(1),     params: z.record(z.string(), z.unknown()).optional(),   })	netlify/functions/routes/financePayroll.ts	1149
/api/finance/payroll/run-lines/list	payroll	finance.payroll.view_all	requirePermission	z.object({ runId: z.uuid() })	netlify/functions/routes/financePayroll.ts	343
/api/finance/payroll/run-views/create	payroll	finance.payroll.view_all	requirePermission,userCan	z.object({     name:    z.string().trim().min(1).max(80),     scope:   z.enum(['personal', 'team']),     filters: z.record(z.string(), z.unknown()).optional().default({}),   })	netlify/functions/routes/financePayroll.ts	1577
/api/finance/payroll/run-views/delete	payroll	finance.payroll.view_all	requirePermission,userCan	z.object({ id: z.uuid() })	netlify/functions/routes/financePayroll.ts	1611
/api/finance/payroll/run-views/list	payroll	finance.payroll.view_all	requirePermission		netlify/functions/routes/financePayroll.ts	1567
/api/finance/payroll/run-views/update	payroll	finance.payroll.view_all	requirePermission,userCan	z.object({     id:      z.uuid(),     name:    z.string().trim().min(1).max(80).optional(),     filters: z.record(z.string(), z.unknown()).optional(),   })	netlify/functions/routes/financePayroll.ts	1594
/api/finance/payroll/runs/approve	payroll	finance.payroll.approve	requirePermission	z.object({ id: z.uuid(), comment: z.string().max(2000).optional() })	netlify/functions/routes/financePayroll.ts	430
/api/finance/payroll/runs/audit/list	payroll	finance.payroll.view_all	requirePermission	z.object({ runId: z.uuid() })	netlify/functions/routes/financePayroll.ts	371
/api/finance/payroll/runs/calculate	payroll	finance.payroll.run.manage	requirePermission	z.object({     id: z.uuid(),     idempotencyKey: z.string().trim().min(1).max(200),   })	netlify/functions/routes/financePayroll.ts	310
/api/finance/payroll/runs/calendar	payroll	finance.payroll.view_all	requirePermission	z.object({     from:        z.string().regex(DATE, 'from must be YYYY-MM-DD'),     to:          z.string().regex(DATE, 'to must be YYYY-MM-DD'),     payGroupIds: z.array(z.uuid()).max(50).optional(),   }).refine(d => d.from <= d.to, { message: 'from must not be after to' })	netlify/functions/routes/financePayroll.ts	1629
/api/finance/payroll/runs/certify	payroll	finance.payroll.certify	requirePermission	z.object({     runId: z.uuid(),     idempotencyKey: z.string().trim().min(1).max(200),     attestations: z.object({       populationReconciled: z.literal(true),       inputsReviewed: z.literal(true),       statutoryReviewed: z.literal(true),       variancesReviewed: z.literal(true),       paymentReadinessReviewed: z.literal(true),       glReadinessReviewed: z.literal(true),     }),     note: z.string().trim().max(2000).optional(),   })	netlify/functions/routes/financePayroll.ts	387
/api/finance/payroll/runs/create	payroll	finance.payroll.run.manage	requirePermission	z.object({     idempotencyKey: z.string().trim().min(1).max(200),     runType:        z.enum(['scheduled', 'off_cycle', 'correction', 'final_pay']),     periodStart:    z.string().regex(/^\d{4}-\d{2}-\d{2}$/),     periodEnd:      z.string().regex(/^\d{4}-\d{2}-\d{2}$/),     sequenceNo:     z.number().int().positive().optional(),     sourceRunId:    z.uuid().optional(),     payFrequency:   z.enum(['monthly', 'weekly', 'fortnightly', 'semi_monthly']).optional(),     weeksInPeriod:  z.number().positive().optional(),     payGroupId:     z.uuid().optional(),     payDate:        z.string().regex(/^\d{4}-\d{2}-\d{2}$/).optional(),     cutOffDate:     z.string().regex(/^\d{4}-\d{2}-\d{2}$/).optional(),     // Slice 1 run metadata     reasonCode:          z.string().trim().min(1).max(64).optional(),     payrollOwnerId:      z.string().trim().min(1).max(64).optional(),     otCutoffAt:          z.string().regex(/^\d{4}-\d{2}-\d{2}T\d{2}:\d{2}(:\d{2})?$/).optional(),     approvalDeadlineAt:  z.string().regex(/^\d{4}-\d{2}-\d{2}T\d{2}:\d{2}(:\d{2})?$/).optional(),     fundingDate:         z.string().regex(/^\d{4}-\d{2}-\d{2}$/).optional(),     releaseWindow:       z.string().trim().min(1).max(120).optional(),     internalDescription: z.string().trim().max(2000).optional(),   })	netlify/functions/routes/financePayroll.ts	261
/api/finance/payroll/runs/export	payroll	finance.payroll.export	requirePermission	z.object({     id: z.uuid(),     idempotencyKey: z.string().trim().min(1).max(200),     format: z.enum(['csv', 'json']).optional(),   })	netlify/functions/routes/financePayroll.ts	581
/api/finance/payroll/runs/get	payroll	finance.payroll.view_all	requirePermission	z.object({ id: z.uuid() })	netlify/functions/routes/financePayroll.ts	231
/api/finance/payroll/runs/input-readiness	payroll	finance.payroll.view_all	requirePermission	z.object({     payGroupId:  z.uuid(),     periodStart: z.string().regex(DATE, 'periodStart must be YYYY-MM-DD'),     periodEnd:   z.string().regex(DATE, 'periodEnd must be YYYY-MM-DD'),   }).refine(d => d.periodStart <= d.periodEnd, {     message: 'periodStart must not be after periodEnd', path: ['periodEnd'],   })	netlify/functions/routes/financePayroll.ts	1516
/api/finance/payroll/runs/list	payroll	finance.payroll.view_all	requirePermission	z.object({     cursor:      z.string().max(2000).optional(),     limit:       z.number().int().min(1).max(100).optional(),     search:      z.string().trim().max(200).optional(),     states:      z.array(z.enum([       'draft','input_locked','calculation_failed','calculated',       'pending_approval','returned','approved','locked','released','exported','cancelled',     ])).optional(),     runTypes:    z.array(z.enum(['scheduled','off_cycle','correction','final_pay'])).optional(),     payGroupIds: z.array(z.uuid()).max(50).optional(),     periodFrom:  z.string().regex(DATE, 'periodFrom must be YYYY-MM-DD').optional(),     periodTo:    z.string().regex(DATE, 'periodTo must be YYYY-MM-DD').optional(),     sort:        z.enum(['pay_date_desc','pay_date_asc','updated_desc']).optional(),     tab:         z.enum(['all','in_progress','approval','attention','released']).optional(),   }).refine(d => !d.periodFrom || !d.periodTo || d.periodFrom <= d.periodTo, {     message: 'periodFrom must not be after periodTo',   })	netlify/functions/routes/financePayroll.ts	146
/api/finance/payroll/runs/lock	payroll	finance.payroll.lock	requirePermission	z.object({     id: z.uuid(),     idempotencyKey: z.string().trim().min(1).max(200),   })	netlify/functions/routes/financePayroll.ts	461
/api/finance/payroll/runs/lock-inputs	payroll	finance.payroll.run.manage	requirePermission	z.object({     id: z.uuid(),     idempotencyKey: z.string().trim().min(1).max(200),   })	netlify/functions/routes/financePayroll.ts	292
/api/finance/payroll/runs/policy-evidence	payroll	finance.payroll.view_all	requirePermission	z.object({     runId:           z.uuid(),     inputSnapshotId: z.uuid().optional(),   })	netlify/functions/routes/financePayroll.ts	247
/api/finance/payroll/runs/population-preview	payroll	finance.payroll.view_all	requirePermission	z.object({     periodMonth: z.string().regex(/^\d{4}-\d{2}-\d{2}$/).optional(),   })	netlify/functions/routes/financePayroll.ts	1481
/api/finance/payroll/runs/population-reconciliation	payroll	finance.payroll.view_all	requirePermission	z.object({     payGroupId:  z.uuid(),     periodStart: z.string().regex(DATE, 'periodStart must be YYYY-MM-DD'),     periodEnd:   z.string().regex(DATE, 'periodEnd must be YYYY-MM-DD'),   }).refine(d => d.periodStart <= d.periodEnd, {     message: 'periodStart must not be after periodEnd', path: ['periodEnd'],   })	netlify/functions/routes/financePayroll.ts	1496
/api/finance/payroll/runs/reject	payroll	finance.payroll.approve	requirePermission	z.object({     id:     z.uuid(),     reason: z.string().min(1, 'Reason is required').max(500),   })	netlify/functions/routes/financePayroll.ts	445
/api/finance/payroll/runs/reopen	payroll	finance.payroll.lock	requirePermission	z.object({     id: z.uuid(),     reason: z.string().trim().min(1, 'Reason is required'),     idempotencyKey: z.string().trim().min(1).max(200),   })	netlify/functions/routes/financePayroll.ts	547
/api/finance/payroll/runs/set-template	payroll	finance.payroll.run.manage	requirePermission	z.object({     runId:      z.uuid(),     templateId: z.uuid().nullable().optional(),   })	netlify/functions/routes/financePayroll.ts	565
/api/finance/payroll/runs/submit	payroll	finance.payroll.run.manage	requirePermission	z.object({ id: z.uuid(), idempotencyKey: z.string().min(1).max(200) })	netlify/functions/routes/financePayroll.ts	415
/api/finance/payroll/runs/workspace	payroll	finance.payroll.view_all	requirePermission	z.object({ id: z.uuid() })	netlify/functions/routes/financePayroll.ts	1187
/api/finance/payroll/warnings/list	payroll	finance.payroll.view_all	requirePermission	z.object({ runId: z.uuid() })	netlify/functions/routes/financePayroll.ts	358
/api/finance/pickers/cost-centres	finance	finance.ap.view	requirePermission	z.object({ search: z.string().max(100).optional() })	netlify/functions/routes/financePickers.ts	37
/api/finance/pickers/gl-accounts	finance	finance.ap.view	requirePermission	z.object({ search: z.string().max(100).optional() })	netlify/functions/routes/financePickers.ts	26
/api/finance/pickers/payment-terms	finance	finance.ap.view	requirePermission	z.object({})	netlify/functions/routes/financePickers.ts	59
/api/finance/pickers/tax-codes	finance	finance.ap.view	requirePermission	z.object({})	netlify/functions/routes/financePickers.ts	48
/api/finance/pickers/vendors	finance	finance.ap.view	requirePermission	z.object({ search: z.string().max(100).optional() })	netlify/functions/routes/financePickers.ts	70
/api/finance/remittances/approve	finance	finance.remittances.approve	requirePermission	z.object({ id: z.string().uuid() })	netlify/functions/routes/financeRemittances.ts	186
/api/finance/remittances/audit/list	finance	finance.remittances.view	requirePermission	z.object({ id: z.string().uuid() })	netlify/functions/routes/financeRemittances.ts	288
/api/finance/remittances/cancel	finance	finance.remittances.manage	requirePermission	z.object({     id:     z.string().uuid(),     reason: z.string().trim().min(1, 'A reason is required to cancel a remittance.').max(500),   })	netlify/functions/routes/financeRemittances.ts	251
/api/finance/remittances/compute	finance	finance.remittances.view	requirePermission	z.object({     payrollRunId: z.string().uuid(),     authority:    z.enum(AUTHORITY_VALUES),   })	netlify/functions/routes/financeRemittances.ts	127
/api/finance/remittances/create	finance	finance.remittances.manage	requirePermission	z.object({     payrollRunId: z.string().uuid(),     authority:    z.enum(AUTHORITY_VALUES),     dueDate:      z.string().regex(/^\d{4}-\d{2}-\d{2}$/).nullable().optional(),     metadata:     z.record(z.string(), z.unknown()).optional(),   })	netlify/functions/routes/financeRemittances.ts	145
/api/finance/remittances/get	finance	finance.remittances.view	requirePermission	z.object({ id: z.string().uuid() })	netlify/functions/routes/financeRemittances.ts	78
/api/finance/remittances/lines/list	finance	finance.remittances.view	requirePermission	z.object({ remittanceId: z.string().uuid() })	netlify/functions/routes/financeRemittances.ts	90
/api/finance/remittances/lines/list-all	finance	finance.remittances.view	requirePermission	z.object({     authority:   z.enum(AUTHORITY_VALUES).optional(),     periodYear:  z.number().int().optional(),     periodMonth: z.number().int().min(1).max(12).optional(),     limit:       z.number().int().min(1).max(2000).optional(),   })	netlify/functions/routes/financeRemittances.ts	102
/api/finance/remittances/list	finance	finance.remittances.view	requirePermission	z.object({     payrollRunId: z.string().uuid().optional(),     authority:    z.enum(AUTHORITY_VALUES).optional(),     status:       z.enum(STATUS_VALUES).optional(),     periodYear:   z.number().int().optional(),     periodMonth:  z.number().int().min(1).max(12).optional(),     search:       z.string().max(100).optional(),   })	netlify/functions/routes/financeRemittances.ts	49
/api/finance/remittances/mark-filed	finance	finance.remittances.mark_filed	requirePermission	z.object({     id:                 z.string().uuid(),     filedDate:          z.string().regex(/^\d{4}-\d{2}-\d{2}$/).optional(),     authorityReference: z.string().max(200).optional(),     filingMethod:       z.enum(FILING_METHOD_VALUES).optional(),     receiptReference:   z.string().max(200).optional(),     filedNotes:         z.string().max(2000).optional(),   })	netlify/functions/routes/financeRemittances.ts	223
/api/finance/remittances/mark-paid	finance	finance.remittances.approve	requirePermission	z.object({     id:                 z.string().uuid(),     paidDate:           z.string().regex(/^\d{4}-\d{2}-\d{2}$/).optional(),     authorityReference: z.string().max(200).optional(),   })	netlify/functions/routes/financeRemittances.ts	201
/api/finance/remittances/reports/list	finance	finance.remittances.reports.view	requirePermission	z.object({     periodYear: z.number().int().optional(),     authority:  z.enum(AUTHORITY_VALUES).optional(),     status:     z.enum(STATUS_VALUES).optional(),   })	netlify/functions/routes/financeRemittances.ts	269
/api/finance/remittances/reports/run	finance	finance.remittances.reports.view	requirePermission	z.object({     report:     z.enum(['remittance_summary', 'remittance_lines', 'authority_filing_status']),     periodYear: z.number().int().optional(),     authority:  z.enum(AUTHORITY_VALUES).optional(),     status:     z.enum(STATUS_VALUES).optional(),   })	netlify/functions/routes/financeRemittances.ts	299
/api/finance/remittances/submit	finance	finance.remittances.manage	requirePermission	z.object({ id: z.string().uuid(), idempotencyKey: z.string().min(1).max(200) })	netlify/functions/routes/financeRemittances.ts	171
/api/finance/statutory-forms/employer-profile/get	finance	finance.payroll.statutory_forms.view	requirePermission		netlify/functions/routes/financeStatutoryForms.ts	25
/api/finance/statutory-forms/employer-profile/update	finance	finance.payroll.statutory_forms.generate	requirePermission	z.object({     legalName:         z.string().trim().min(1).max(200).optional(),     tradingName:       z.string().trim().max(200).nullable().optional(),     birFileNumber:     z.string().trim().max(40).nullable().optional(),     nisEmployerNumber: z.string().trim().max(40).nullable().optional(),     addressLine1:      z.string().trim().max(200).nullable().optional(),     addressLine2:      z.string().trim().max(200).nullable().optional(),     city:              z.string().trim().max(120).nullable().optional(),     country:           z.string().trim().max(120).optional(),     phone:             z.string().trim().max(40).nullable().optional(),     email:             z.string().trim().max(160).nullable().optional(),   })	netlify/functions/routes/financeStatutoryForms.ts	36
/api/finance/statutory-forms/list	finance	finance.payroll.statutory_forms.view	requirePermission	z.object({     formType:   z.enum(FORM_TYPES).optional(),     taxYear:    z.number().int().optional(),     employeeId: z.string().optional(),   })	netlify/functions/routes/financeStatutoryForms.ts	62
/api/finance/statutory-forms/ni/generate	finance	finance.payroll.statutory_forms.generate	requirePermission	z.object({     year:  z.number().int().min(2000).max(2100),     month: z.number().int().min(1).max(12),   })	netlify/functions/routes/financeStatutoryForms.ts	109
/api/finance/statutory-forms/signed-url	finance	finance.payroll.statutory_forms.view	requirePermission	z.object({ id: z.string().uuid(), which: z.enum(['pdf', 'data']).optional() })	netlify/functions/routes/financeStatutoryForms.ts	125
/api/finance/statutory-forms/td4/generate	finance	finance.payroll.statutory_forms.generate	requirePermission	z.object({ employeeId: z.string().min(1), taxYear: z.number().int().min(2000).max(2100) })	netlify/functions/routes/financeStatutoryForms.ts	81
/api/finance/statutory-forms/td4/generate-year	finance	finance.payroll.statutory_forms.generate	requirePermission	z.object({ taxYear: z.number().int().min(2000).max(2100) })	netlify/functions/routes/financeStatutoryForms.ts	94
/api/finance/statutory/nis-classes/delete	finance	finance.statutory.nis_class.delete	requirePermission	z.object({ id: z.string().uuid() })	netlify/functions/routes/financeStatutory.ts	232
/api/finance/statutory/nis-classes/import	finance	finance.statutory.nis_class.import	requirePermission	z.object({     statutoryVersionId: z.string().uuid(),     rows: z.array(z.object({       classNo: z.number().int().positive(),       weeklyMin: z.number().nonnegative(),       weeklyMax: z.number().nonnegative().nullable().optional(),       assumedAverageWeekly: z.number().nonnegative().nullable().optional(),       employeeWeekly: z.number().nonnegative(),       employerWeekly: z.number().nonnegative(),       classZWeekly: z.number().nonnegative().nullable().optional(),     })).min(1),   })	netlify/functions/routes/financeStatutory.ts	244
/api/finance/statutory/nis-classes/list	finance	finance.statutory.view	requirePermission	z.object({ statutoryVersionId: z.string().uuid() })	netlify/functions/routes/financeStatutory.ts	192
/api/finance/statutory/nis-classes/upsert	finance	finance.statutory.manage	requirePermission	z.object({     statutoryVersionId: z.string().uuid(),     idempotencyKey: z.string().min(1).max(200).optional(),     classes: z.array(z.object({       classNo: z.number().int().positive(),       weeklyMin: z.number().nonnegative(),       weeklyMax: z.number().nonnegative().nullable().optional(),       assumedAverageWeekly: z.number().nonnegative().nullable().optional(),       employeeWeekly: z.number().nonnegative(),       employerWeekly: z.number().nonnegative(),       classZWeekly: z.number().nonnegative().nullable().optional(),     })).min(1),   })	netlify/functions/routes/financeStatutory.ts	203
/api/finance/statutory/reports/list	finance	finance.statutory.reports.view	requirePermission	z.object({ jurisdiction: z.string().optional() })	netlify/functions/routes/financeStatutory.ts	312
/api/finance/statutory/reports/run	finance	finance.statutory.reports.view	requirePermission	z.object({     report: z.enum(['statutory_version_summary', 'nis_class_summary', 'pay_component_map', 'statutory_approval_history']),     jurisdiction: z.string().optional(),     versionId: z.string().uuid().optional(),   })	netlify/functions/routes/financeStatutory.ts	293
/api/finance/statutory/versions/activate	finance	finance.statutory.approve	requirePermission	z.object({ id: z.string().uuid() })	netlify/functions/routes/financeStatutory.ts	166
/api/finance/statutory/versions/approval-timeline	finance	finance.statutory.view	requirePermission	z.object({ id: z.string().uuid() })	netlify/functions/routes/financeStatutory.ts	282
/api/finance/statutory/versions/approve	finance	finance.statutory.approve	requirePermission	z.object({ id: z.string().uuid() })	netlify/functions/routes/financeStatutory.ts	144
/api/finance/statutory/versions/create	finance	finance.statutory.manage	requirePermission	z.object({     effectiveFrom: z.string().regex(/^\d{4}-\d{2}-\d{2}$/),     label: z.string().min(1).max(200),     jurisdiction: z.enum(['TT']).optional(),     currency: z.enum(['TTD']).optional(),     payePersonalAllowance: z.number().nonnegative(),     payeBand1Ceiling: z.number().nonnegative(),     payeBand1Rate: z.number().min(0).max(1),     payeBand2Rate: z.number().min(0).max(1),     hsMonthlyThreshold: z.number().nonnegative(),     hsWeeklyHigh: z.number().nonnegative(),     hsWeeklyLow: z.number().nonnegative(),     nisMonthyCeiling: z.number().nonnegative().nullable().optional(),   })	netlify/functions/routes/financeStatutory.ts	87
/api/finance/statutory/versions/detail	finance	finance.statutory.view	requirePermission	z.object({ id: z.string().uuid() })	netlify/functions/routes/financeStatutory.ts	270
/api/finance/statutory/versions/get	finance	finance.statutory.view	requirePermission	z.object({ id: z.string().uuid() })	netlify/functions/routes/financeStatutory.ts	75
/api/finance/statutory/versions/list	finance	finance.statutory.view	requirePermission	z.object({     jurisdiction: z.string().optional(),     status: z.string().optional(),     activeOnly: z.boolean().optional(),   })	netlify/functions/routes/financeStatutory.ts	60
/api/finance/statutory/versions/reject	finance	finance.statutory.approve	requirePermission	z.object({ id: z.string().uuid(), reason: z.string().trim().min(1, 'A reason is required to reject a rate version.').max(500) })	netlify/functions/routes/financeStatutory.ts	155
/api/finance/statutory/versions/retire	finance	finance.statutory.manage	requirePermission	z.object({ id: z.string().uuid() })	netlify/functions/routes/financeStatutory.ts	177
/api/finance/statutory/versions/submit	finance	finance.statutory.manage	requirePermission	z.object({ id: z.string().uuid(), idempotencyKey: z.string().min(1).max(200) })	netlify/functions/routes/financeStatutory.ts	133
/api/finance/statutory/versions/update	finance	finance.statutory.manage	requirePermission	z.object({     id: z.string().uuid(),     label: z.string().min(1).max(200).optional(),     payePersonalAllowance: z.number().nonnegative().optional(),     payeBand1Ceiling: z.number().nonnegative().optional(),     payeBand1Rate: z.number().min(0).max(1).optional(),     payeBand2Rate: z.number().min(0).max(1).optional(),     hsMonthlyThreshold: z.number().nonnegative().optional(),     hsWeeklyHigh: z.number().nonnegative().optional(),     hsWeeklyLow: z.number().nonnegative().optional(),     nisMonthyCeiling: z.number().nonnegative().nullable().optional(),   })	netlify/functions/routes/financeStatutory.ts	111
/api/get2faStatus	security		requireUser		netlify/functions/routes/auth.ts	538
/api/getAdminStats	hr		requireRole		netlify/functions/routes/attendance.ts	197
/api/getDashboardCharts	hr		requireRole		netlify/functions/routes/attendance.ts	448
/api/getDeptEmployees	hr		requireRole	GetDeptStatsSchema	netlify/functions/routes/attendance.ts	528
/api/getDeptStats	hr		requireRole	GetDeptStatsSchema	netlify/functions/routes/attendance.ts	507
/api/getEmployeeByUsername	hr		requireUser	GetEmployeeSchema	netlify/functions/routes/employees.ts	241
/api/getLiveAttendance	hr		requireRole	GetLiveAttendanceSchema	netlify/functions/routes/attendance.ts	393
/api/getMyChart	hr		requireUser	GetMyChartSchema	netlify/functions/routes/attendance.ts	176
/api/getMyHistory	hr		requireUser	GetMyHistorySchema	netlify/functions/routes/attendance.ts	160
/api/getMyNotifications	communications		requireUser	GetNotifSchema	netlify/functions/routes/notify.ts	58
/api/getMyPermissionOverrides	security		requireUser		netlify/functions/routes/auth.ts	687
/api/getMyPreferences	platform		requireUser		netlify/functions/routes/notify.ts	113
/api/getMyRecentActivity	security		requireUser		netlify/functions/routes/auth.ts	672
/api/getMyStatus	hr		requireUser	GetMyStatusSchema	netlify/functions/routes/attendance.ts	135
/api/getPublicBranding	settings				netlify/functions/routes/settings.ts	15
/api/getRecentAttendance	hr		requireRole	GetRecentAttendanceSchema	netlify/functions/routes/attendance.ts	224
/api/getSettings	settings		requireUser		netlify/functions/routes/settings.ts	23
/api/getTickets	communications		requireUser		netlify/functions/routes/tickets.ts	45
/api/getUnreadCount	platform		requireUser		netlify/functions/routes/notify.ts	149
/api/getWorkHours	settings		requireUser		netlify/functions/routes/settings.ts	45
/api/handoffs/cancel	workflow	workflow.approve	requirePermission		netlify/functions/routes/handoffs.ts	65
/api/handoffs/intake	workflow	workflow.approve	requirePermission	IntakeSchema	netlify/functions/routes/handoffs.ts	88
/api/handoffs/list	workflow	workflow.approve	requirePermission		netlify/functions/routes/handoffs.ts	21
/api/handoffs/retry	workflow	workflow.approve	requirePermission		netlify/functions/routes/handoffs.ts	48
/api/hr/attendance/compute/run	hr	hr.attendance.compute.run	requirePermission	z.object({ recordId: z.string().uuid() })	netlify/functions/routes/hrAttendance.ts	158
/api/hr/attendance/exceptions/list	hr	hr.attendance.exceptions.view	requirePermission,userCan	z.object({     employeeId:  z.string().optional(),     status:      z.string().optional(),     timesheetId: z.string().uuid().optional(),     fromDate:    z.string().optional(),     toDate:      z.string().optional(),     limit:       z.number().int().min(1).max(500).optional(),     offset:      z.number().int().min(0).optional(),   })	netlify/functions/routes/hrAttendance.ts	171
/api/hr/attendance/exceptions/resolve	hr	hr.attendance.exceptions.manage	requirePermission	z.object({ exceptionId: z.string().uuid(), resolveNote: z.string().min(1).max(500) })	netlify/functions/routes/hrAttendance.ts	203
/api/hr/attendance/exceptions/waive	hr	hr.attendance.exceptions.manage	requirePermission	z.object({ exceptionId: z.string().uuid(), waiveReason: z.string().min(1).max(500) })	netlify/functions/routes/hrAttendance.ts	192
/api/hr/attendance/policy/get	hr	hr.attendance.view	requirePermission	z.object({ siteId: z.string().nullable().optional() })	netlify/functions/routes/hrAttendance.ts	305
/api/hr/attendance/punch/in	hr	hr.attendance.punch	requirePermission	z.object({     workDate:  z.string().regex(/^\d{4}-\d{2}-\d{2}$/),     lat:       z.number().nullable().optional(),     lng:       z.number().nullable().optional(),     siteId:    z.string().nullable().optional(),     photoPath: z.string().nullable().optional(),     source:    z.enum(['manual','kiosk','mobile','import']).optional(),     notes:     z.string().max(500).nullable().optional(),   })	netlify/functions/routes/hrAttendance.ts	47
/api/hr/attendance/punch/out	hr	hr.attendance.punch	requirePermission	z.object({     recordId:  z.string().uuid().optional(),     lat:       z.number().nullable().optional(),     lng:       z.number().nullable().optional(),     siteId:    z.string().nullable().optional(),     photoPath: z.string().nullable().optional(),   })	netlify/functions/routes/hrAttendance.ts	66
/api/hr/attendance/punch/photo-url	hr	hr.attendance.view	requirePermission	z.object({ path: z.string().min(1) })	netlify/functions/routes/hrAttendance.ts	36
/api/hr/attendance/punch/upload-url	hr	hr.attendance.punch	requirePermission	z.object({ mimeType: z.string().min(1) })	netlify/functions/routes/hrAttendance.ts	25
/api/hr/attendance/records/correct	hr	hr.attendance.correct	requirePermission	z.object({     recordId:  z.string().uuid(),     fieldName: z.string().min(1),     newValue:  z.string(),     reason:    z.string().min(1).max(500),   })	netlify/functions/routes/hrAttendance.ts	116
/api/hr/attendance/records/get	hr	hr.attendance.view	requirePermission,userCan	z.object({ id: z.string().uuid() })	netlify/functions/routes/hrAttendance.ts	104
/api/hr/attendance/records/import	hr	hr.attendance.correct	requirePermission	z.object({     rows: z.array(z.object({       employeeId: z.string().nullable().optional(),       username:   z.string().nullable().optional(),       workDate:   z.string().regex(/^\d{4}-\d{2}-\d{2}$/),       punchIn:    z.string().nullable().optional(),       punchOut:   z.string().nullable().optional(),       siteId:     z.string().nullable().optional(),     })).min(1).max(IMPORT_MAX_ROWS),     // Live/manual punches are protected — replacing them is an explicit opt-in.     overwriteExisting: z.boolean().optional(),   })	netlify/functions/routes/hrAttendance.ts	136
/api/hr/attendance/records/list	hr	hr.attendance.view	requirePermission,userCan	z.object({     employeeId: z.string().optional(),     fromDate:   z.string().optional(),     toDate:     z.string().optional(),     timesheetId:z.string().uuid().optional(),     limit:      z.number().int().min(1).max(500).optional(),     offset:     z.number().int().min(0).optional(),   })	netlify/functions/routes/hrAttendance.ts	83
/api/hr/attendance/reports/list	hr	hr.attendance.reports.view	requirePermission		netlify/functions/routes/hrAttendance.ts	316
/api/hr/attendance/reports/run	hr	hr.attendance.reports.view	requirePermission	z.object({     reportKey:    z.string().min(1),     fromDate:     z.string().optional(),     toDate:       z.string().optional(),     employeeId:   z.string().optional(),     departmentId: z.string().optional(),     siteId:       z.string().optional(),     limit:        z.number().int().min(1).max(1000).optional(),     offset:       z.number().int().min(0).optional(),   })	netlify/functions/routes/hrAttendance.ts	322
/api/hr/attendance/stats	hr	hr.attendance.view	requirePermission	z.object({ date: z.string().regex(/^\d{4}-\d{2}-\d{2}$/).optional() })	netlify/functions/routes/hrAttendance.ts	293
/api/hr/attendance/timesheets/build	hr	hr.attendance.timesheets.submit	requirePermission,userCan	z.object({     employeeId:  z.string().min(1),     periodStart: z.string().regex(/^\d{4}-\d{2}-\d{2}$/),     periodEnd:   z.string().regex(/^\d{4}-\d{2}-\d{2}$/),   })	netlify/functions/routes/hrAttendance.ts	246
/api/hr/attendance/timesheets/get	hr	hr.attendance.timesheets.view	requirePermission,userCan	z.object({ id: z.string().uuid() })	netlify/functions/routes/hrAttendance.ts	234
/api/hr/attendance/timesheets/list	hr	hr.attendance.timesheets.view	requirePermission,userCan	z.object({     employeeId: z.string().optional(),     status:     z.string().optional(),     fromPeriod: z.string().optional(),     toPeriod:   z.string().optional(),     limit:      z.number().int().min(1).max(200).optional(),     offset:     z.number().int().min(0).optional(),   })	netlify/functions/routes/hrAttendance.ts	214
/api/hr/attendance/timesheets/reopen	hr	hr.attendance.timesheets.approve	requirePermission	z.object({ timesheetId: z.string().uuid() })	netlify/functions/routes/hrAttendance.ts	282
/api/hr/attendance/timesheets/submit	hr	hr.attendance.timesheets.submit	requirePermission,userCan	z.object({     timesheetId: z.string().uuid(),     notes:       z.string().max(500).nullable().optional(),     idempotencyKey: z.string().min(1).max(200),   })	netlify/functions/routes/hrAttendance.ts	263
/api/hr/compensation/pay-items/approve	hr	hr.compensation.approve	requirePermission	z.object({ id: z.string().uuid() })	netlify/functions/routes/hrCompensation.ts	91
/api/hr/compensation/pay-items/create	hr	hr.compensation.manage	requirePermission	z.object({     employeeId: z.string().min(1),     componentId: z.string().uuid(),     amount: z.number().nonnegative().nullable().optional(),     percent: z.number().min(0).max(100).nullable().optional(),     effectiveFrom: z.string().regex(/^\d{4}-\d{2}-\d{2}$/),     effectiveTo: z.string().regex(/^\d{4}-\d{2}-\d{2}$/).nullable().optional(),     note: z.string().max(1000).nullable().optional(),   })	netlify/functions/routes/hrCompensation.ts	61
/api/hr/compensation/pay-items/get	hr	hr.compensation.view	requirePermission	z.object({ id: z.string().uuid() })	netlify/functions/routes/hrCompensation.ts	49
/api/hr/compensation/pay-items/list	hr	hr.compensation.view	requirePermission	z.object({     employeeId: z.string().optional(),     status: z.string().optional(),     activeOnly: z.boolean().optional(),     componentId: z.string().uuid().optional(),   })	netlify/functions/routes/hrCompensation.ts	33
/api/hr/compensation/pay-items/reject	hr	hr.compensation.approve	requirePermission	z.object({ id: z.string().uuid(), reason: z.string().trim().min(1, 'A reason is required to reject a pay item.').max(500) })	netlify/functions/routes/hrCompensation.ts	102
/api/hr/compensation/pay-items/retire	hr	hr.compensation.manage	requirePermission	z.object({ id: z.string().uuid() })	netlify/functions/routes/hrCompensation.ts	113
/api/hr/compensation/pay-items/submit	hr	hr.compensation.manage	requirePermission	z.object({ id: z.string().uuid(), idempotencyKey: z.string().min(1).max(200) })	netlify/functions/routes/hrCompensation.ts	80
/api/hr/compensation/reports/list	hr	hr.compensation.reports.view	requirePermission	z.object({     employeeId: z.string().optional(),     status: z.string().optional(),   })	netlify/functions/routes/hrCompensation.ts	128
/api/hr/cost-centers/create	hr	hr.cost_centers.manage	requirePermission	z.object({     code: z.string().max(40).nullable().optional(), name: z.string().min(1).max(160),     currency: z.string().max(8).optional(), annualBudget: z.number().nullable().optional(),     departmentId: z.string().nullable().optional(), managerId: z.string().nullable().optional(),   })	netlify/functions/routes/hr.ts	1030
/api/hr/cost-centers/list	hr	hr.cost_centers.view	requirePermission		netlify/functions/routes/hr.ts	1024
/api/hr/cost-centers/retire	hr	hr.cost_centers.manage	requirePermission	z.object({ costCenterId: z.string().uuid(), ...GATED })	netlify/functions/routes/hr.ts	1056
/api/hr/cost-centers/update	hr	hr.cost_centers.manage	requirePermission	z.object({     costCenterId: z.string().uuid(), expectedUpdatedAt: z.string().nullable().optional(),     code: z.string().max(40).nullable().optional(), name: z.string().min(1).max(160).optional(),     currency: z.string().max(8).optional(), annualBudget: z.number().nullable().optional(),     departmentId: z.string().nullable().optional(), managerId: z.string().nullable().optional(), isActive: z.boolean().optional(),     ...GATED,   })	netlify/functions/routes/hr.ts	1042
/api/hr/dashboard/kpis	hr	hr.dashboard.view	requirePermission		netlify/functions/routes/hr.ts	1106
/api/hr/documents/archive	hr	hr.employee_documents.archive	requirePermission	z.object({ documentId: z.string().uuid() })	netlify/functions/routes/hr.ts	1511
/api/hr/documents/compliance	hr	hr.employee_documents.view	requirePermission,userCan	z.object({     employeeId: z.string().optional(), departmentId: z.string().optional(), overview: z.boolean().optional(),   })	netlify/functions/routes/hr.ts	1594
/api/hr/documents/download-url	hr	hr.employee_documents.download	requirePermission,userCan	z.object({ documentId: z.string().uuid() })	netlify/functions/routes/hr.ts	1524
/api/hr/documents/expiring	hr	hr.employee_documents.view	requirePermission,userCan	z.object({ withinDays: z.number().int().positive().max(365).optional() })	netlify/functions/routes/hr.ts	1579
/api/hr/documents/expiry/run-sweep	hr			z.object({ windows: z.array(z.number().int()).optional() })	netlify/functions/routes/hr.ts	1685
/api/hr/documents/list	hr	hr.employee_documents.view	requirePermission,userCan	z.object({     q: z.string().optional(), employeeId: z.string().optional(), departmentId: z.string().optional(),     documentType: z.string().optional(), status: z.string().optional(), confidentiality: z.string().optional(),     expiryState: z.enum(['valid','expiring','expired','none']).optional(),     expiringWithinDays: z.number().int().positive().optional(),     page: z.number().int().positive().optional(), pageSize: z.number().int().positive().max(200).optional(),   })	netlify/functions/routes/hr.ts	1546
/api/hr/documents/requirements/create	hr	hr.employee_documents.requirements.manage	requirePermission	z.object({     documentType: z.string().min(1).max(80), label: z.string().min(1).max(200),     appliesToScope: z.enum(['all','role','employment_type','department']),     appliesToValue: z.string().nullable().optional(),     requiresExpiry: z.boolean().optional(), reminderDays: z.array(z.number().int()).optional(),     minConfidentiality: z.enum(['internal','confidential','restricted_hr','legal','medical']).nullable().optional(),     metadata: z.record(z.string(), z.unknown()).optional(),   })	netlify/functions/routes/hr.ts	1630
/api/hr/documents/requirements/list	hr	hr.employee_documents.view	requirePermission	z.object({ activeOnly: z.boolean().optional() })	netlify/functions/routes/hr.ts	1616
/api/hr/documents/requirements/retire	hr	hr.employee_documents.requirements.manage	requirePermission	z.object({ requirementId: z.string().uuid() })	netlify/functions/routes/hr.ts	1670
/api/hr/documents/requirements/update	hr	hr.employee_documents.requirements.manage	requirePermission	z.object({     requirementId: z.string().uuid(), label: z.string().min(1).max(200).optional(),     requiresExpiry: z.boolean().optional(), reminderDays: z.array(z.number().int()).optional(),     minConfidentiality: z.enum(['internal','confidential','restricted_hr','legal','medical']).nullable().optional(),     metadata: z.record(z.string(), z.unknown()).optional(),   })	netlify/functions/routes/hr.ts	1651
/api/hr/documents/stats	hr	hr.employee_documents.view	requirePermission,userCan		netlify/functions/routes/hr.ts	1566
/api/hr/documents/verify	hr	hr.employee_documents.verify	requirePermission	z.object({ documentId: z.string().uuid(), decision: z.enum(['approve', 'reject']), reason: z.string().max(500).optional() })	netlify/functions/routes/hr.ts	1492
/api/hr/employee-change-requests/cancel	hr	hr.view	requirePermission,userCan	z.object({ requestId: z.string().uuid() })	netlify/functions/routes/hr.ts	1323
/api/hr/employee-change-requests/decide	hr		requireUser,userCan	z.object({ requestId: z.string().uuid(), decision: z.enum(['approve','reject','return']), comment: z.string().max(500).optional() })	netlify/functions/routes/hr.ts	1284
/api/hr/employee-change-requests/list	hr	hr.view	requirePermission	z.object({ status: z.string().optional(), employeeId: z.string().optional() })	netlify/functions/routes/hr.ts	1272
/api/hr/employee-statutory/capture	hr	hr.employee.statutory.capture	requirePermission	z.object({     employeeId:                   z.string(),     jurisdiction:                 z.string().optional(),     currency:                     z.string().optional(),     nisNumber:                    z.string().nullable().optional(),     nisApplicable:                z.boolean().optional(),     previousEmployerName:         z.string().nullable().optional(),     previousEmployerEndDate:      z.string().nullable().optional(),     openingYtdInsurableEarnings:  z.number().nonnegative().optional(),     openingYtdNisEmployee:        z.number().nonnegative().optional(),     openingYtdNisEmployer:        z.number().nonnegative().optional(),     openingBalanceAsOf:           z.string().nullable().optional(),   })	netlify/functions/routes/hrStatutoryProfile.ts	46
/api/hr/employee-statutory/get	hr	hr.employee.statutory.view	requirePermission	z.object({     employeeId:   z.string(),     jurisdiction: z.string().optional(),   })	netlify/functions/routes/hrStatutoryProfile.ts	28
/api/hr/employee-statutory/submit	hr	hr.employee.statutory.capture	requirePermission	z.object({ id: z.string().uuid(), idempotencyKey: z.string().min(1).max(200) })	netlify/functions/routes/hrStatutoryProfile.ts	73
/api/hr/employees/audit	hr	hr.audit.view	requirePermission	z.object({ employeeId: z.string().min(1), limit: z.number().int().positive().max(200).optional() })	netlify/functions/routes/hr.ts	833
/api/hr/employees/change-request	hr	hr.view	requirePermission	z.object({     employeeId: z.string().min(1), changeType: z.enum(GENERIC_CHANGE_TYPES as unknown as [string, ...string[]]),     requestedValue: z.record(z.string(), z.unknown()), reason: z.string().max(500).optional(),   })	netlify/functions/routes/hr.ts	1253
/api/hr/employees/contact/update	hr	hr.view	requirePermission,userCan	z.object({     employeeId: z.string().min(1),     mode:       z.enum(['direct', 'request']).optional(),     work:       z.object({ email: z.string().max(160).nullable().optional(), phone: z.string().max(60).nullable().optional() }).optional(),     personal:   z.object({ personalEmail: z.string().max(160).nullable().optional() }).optional(),     emergency:  z.object({       name:         z.string().max(160).nullable().optional(),       phone:        z.string().max(60).nullable().optional(),       relationship: z.string().max(80).nullable().optional(),     }).optional(),     reason: z.string().max(500).optional(),   })	netlify/functions/routes/hr.ts	613
/api/hr/employees/create	hr	hr.employees.create	requirePermission	z.object({     identity: z.object({       username:       z.string().min(1).max(80),       password:       z.string().min(6).max(200),       fullName:       z.string().min(1).max(200),       firstName:      z.string().max(120).optional(),       lastName:       z.string().max(120).optional(),       email:          z.string().max(160).optional(),       personalEmail:  z.string().max(160).optional(),       phone:          z.string().max(60).optional(),       employeeNumber: z.string().max(40).optional(),       dateOfBirth:    z.string().max(20).optional(),       nationality:    z.string().max(80).optional(),       preferredName:  z.string().max(160).optional(),       governmentId:   z.string().max(80).optional(),     }),     employment: z.object({       employmentType:   z.enum(EMPLOYMENT_TYPES).optional(),       contractorFlag:   z.boolean().optional(),       startDate:        z.string().optional(),       position:         z.string().max(160).optional(),       positionTitle:    z.string().max(120).optional(),       probationEndDate: z.string().max(20).optional(),       employeeGrade:    z.string().max(60).optional(),       workSchedule:     z.string().max(60).optional(),     }).optional(),     assignment: z.object({       departmentId: z.string().nullable().optional(),       siteId:       z.string().nullable().optional(),       positionId:   z.string().uuid().nullable().optional(),       supervisorId: z.string().nullable().optional(),       costCenter:   z.string().max(60).nullable().optional(),       effectiveDate: z.string().max(20).optional(),     }).optional(),     access:    z.object({       role:                   z.string().max(60).optional(),       permissionProfile:      z.string().max(60).optional(),       selfServiceProfile:     z.string().max(60).optional(),       requireMfa:             z.boolean().optional(),       onboardingRequirements: z.record(z.string(), z.boolean()).optional(),     }).optional(),     createLogin:  z.boolean().optional(),     recordStatus: z.string().max(40).optional(),     statutory: z.record(z.string(), z.unknown()).optional(),     onboarding: z.object({       createOnboardingCase: z.boolean().optional(),       packageKey:           z.string().optional(),     }).optional(),   })	netlify/functions/routes/hr.ts	318
/api/hr/employees/dashboard-stats	hr	hr.employees.view	requirePermission	z.object({ siteId: z.string().optional(), departmentId: z.string().optional() })	netlify/functions/routes/hr.ts	421
/api/hr/employees/documents/commit	hr	hr.employee_documents.upload	requirePermission	z.object({     employeeId: z.string().min(1), documentType: z.string().min(1).max(80), title: z.string().min(1).max(200),     filePath: z.string().min(1), fileName: z.string().min(1), mimeType: z.string().nullable().optional(),     // Bucket file_size_limit (migration 20260804000000) is authoritative; this is a friendly early reject.     fileSize: z.number().int().max(HR_DOC_MAX_BYTES, `File exceeds the ${Math.round(HR_DOC_MAX_BYTES / 1048576)} MB limit.`).nullable().optional(),     confidentiality: z.enum(['internal', 'confidential', 'restricted_hr', 'legal', 'medical']).default('internal'),     expiryDate: z.string().nullable().optional(),   })	netlify/functions/routes/hr.ts	1466
/api/hr/employees/documents/list	hr	hr.employee_documents.view	requirePermission,userCan	z.object({ employeeId: z.string().min(1) })	netlify/functions/routes/hr.ts	1441
/api/hr/employees/documents/upload-url	hr	hr.employee_documents.upload	requirePermission	z.object({ fileName: z.string().min(1), mimeType: z.string().min(1) })	netlify/functions/routes/hr.ts	1455
/api/hr/employees/get	hr	hr.view	requirePermission,userCan	z.object({ employeeId: z.string().min(1) })	netlify/functions/routes/hr.ts	217
/api/hr/employees/import/commit	hr	hr.employees.import.commit	requirePermission	z.object({ batchId: z.string().uuid() })	netlify/functions/routes/hrEmployeeImport.ts	427
/api/hr/employees/import/map-fields	hr	hr.employees.import.map	requirePermission	z.object({ batchId: z.string().uuid(), mapping: z.record(z.string(), z.string()) })	netlify/functions/routes/hrEmployeeImport.ts	260
/api/hr/employees/import/report	hr	hr.employees.import.report.download	requirePermission	z.object({ batchId: z.string().uuid() })	netlify/functions/routes/hrEmployeeImport.ts	490
/api/hr/employees/import/resolve-row	hr	hr.employees.import.validate	requirePermission	z.object({     batchId: z.string().uuid(), rowId: z.string().uuid(),     action: z.enum(['edit', 'ignore', 'skip', 'assign']),     patch: z.record(z.string(), z.string()).optional(),   })	netlify/functions/routes/hrEmployeeImport.ts	326
/api/hr/employees/import/set-policy	hr	hr.employees.import.map	requirePermission	z.object({ batchId: z.string().uuid(), policy: PolicySchema })	netlify/functions/routes/hrEmployeeImport.ts	271
/api/hr/employees/import/upload	hr	hr.employees.import.upload	requirePermission	z.object({     fileName:   z.string().min(1).max(255),     fileType:   z.enum(['csv']),     fileBase64: z.string().min(1),     importMode: z.enum(['create', 'update', 'create_update']).optional(),     defaultSiteId:       z.string().nullable().optional(),     defaultDepartmentId: z.string().nullable().optional(),   })	netlify/functions/routes/hrEmployeeImport.ts	214
/api/hr/employees/import/validate	hr	hr.employees.import.validate	requirePermission	z.object({ batchId: z.string().uuid() })	netlify/functions/routes/hrEmployeeImport.ts	282
/api/hr/employees/list	hr	hr.view	requirePermission	z.object({     // Legacy single-value filters (kept for existing picker/dropdown callers).     status: z.string().optional(), departmentId: z.string().optional(),     employmentType: z.string().optional(), workerType: z.enum(['employee', 'contractor']).optional(),     search: z.string().optional(), limit: z.number().int().positive().max(500).optional(),     // Server-backed register filters (multi-select) + sort + pagination.     statuses: z.array(z.string()).optional(),     departmentIds: z.array(z.string()).optional(),     employmentTypes: z.array(z.string()).optional(),     trainingStatuses: z.array(z.enum(TRAINING_STATUSES)).optional(),     sortBy: z.enum(EMPLOYEE_SORT_COLS).optional(),     sortDir: z.enum(['asc', 'desc']).optional(),     page: z.number().int().positive().optional(),     pageSize: z.number().int().positive().max(200).optional(),   })	netlify/functions/routes/hr.ts	85
/api/hr/employees/photo/decide	hr	hr.employees.photo_approve	requirePermission	z.object({ employeeId: z.string().min(1), approve: z.boolean(), reason: z.string().max(500).optional() })	netlify/functions/routes/hr.ts	263
/api/hr/employees/status-change	hr	hr.employees.status_change	requirePermission	z.object({     employeeId: z.string().min(1),     newStatus:  z.enum(HR_STATUSES),     reason:     z.string().max(500).optional(),     effectiveDate: z.string().optional(),   })	netlify/functions/routes/hr.ts	718
/api/hr/employees/statutory/get	hr	hr.employees.statutory.view	requirePermission	z.object({ employeeId: z.string().min(1) })	netlify/functions/routes/hr.ts	538
/api/hr/employees/statutory/update	hr	hr.employees.statutory.update	requirePermission	z.object({     employeeId:             z.string().min(1),     nisNumber:              z.string().nullable().optional(),     nisStatus:              z.enum(NIS_STATUSES).optional(),     nisEffectiveDate:       z.string().nullable().optional(),     birFileNumber:          z.string().nullable().optional(),     payeApplicable:         z.boolean().optional(),     td1Received:            z.boolean().optional(),     td1EffectiveYear:       z.number().int().nullable().optional(),     hsApplicable:           z.boolean().optional(),     hsExemptionReason:      z.string().nullable().optional(),     hsEffectiveDate:        z.string().nullable().optional(),     hsVerificationRequired: z.boolean().optional(),     markVerified:           z.boolean().optional(),   })	netlify/functions/routes/hr.ts	548
/api/hr/employees/supervisor-change	hr	hr.employees.supervisor_change	requirePermission	z.object({     employeeId: z.string().min(1), supervisorId: z.string().nullable(), reason: z.string().max(500).optional(),   })	netlify/functions/routes/hr.ts	791
/api/hr/employees/training-summary	hr	hr.view	requirePermission	z.object({ employeeId: z.string().min(1) })	netlify/functions/routes/hr.ts	812
/api/hr/employees/transfer	hr	hr.employees.transfer	requirePermission	z.object({     employeeId:   z.string().min(1),     departmentId: z.string().nullable().optional(),     siteId:       z.string().nullable().optional(),     positionId:   z.string().uuid().nullable().optional(),     reason:       z.string().max(500).optional(),   })	netlify/functions/routes/hr.ts	753
/api/hr/employees/update	hr	employees.edit	requirePermission	z.object({     employeeId:     z.string().min(1),     firstName:      z.string().max(120).optional(),     lastName:       z.string().max(120).nullable().optional(),     displayName:    z.string().max(160).nullable().optional(),     personalEmail:  z.string().max(160).nullable().optional(),     phone:          z.string().max(60).nullable().optional(),     position:       z.string().max(160).nullable().optional(),     employmentType: z.enum(EMPLOYMENT_TYPES).optional(),     startDate:      z.string().nullable().optional(),     endDate:        z.string().nullable().optional(),     contractorFlag: z.boolean().optional(),   })	netlify/functions/routes/hr.ts	671
/api/hr/employees/workflow-summary	workflow	hr.employees.view	requirePermission	z.object({ employeeId: z.string().min(1) })	netlify/functions/routes/hr.ts	499
/api/hr/leave/accruals/run	hr	hr.leave.accruals.run	requirePermission		netlify/functions/routes/hrLeave.ts	174
/api/hr/leave/balances/adjust	hr	hr.leave.balances.adjust	requirePermission		netlify/functions/routes/hrLeave.ts	165
/api/hr/leave/balances/get	hr	hr.leave.balances.view	requirePermission		netlify/functions/routes/hrLeave.ts	154
/api/hr/leave/calendar/get	hr	hr.leave.calendar.view	requirePermission		netlify/functions/routes/hrLeave.ts	181
/api/hr/leave/reports/export	hr	hr.leave.reports.export	requirePermission		netlify/functions/routes/hrLeave.ts	205
/api/hr/leave/reports/list	hr	hr.leave.reports.view	requirePermission		netlify/functions/routes/hrLeave.ts	193
/api/hr/leave/reports/run	hr	hr.leave.reports.view	requirePermission		netlify/functions/routes/hrLeave.ts	198
/api/hr/leave/request/approve	hr	hr.leave.approve	requirePermission		netlify/functions/routes/hrLeave.ts	141
/api/hr/leave/request/cancel	hr	hr.leave.cancel_own	requirePermission		netlify/functions/routes/hrLeave.ts	119
/api/hr/leave/request/get	hr	hr.leave.view	requirePermission		netlify/functions/routes/hrLeave.ts	95
/api/hr/leave/request/list	hr	hr.leave.view	requirePermission		netlify/functions/routes/hrLeave.ts	80
/api/hr/leave/request/list-all	hr	hr.leave.view_all	requirePermission		netlify/functions/routes/hrLeave.ts	86
/api/hr/leave/request/reject	hr	hr.leave.approve	requirePermission		netlify/functions/routes/hrLeave.ts	147
/api/hr/leave/request/submit	hr	hr.leave.submit	requirePermission		netlify/functions/routes/hrLeave.ts	65
/api/hr/leave/request/update	hr	hr.leave.submit	requirePermission		netlify/functions/routes/hrLeave.ts	112
/api/hr/leave/stats	hr	hr.leave.view	requirePermission		netlify/functions/routes/hrLeave.ts	188
/api/hr/leave/types/create	hr	hr.leave.types.manage	requirePermission		netlify/functions/routes/hrLeave.ts	45
/api/hr/leave/types/get	hr	hr.leave.view	requirePermission		netlify/functions/routes/hrLeave.ts	38
/api/hr/leave/types/list	hr	hr.leave.view	requirePermission		netlify/functions/routes/hrLeave.ts	31
/api/hr/leave/types/retire	hr	hr.leave.types.manage	requirePermission		netlify/functions/routes/hrLeave.ts	59
/api/hr/leave/types/update	hr	hr.leave.types.manage	requirePermission		netlify/functions/routes/hrLeave.ts	52
/api/hr/offboarding/cancel	hr	hr.offboarding.cancel	requirePermission	z.object({ caseId: z.string().uuid(), reason: z.string().trim().min(1, 'A reason is required to cancel an offboarding case.').max(500) })	netlify/functions/routes/hrOffboarding.ts	112
/api/hr/offboarding/complete	hr	hr.offboarding.complete	requirePermission	z.object({ caseId: z.string().uuid() })	netlify/functions/routes/hrOffboarding.ts	104
/api/hr/offboarding/dashboard-stats	hr	hr.offboarding.view	requirePermission		netlify/functions/routes/hrOffboarding.ts	58
/api/hr/offboarding/finalize	hr	hr.offboarding.finalize	requirePermission	z.object({ caseId: z.string().uuid(), exitDate: z.string().nullable().optional() })	netlify/functions/routes/hrOffboarding.ts	120
/api/hr/offboarding/get	hr	hr.offboarding.view	requirePermission	z.object({ caseId: z.string().uuid() })	netlify/functions/routes/hrOffboarding.ts	47
/api/hr/offboarding/list	hr	hr.offboarding.view	requirePermission	z.object({ status: z.string().optional() })	netlify/functions/routes/hrOffboarding.ts	39
/api/hr/offboarding/mark-ready	hr	hr.offboarding.case.manage	requirePermission	z.object({ caseId: z.string().uuid() })	netlify/functions/routes/hrOffboarding.ts	88
/api/hr/offboarding/pause	hr	hr.offboarding.case.manage	requirePermission	z.object({ caseId: z.string().uuid(), reason: z.string().max(500).nullable().optional() })	netlify/functions/routes/hrOffboarding.ts	72
/api/hr/offboarding/reassign-owner	hr	hr.offboarding.case.manage	requirePermission	z.object({ caseId: z.string().uuid(), ownerId: z.string().nullable() })	netlify/functions/routes/hrOffboarding.ts	96
/api/hr/offboarding/resume	hr	hr.offboarding.case.manage	requirePermission	z.object({ caseId: z.string().uuid() })	netlify/functions/routes/hrOffboarding.ts	80
/api/hr/offboarding/start	hr	hr.offboarding.start	requirePermission	z.object({     employeeId: z.string().min(1), reason: z.enum(REASONS), ownerId: z.string().nullable().optional(),     lastWorkingDay: z.string().nullable().optional(), noticePeriodDays: z.number().int().nullable().optional(),     packageKey: z.string().nullable().optional(),   })	netlify/functions/routes/hrOffboarding.ts	27
/api/hr/offboarding/task/complete	hr	hr.offboarding.task.manage	requirePermission	z.object({ taskId: z.string().uuid() })	netlify/functions/routes/hrOffboarding.ts	64
/api/hr/onboarding/accept-invite	hr			z.object({ token: z.string().min(1), password: z.string().min(8).max(200) })	netlify/functions/routes/hrOnboarding.ts	738
/api/hr/onboarding/actions/case/add	hr	hr.onboarding.custom_actions.case_add	requirePermission	z.object({     caseId: z.string().uuid(), sourceTemplateId: nuuid,     actionName: z.string().min(1).max(200).optional(), actionType: ActionType.optional(), description: nstr, instructions: nstr,     ownerType: OwnerType.optional(), ownerRole: nstr, ownerEmployeeId: nstr,     dueDate: nstr, priority: Priority.optional(), blocksOnboarding: z.boolean().optional(), requiresEvidence: z.boolean().optional(),     documentTypeId: nstr, trainingRequirementId: nstr, workflowTemplateId: nstr, notificationTemplateId: nstr,     externalSystemKey: nstr, externalActionUrl: nstr,   })	netlify/functions/routes/hrOnboarding.ts	580
/api/hr/onboarding/actions/case/cancel	hr	hr.onboarding.custom_actions.case_cancel	requirePermission	z.object({ id: z.string().uuid(), reason: z.string().trim().min(1, 'A reason is required to cancel a custom action.').max(500) })	netlify/functions/routes/hrOnboarding.ts	611
/api/hr/onboarding/actions/case/complete	hr	hr.onboarding.custom_actions.case_complete	requirePermission	z.object({ id: z.string().uuid() })	netlify/functions/routes/hrOnboarding.ts	603
/api/hr/onboarding/actions/case/list	hr	hr.onboarding.view	requirePermission	z.object({ caseId: z.string().uuid() })	netlify/functions/routes/hrOnboarding.ts	572
/api/hr/onboarding/actions/case/update	hr	hr.onboarding.custom_actions.case_update	requirePermission	z.object({ id: z.string().uuid(), status: z.enum(['open', 'in_progress', 'completed', 'cancelled', 'blocked']).optional() })	netlify/functions/routes/hrOnboarding.ts	595
/api/hr/onboarding/actions/templates/create	hr	hr.onboarding.custom_actions.create	requirePermission	z.object({     packageKey: z.string().min(1), actionName: z.string().min(1).max(200), actionType: ActionType,     description: nstr, instructions: nstr, ownerType: OwnerType.optional(), ownerRole: nstr, ownerEmployeeId: nstr, ownerDepartmentId: nuuid,     dueOffsetDays: z.number().int().optional(), priority: Priority.optional(), isRequired: z.boolean().optional(), blocksOnboarding: z.boolean().optional(), requiresEvidence: z.boolean().optional(),     documentTypeId: nuuid, trainingRequirementId: nuuid, workflowTemplateId: nuuid, notificationTemplateId: nuuid,     externalSystemKey: nstr, externalActionUrl: nstr, displayOrder: z.number().int().optional(),   })	netlify/functions/routes/hrOnboarding.ts	536
/api/hr/onboarding/actions/templates/list	hr	hr.onboarding.custom_actions.view	requirePermission	z.object({ packageKey: z.string().min(1), includeInactive: z.boolean().optional() })	netlify/functions/routes/hrOnboarding.ts	528
/api/hr/onboarding/actions/templates/retire	hr	hr.onboarding.custom_actions.retire	requirePermission	z.object({ id: z.string().uuid() })	netlify/functions/routes/hrOnboarding.ts	564
/api/hr/onboarding/actions/templates/update	hr	hr.onboarding.custom_actions.update	requirePermission	z.object({     id: z.string().uuid(), actionName: z.string().min(1).max(200).optional(), actionType: ActionType.optional(),     description: nstr, instructions: nstr, ownerType: OwnerType.optional(), ownerRole: nstr, ownerEmployeeId: nstr, ownerDepartmentId: nuuid,     dueOffsetDays: z.number().int().nullable().optional(), priority: Priority.optional(), isRequired: z.boolean().optional(), blocksOnboarding: z.boolean().optional(), requiresEvidence: z.boolean().optional(),     documentTypeId: nuuid, trainingRequirementId: nuuid, workflowTemplateId: nuuid, notificationTemplateId: nuuid,     externalSystemKey: nstr, externalActionUrl: nstr, displayOrder: z.number().int().optional(),   })	netlify/functions/routes/hrOnboarding.ts	550
/api/hr/onboarding/activity/recent	hr	hr.onboarding.view	requirePermission	z.object({ limit: z.number().int().positive().max(50).optional() })	netlify/functions/routes/hrOnboarding.ts	719
/api/hr/onboarding/audit	hr	hr.onboarding.audit.view	requirePermission	z.object({ caseId: z.string().uuid() })	netlify/functions/routes/hrOnboarding.ts	510
/api/hr/onboarding/blocker/escalate	hr	hr.onboarding.case.manage	requirePermission	z.object({ blockerId: z.string().uuid(), note: z.string().trim().min(1, 'An escalation reason is required.').max(500), newOwnerId: z.string().nullable().optional() })	netlify/functions/routes/hrOnboarding.ts	405
/api/hr/onboarding/blocker/notify-owner	hr	hr.onboarding.case.manage	requirePermission	z.object({ blockerId: z.string().uuid(), message: z.string().max(500).nullable().optional() })	netlify/functions/routes/hrOnboarding.ts	421
/api/hr/onboarding/blocker/resolve	hr	hr.onboarding.case.manage	requirePermission	z.object({ blockerId: z.string().uuid(), note: z.string().trim().min(1, 'A resolution note is required.').max(500) })	netlify/functions/routes/hrOnboarding.ts	397
/api/hr/onboarding/blocker/waive	hr	hr.onboarding.case.manage	requirePermission	z.object({ blockerId: z.string().uuid(), reason: z.string().min(1).max(500) })	netlify/functions/routes/hrOnboarding.ts	413
/api/hr/onboarding/blockers/list	hr	hr.onboarding.view	requirePermission	BlockerListSchema	netlify/functions/routes/hrOnboarding.ts	257
/api/hr/onboarding/cancel	hr	hr.onboarding.cancel	requirePermission	z.object({ caseId: z.string().uuid(), reason: z.string().trim().min(1, 'A reason is required to cancel an onboarding case.').max(500) })	netlify/functions/routes/hrOnboarding.ts	157
/api/hr/onboarding/communications/list	communications	hr.onboarding.view	requirePermission	z.object({ caseId: z.string().uuid() })	netlify/functions/routes/hrOnboarding.ts	459
/api/hr/onboarding/communications/preview	communications	hr.onboarding.case.manage	requirePermission	z.object({ caseId: z.string().uuid(), communicationType: CommType, subject: nstr, body: nstr, recipientUserId: nstr })	netlify/functions/routes/hrOnboarding.ts	465
/api/hr/onboarding/communications/resend	communications	hr.onboarding.case.manage	requirePermission	z.object({ id: z.string().uuid() })	netlify/functions/routes/hrOnboarding.ts	477
/api/hr/onboarding/communications/send	communications	hr.onboarding.case.manage	requirePermission	z.object({ caseId: z.string().uuid(), communicationType: CommType, subject: nstr, body: nstr, recipientUserId: nstr, channel: z.enum(['email', 'in_app', 'sms', 'manual']).optional() })	netlify/functions/routes/hrOnboarding.ts	471
/api/hr/onboarding/complete	hr	hr.onboarding.complete	requirePermission	z.object({ caseId: z.string().uuid() })	netlify/functions/routes/hrOnboarding.ts	357
/api/hr/onboarding/dashboard-stats	hr	hr.onboarding.view	requirePermission	DashSchema	netlify/functions/routes/hrOnboarding.ts	221
/api/hr/onboarding/get	hr	hr.onboarding.view	requirePermission	z.object({ caseId: z.string().uuid().optional(), employeeId: z.string().optional() })	netlify/functions/routes/hrOnboarding.ts	174
/api/hr/onboarding/handoff/accept	workflow	hr.onboarding.case.manage	requirePermission	HandoffAction	netlify/functions/routes/hrOnboarding.ts	438
/api/hr/onboarding/handoff/cancel	workflow	hr.onboarding.case.manage	requirePermission	HandoffAction	netlify/functions/routes/hrOnboarding.ts	450
/api/hr/onboarding/handoff/complete	workflow	hr.onboarding.case.manage	requirePermission	HandoffAction	netlify/functions/routes/hrOnboarding.ts	444
/api/hr/onboarding/handoff/retry	workflow	hr.onboarding.case.manage	requirePermission	HandoffAction	netlify/functions/routes/hrOnboarding.ts	432
/api/hr/onboarding/handoffs/list	workflow	hr.onboarding.view	requirePermission	HandoffListSchema	netlify/functions/routes/hrOnboarding.ts	248
/api/hr/onboarding/intake-preview	hr	hr.onboarding.view	requirePermission	z.object({ employeeId: z.string().min(1), packageKey: z.string().min(1) })	netlify/functions/routes/hrOnboarding.ts	50
/api/hr/onboarding/list	hr	hr.onboarding.view	requirePermission	CaseListSchema	netlify/functions/routes/hrOnboarding.ts	230
/api/hr/onboarding/packages/create	hr	hr.onboarding.packages.manage	requirePermission	z.object({     label: z.string().min(1).max(200), description: nstr, workerTypes: z.array(z.string()).optional(),     defaultSlaDays: z.number().int().positive().optional(), defaultOwnerRole: nstr,     appliesToDepartments: z.array(z.string()).optional(), appliesToSites: z.array(z.string()).optional(),   })	netlify/functions/routes/hrOnboarding.ts	635
/api/hr/onboarding/packages/get	hr	hr.onboarding.view	requirePermission	z.object({ packageKey: z.string().min(1) })	netlify/functions/routes/hrOnboarding.ts	625
/api/hr/onboarding/packages/handoff-templates/create	workflow	hr.onboarding.packages.manage	requirePermission	z.object({     packageId: z.string().uuid(), handoffKey: z.string().min(1).max(60), targetModule: z.string().min(1).max(40), handoffType: z.string().min(1).max(60),     isRequired: z.boolean().optional(), sortOrder: z.number().int().optional(), payloadTemplate: z.record(z.string(), z.unknown()).optional(),   })	netlify/functions/routes/hrOnboarding.ts	693
/api/hr/onboarding/packages/handoff-templates/delete	workflow	hr.onboarding.packages.manage	requirePermission	z.object({ id: z.string().uuid() })	netlify/functions/routes/hrOnboarding.ts	711
/api/hr/onboarding/packages/handoff-templates/update	workflow	hr.onboarding.packages.manage	requirePermission	z.object({     id: z.string().uuid(), targetModule: z.string().min(1).max(40).optional(), handoffType: z.string().min(1).max(60).optional(),     isRequired: z.boolean().optional(), sortOrder: z.number().int().optional(), payloadTemplate: z.record(z.string(), z.unknown()).optional(),   })	netlify/functions/routes/hrOnboarding.ts	702
/api/hr/onboarding/packages/list	hr	hr.onboarding.view	requirePermission	z.object({ includeRetired: z.boolean().optional() })	netlify/functions/routes/hrOnboarding.ts	59
/api/hr/onboarding/packages/set-status	hr	hr.onboarding.packages.manage	requirePermission	z.object({ id: z.string().uuid(), status: z.enum(['draft', 'active', 'retired']) })	netlify/functions/routes/hrOnboarding.ts	659
/api/hr/onboarding/packages/task-templates/create	hr	hr.onboarding.packages.manage	requirePermission	z.object({     packageId: z.string().uuid(), taskKey: z.string().min(1).max(60), taskTitle: z.string().min(1).max(200), ownerRole: z.string().min(1).max(40),     moduleKey: nstr, isBlocking: z.boolean().optional(), requiresEvidence: z.boolean().optional(), dependencyKeys: z.array(z.string()).optional(), sortOrder: z.number().int().optional(),   })	netlify/functions/routes/hrOnboarding.ts	667
/api/hr/onboarding/packages/task-templates/delete	hr	hr.onboarding.packages.manage	requirePermission	z.object({ id: z.string().uuid() })	netlify/functions/routes/hrOnboarding.ts	685
/api/hr/onboarding/packages/task-templates/update	hr	hr.onboarding.packages.manage	requirePermission	z.object({     id: z.string().uuid(), taskTitle: z.string().min(1).max(200).optional(), ownerRole: z.string().min(1).max(40).optional(),     moduleKey: nstr, isBlocking: z.boolean().optional(), requiresEvidence: z.boolean().optional(), dependencyKeys: z.array(z.string()).optional(), sortOrder: z.number().int().optional(),   })	netlify/functions/routes/hrOnboarding.ts	676
/api/hr/onboarding/packages/update	hr	hr.onboarding.packages.manage	requirePermission	z.object({     id: z.string().uuid(), label: z.string().min(1).max(200).optional(), description: nstr, workerTypes: z.array(z.string()).optional(),     defaultSlaDays: z.number().int().positive().optional(), defaultOwnerRole: nstr,     appliesToDepartments: z.array(z.string()).optional(), appliesToSites: z.array(z.string()).optional(),   })	netlify/functions/routes/hrOnboarding.ts	647
/api/hr/onboarding/pause	hr	hr.onboarding.case.manage	requirePermission	z.object({ caseId: z.string().uuid(), reason: z.string().max(500).nullable().optional() })	netlify/functions/routes/hrOnboarding.ts	365
/api/hr/onboarding/preview-package	hr	hr.onboarding.view	requirePermission	z.object({ packageKey: z.string().min(1) })	netlify/functions/routes/hrOnboarding.ts	35
/api/hr/onboarding/provision-account	hr	hr.onboarding.provision_account	requirePermission	z.object({ employeeId: z.string().min(1), sendInvite: z.boolean().optional() })	netlify/functions/routes/hrOnboarding.ts	731
/api/hr/onboarding/ready	hr	hr.onboarding.case.manage	requirePermission	z.object({ caseId: z.string().uuid() })	netlify/functions/routes/hrOnboarding.ts	389
/api/hr/onboarding/reassign-owner	hr	hr.onboarding.case.manage	requirePermission	z.object({ caseId: z.string().uuid(), ownerId: z.string().nullable() })	netlify/functions/routes/hrOnboarding.ts	381
/api/hr/onboarding/reports/export	hr	hr.onboarding.reports.export	requirePermission	RunReportSchema	netlify/functions/routes/hrOnboarding.ts	502
/api/hr/onboarding/reports/list	hr	hr.onboarding.reports.view	requirePermission		netlify/functions/routes/hrOnboarding.ts	492
/api/hr/onboarding/reports/run	hr	hr.onboarding.reports.view	requirePermission	RunReportSchema	netlify/functions/routes/hrOnboarding.ts	496
/api/hr/onboarding/resume	hr	hr.onboarding.case.manage	requirePermission	z.object({ caseId: z.string().uuid() })	netlify/functions/routes/hrOnboarding.ts	373
/api/hr/onboarding/start	hr	hr.onboarding.start	requirePermission	z.object({     employeeId: z.string().min(1),     packageKey: z.string().min(1),     ownerId:    z.string().nullable().optional(),     dueAt:      z.string().nullable().optional(),     reason:          z.string().max(60).nullable().optional(),     priority:        z.string().max(30).nullable().optional(),     targetStartDate: z.string().max(20).nullable().optional(),     launchMode:      z.string().max(30).nullable().optional(),     caseOwner:       z.string().max(80).nullable().optional(),     workerType:      z.string().max(30).nullable().optional(),     includeActionTemplateIds: z.array(z.string().uuid()).nullable().optional(),     documentSelections: z.array(z.object({       requirementId: z.string().min(1),       action: z.enum(['use_existing', 'uploaded', 'request_from_worker', 'waive', 'none']),       existingDocumentId: z.string().uuid().nullable().optional(),       uploadedFilePath: z.string().nullable().optional(),       waiverReason: z.string().max(500).nullable().optional(),     })).nullable().optional(),     scheduledLaunchAt: z.string().nullable().optional(),     // Case-type-specific intake fields (contractor/temporary) — persisted on case metadata.     // Bounded record of primitive values to keep the payload honest (no nested blobs).     workerTypeDetails: z.record(z.string(), z.union([z.string().max(200), z.number(), z.boolean(), z.null()])).nullable().optional(),   })	netlify/functions/routes/hrOnboarding.ts	68
/api/hr/onboarding/task/add	hr	hr.onboarding.case.manage	requirePermission	z.object({     caseId: z.string().uuid(), taskTitle: z.string().min(1).max(200),     ownerRole: z.string().max(40).nullable().optional(), moduleKey: z.string().max(40).nullable().optional(),     assignedTo: z.string().nullable().optional(), dueAt: z.string().nullable().optional(),     isBlocking: z.boolean().optional(), requiresEvidence: z.boolean().optional(),     priority: z.string().max(30).nullable().optional(), taskKey: z.string().max(60).nullable().optional(),   })	netlify/functions/routes/hrOnboarding.ts	327
/api/hr/onboarding/task/add-note	hr			z.object({ taskId: z.string().uuid(), note: z.string().min(1).max(2000) })	netlify/functions/routes/hrOnboarding.ts	296
/api/hr/onboarding/task/attach-evidence	hr			z.object({     taskId: z.string().uuid(), fileName: z.string().min(1).max(200), filePath: z.string().min(1),     mimeType: z.string().nullable().optional(), fileSize: z.number().int().nullable().optional(),   })	netlify/functions/routes/hrOnboarding.ts	315
/api/hr/onboarding/task/block	hr	hr.onboarding.task.manage	requirePermission	z.object({ taskId: z.string().uuid(), reason: z.string().trim().min(1, 'A reason is required to block a task.').max(500), severity: Sev.optional() })	netlify/functions/routes/hrOnboarding.ts	341
/api/hr/onboarding/task/complete	hr		requireUser,userCan	z.object({ taskId: z.string().uuid() })	netlify/functions/routes/hrOnboarding.ts	106
/api/hr/onboarding/task/evidence-upload-url	hr			z.object({ taskId: z.string().uuid(), fileName: z.string().min(1), mimeType: z.string().min(1) })	netlify/functions/routes/hrOnboarding.ts	304
/api/hr/onboarding/task/get	hr	hr.onboarding.view	requirePermission	z.object({ taskId: z.string().uuid() })	netlify/functions/routes/hrOnboarding.ts	276
/api/hr/onboarding/task/reassign	hr	hr.onboarding.task.manage	requirePermission	z.object({ taskId: z.string().uuid(), assignedTo: z.string().nullable() })	netlify/functions/routes/hrOnboarding.ts	142
/api/hr/onboarding/task/unblock	hr	hr.onboarding.task.manage	requirePermission	z.object({ taskId: z.string().uuid(), reason: z.string().max(500).nullable().optional() })	netlify/functions/routes/hrOnboarding.ts	349
/api/hr/onboarding/tasks/list	hr	hr.onboarding.view	requirePermission	TaskListSchema	netlify/functions/routes/hrOnboarding.ts	239
/api/hr/organization/change/cancel	hr	hr.organization.manage	requirePermission	z.object({ changeRequestId: z.string().uuid(), reason: z.string().max(500).nullable().optional() })	netlify/functions/routes/hr.ts	1087
/api/hr/organization/change/get	hr	hr.organization.view	requirePermission	z.object({ changeRequestId: z.string().uuid() })	netlify/functions/routes/hr.ts	1076
/api/hr/organization/change/preview	hr	hr.organization.view	requirePermission	z.object({     entityType: z.enum(['org_unit', 'position', 'cost_center']), entityId: z.string().min(1),     action: z.enum(['move', 'archive', 'delete', 'retire', 'update']), newParentId: z.string().nullable().optional(),   })	netlify/functions/routes/hr.ts	949
/api/hr/organization/changes/apply-due	hr		requireUser		netlify/functions/routes/hr.ts	1097
/api/hr/organization/changes/list	hr	hr.organization.view	requirePermission	z.object({     status: z.string().optional(), entityType: z.enum(['org_unit', 'position', 'cost_center']).optional(), limit: z.number().int().optional(),   })	netlify/functions/routes/hr.ts	1066
/api/hr/organization/health	hr	hr.organization.view	requirePermission		netlify/functions/routes/hr.ts	943
/api/hr/organization/stats	hr	hr.organization.view	requirePermission		netlify/functions/routes/hr.ts	937
/api/hr/organization/tree	hr	hr.organization.view	requirePermission		netlify/functions/routes/hr.ts	865
/api/hr/organization/unit/archive	hr	hr.organization.manage	requirePermission	z.object({ unitId: z.string().min(1), ...GATED })	netlify/functions/routes/hr.ts	921
/api/hr/organization/unit/create	hr	hr.organization.manage	requirePermission	z.object({     name: z.string().min(1).max(160), code: z.string().max(40).nullable().optional(),     orgUnitType: z.enum(ORG_UNIT_TYPES).optional(), parentId: z.string().nullable().optional(),     siteId: z.string().nullable().optional(), managerId: z.string().nullable().optional(),     costCenterId: z.string().uuid().nullable().optional(), description: z.string().max(500).nullable().optional(),     sortOrder: z.number().int().optional(),   })	netlify/functions/routes/hr.ts	882
/api/hr/organization/unit/delete	hr	hr.organization.delete	requirePermission	z.object({ unitId: z.string().min(1), ...GATED })	netlify/functions/routes/hr.ts	929
/api/hr/organization/unit/get	hr	hr.organization.view	requirePermission	z.object({ unitId: z.string().min(1) })	netlify/functions/routes/hr.ts	871
/api/hr/organization/unit/move	hr	hr.organization.manage	requirePermission	z.object({     unitId: z.string().min(1), newParentId: z.string().nullable(), expectedUpdatedAt: z.string().nullable().optional(), ...GATED,   })	netlify/functions/routes/hr.ts	911
/api/hr/organization/unit/update	hr	hr.organization.manage	requirePermission	z.object({     unitId: z.string().min(1), expectedUpdatedAt: z.string().nullable().optional(),     name: z.string().min(1).max(160).optional(), code: z.string().max(40).nullable().optional(),     orgUnitType: z.enum(ORG_UNIT_TYPES).optional(), siteId: z.string().nullable().optional(),     managerId: z.string().nullable().optional(), costCenterId: z.string().uuid().nullable().optional(),     description: z.string().max(500).nullable().optional(), isActive: z.boolean().optional(), sortOrder: z.number().int().optional(),     ...GATED,   })	netlify/functions/routes/hr.ts	896
/api/hr/overtime/approve	hr	hr.overtime.approve	requirePermission	z.object({ id: z.string().uuid() })	netlify/functions/routes/hrOvertime.ts	82
/api/hr/overtime/cancel	hr	hr.overtime.submit	requirePermission	z.object({ id: z.string().uuid() })	netlify/functions/routes/hrOvertime.ts	105
/api/hr/overtime/get	hr	hr.overtime.view	requirePermission	z.object({ id: z.string().uuid() })	netlify/functions/routes/hrOvertime.ts	50
/api/hr/overtime/list	hr	hr.overtime.view	requirePermission	z.object({     employeeId: z.string().optional(),     status: z.string().optional(),     workDateFrom: z.string().regex(/^\d{4}-\d{2}-\d{2}$/).optional(),     workDateTo: z.string().regex(/^\d{4}-\d{2}-\d{2}$/).optional(),     payrollRunId: z.string().uuid().optional(),   })	netlify/functions/routes/hrOvertime.ts	32
/api/hr/overtime/reject	hr	hr.overtime.approve	requirePermission	z.object({ id: z.string().uuid(), reason: z.string().trim().min(1, 'A reason is required to reject overtime.').max(500) })	netlify/functions/routes/hrOvertime.ts	93
/api/hr/overtime/reports/list	hr	hr.overtime.reports.view	requirePermission	z.object({     employeeId: z.string().optional(),     status: z.string().optional(),   })	netlify/functions/routes/hrOvertime.ts	120
/api/hr/overtime/submit	hr	hr.overtime.submit	requirePermission	z.object({     workDate: z.string().regex(/^\d{4}-\d{2}-\d{2}$/),     hours: z.number().positive(),     multiplier: z.number().positive().optional(),     otType: z.enum(['regular_overtime', 'public_holiday', 'rest_day', 'callout', 'night_shift']).nullable().optional(),     reason: z.string().max(500).nullable().optional(),     idempotencyKey: z.string().min(1).max(200),   })	netlify/functions/routes/hrOvertime.ts	63
/api/hr/positions/create	hr	hr.positions.manage	requirePermission	z.object({     positionKey: z.string().min(1).max(80), title: z.string().min(1).max(160), grade: z.string().max(60).nullable().optional(),     departmentId: z.string().nullable().optional(), siteId: z.string().nullable().optional(),     defaultSupervisorId: z.string().nullable().optional(), reportsToPositionId: z.string().uuid().nullable().optional(),     isSafetyCritical: z.boolean().optional(), headcountBudget: z.number().int().nullable().optional(),   })	netlify/functions/routes/hr.ts	986
/api/hr/positions/get	hr	hr.positions.view	requirePermission	z.object({ positionId: z.string().uuid() })	netlify/functions/routes/hr.ts	975
/api/hr/positions/list	hr	hr.positions.view	requirePermission		netlify/functions/routes/hr.ts	969
/api/hr/positions/retire	hr	hr.positions.manage	requirePermission	z.object({ positionId: z.string().uuid(), ...GATED })	netlify/functions/routes/hr.ts	1014
/api/hr/positions/update	hr	hr.positions.manage	requirePermission	z.object({     positionId: z.string().uuid(), expectedUpdatedAt: z.string().nullable().optional(),     title: z.string().max(160).optional(), grade: z.string().max(60).nullable().optional(),     departmentId: z.string().nullable().optional(), siteId: z.string().nullable().optional(),     defaultSupervisorId: z.string().nullable().optional(), reportsToPositionId: z.string().uuid().nullable().optional(),     isSafetyCritical: z.boolean().optional(), headcountBudget: z.number().int().nullable().optional(), isActive: z.boolean().optional(),     ...GATED,   })	netlify/functions/routes/hr.ts	999
/api/hr/requests/cancel	hr	hr.requests.submit_own	requirePermission,userCan	z.object({     requestId: z.string().uuid(),     reason:    z.string().trim().min(1, 'A reason is required to cancel a request.').max(500),   })	netlify/functions/routes/hrRequests.ts	156
/api/hr/requests/decide	hr	hr.requests.manage	requirePermission	z.object({     requestId: z.string().uuid(),     decision:  z.enum(DECISIONS),     comment:   z.string().max(1000).optional(),     taskId:    z.string().uuid().optional(),   }).superRefine((val, ctx) => {     // A comment is mandatory when rejecting or returning (matches the UI DecideModal).     if ((val.decision === 'rejected' || val.decision === 'returned') && !val.comment?.trim()) {       ctx.addIssue({ code: z.ZodIssueCode.custom, path: ['comment'], message: 'A comment is required to reject or return a request.' });     }   })	netlify/functions/routes/hrRequests.ts	120
/api/hr/requests/fulfill	hr	hr.requests.manage	requirePermission	z.object({     requestId:   z.string().uuid(),     note:        z.string().max(2000).optional(),     artifactRef: z.string().max(512).optional(),   })	netlify/functions/routes/hrRequests.ts	141
/api/hr/requests/get	hr	hr.requests.submit_own	requirePermission,userCan	z.object({ requestId: z.string().uuid() })	netlify/functions/routes/hrRequests.ts	99
/api/hr/requests/list	hr	hr.requests.manage	requirePermission	z.object({     status:      z.string().max(32).optional(),     requestType: z.string().max(64).optional(),     employeeId:  z.string().max(128).optional(),   })	netlify/functions/routes/hrRequests.ts	84
/api/hr/requests/my	hr	hr.requests.submit_own	requirePermission		netlify/functions/routes/hrRequests.ts	75
/api/hr/requests/submit	hr	hr.requests.submit_own	requirePermission,userCan	z.object({     requestType: z.enum(VALID_TYPE_KEYS),     title:       z.string().min(1).max(256),     details:     z.record(z.string(), z.unknown()).optional(),     priority:    z.enum(PRIORITIES).optional(),     employeeId:  z.string().min(1).optional(), // HR-only override     idempotencyKey: z.string().min(1).max(200).optional(),   })	netlify/functions/routes/hrRequests.ts	39
/api/hr/requests/types	hr	hr.requests.submit_own	requirePermission		netlify/functions/routes/hrRequests.ts	32
/api/hr/roster/assignments/bulk	hr	hr.roster.manage	requirePermission	z.object({     rosterId:    z.string().uuid(),     assignments: z.array(assignmentSchema).min(1).max(500),   })	netlify/functions/routes/hrRoster.ts	258
/api/hr/roster/assignments/remove	hr	hr.roster.manage	requirePermission	z.object({ assignmentId: z.string().uuid() })	netlify/functions/routes/hrRoster.ts	249
/api/hr/roster/assignments/upsert	hr	hr.roster.manage	requirePermission	z.object({     rosterId:        z.string().uuid(),     employeeId:      z.string().min(1),     workDate:        z.string().regex(/^\d{4}-\d{2}-\d{2}$/),     shiftTemplateId: z.string().uuid().nullable().optional(),     kind:            z.enum(['shift', 'off', 'leave', 'open']),     hours:           z.number().min(0).max(24).nullable().optional(),     note:            z.string().max(500).nullable().optional(),     source:          z.enum(['manual', 'rotation', 'leave_sync']).optional(),   })	netlify/functions/routes/hrRoster.ts	231
/api/hr/roster/coverage/gaps	hr	hr.roster.view	requirePermission	z.object({ rosterId: z.string().uuid() })	netlify/functions/routes/hrRoster.ts	281
/api/hr/roster/coverage/list	hr	hr.roster.view	requirePermission	z.object({ siteId: z.string().optional(), activeOnly: z.boolean().optional() })	netlify/functions/routes/hrRoster.ts	116
/api/hr/roster/coverage/upsert	hr	hr.roster.templates.manage	requirePermission	z.object({     id:               z.string().uuid().optional(),     siteId:           z.string().nullable().optional(),     departmentId:     z.string().nullable().optional(),     positionId:       z.string().uuid().nullable().optional(),     shiftTemplateId:  z.string().uuid(),     requiredHeadcount: z.number().int().min(1).max(1000),     dayOfWeek:        z.number().int().min(0).max(6).nullable().optional(),     isActive:         z.boolean().optional(),   })	netlify/functions/routes/hrRoster.ts	125
/api/hr/roster/expected-shift	hr	hr.roster.view	requirePermission	z.object({     employeeId: z.string().min(1),     workDate:   z.string().regex(/^\d{4}-\d{2}-\d{2}$/),   })	netlify/functions/routes/hrRoster.ts	310
/api/hr/roster/my-shifts	hr	hr.roster.view_own	requirePermission	z.object({     from: z.string().regex(/^\d{4}-\d{2}-\d{2}$/),     to:   z.string().regex(/^\d{4}-\d{2}-\d{2}$/),     // employee self-view: actor's own shifts only (no employeeId override)   })	netlify/functions/routes/hrRoster.ts	292
/api/hr/roster/reports/hours	hr	hr.roster.view	requirePermission	z.object({ rosterId: z.string().uuid() })	netlify/functions/routes/hrRoster.ts	335
/api/hr/roster/reports/stats	hr	hr.roster.view	requirePermission	z.object({ siteId: z.string().optional(), departmentId: z.string().optional() })	netlify/functions/routes/hrRoster.ts	326
/api/hr/roster/rosters/create	hr	hr.roster.manage	requirePermission	z.object({     title:              z.string().min(1).max(200),     siteId:             z.string().min(1),     departmentId:       z.string().nullable().optional(),     periodStart:        z.string().regex(/^\d{4}-\d{2}-\d{2}$/),     periodEnd:          z.string().regex(/^\d{4}-\d{2}-\d{2}$/),     rotationPatternId:  z.string().uuid().nullable().optional(),   })	netlify/functions/routes/hrRoster.ts	173
/api/hr/roster/rosters/generate	hr	hr.roster.manage	requirePermission	z.object({ rosterId: z.string().uuid(), patternId: z.string().uuid().optional() })	netlify/functions/routes/hrRoster.ts	191
/api/hr/roster/rosters/get	hr	hr.roster.view	requirePermission	z.object({ rosterId: z.string().uuid() })	netlify/functions/routes/hrRoster.ts	161
/api/hr/roster/rosters/list	hr	hr.roster.view	requirePermission	z.object({     siteId:       z.string().optional(),     departmentId: z.string().optional(),     status:       z.string().optional(),     from:         z.string().optional(),     to:           z.string().optional(),     limit:        z.number().int().positive().max(500).optional(),   })	netlify/functions/routes/hrRoster.ts	145
/api/hr/roster/rosters/publish	hr	hr.roster.publish	requirePermission	z.object({ rosterId: z.string().uuid() })	netlify/functions/routes/hrRoster.ts	209
/api/hr/roster/rosters/reopen	hr	hr.roster.manage	requirePermission	z.object({ rosterId: z.string().uuid(), reason: z.string().max(500).optional() })	netlify/functions/routes/hrRoster.ts	220
/api/hr/roster/rosters/sync-leave	hr	hr.roster.manage	requirePermission	z.object({ rosterId: z.string().uuid() })	netlify/functions/routes/hrRoster.ts	200
/api/hr/roster/rotations/list	hr	hr.roster.view	requirePermission	z.object({ activeOnly: z.boolean().optional() })	netlify/functions/routes/hrRoster.ts	85
/api/hr/roster/rotations/upsert	hr	hr.roster.templates.manage	requirePermission	z.object({     id:        z.string().uuid().optional(),     code:      z.string().min(1).max(20),     name:      z.string().min(1).max(100),     cycleDays: z.number().int().min(1).max(365),     pattern:   z.array(patternDaySchema).min(1),     isActive:  z.boolean().optional(),   })	netlify/functions/routes/hrRoster.ts	94
/api/hr/roster/templates/list	hr	hr.roster.view	requirePermission	z.object({ siteId: z.string().optional(), activeOnly: z.boolean().optional() })	netlify/functions/routes/hrRoster.ts	44
/api/hr/roster/templates/remove	hr	hr.roster.templates.manage	requirePermission	z.object({ id: z.string().uuid() })	netlify/functions/routes/hrRoster.ts	74
/api/hr/roster/templates/upsert	hr	hr.roster.templates.manage	requirePermission	z.object({     id:             z.string().uuid().optional(),     code:           z.string().min(1).max(20),     name:           z.string().min(1).max(100),     startsAt:       z.string().regex(/^\d{2}:\d{2}(:\d{2})?$/),     endsAt:         z.string().regex(/^\d{2}:\d{2}(:\d{2})?$/),     crossesMidnight: z.boolean().optional(),     breakMinutes:   z.number().int().min(0).optional(),     paidHours:      z.number().min(0).max(24),     colour:         z.string().max(20).nullable().optional(),     siteId:         z.string().nullable().optional(),     isActive:       z.boolean().optional(),   })	netlify/functions/routes/hrRoster.ts	53
/api/hr/sites/list	hr	hr.view	requirePermission		netlify/functions/routes/hr.ts	963
/api/hr/transfers/list	hr	hr.transfers.view	requirePermission	z.object({     status:     z.string().optional(),     employeeId: z.string().optional(),     limit:      z.number().int().positive().max(500).optional(),   })	netlify/functions/routes/hr.ts	1389
/api/hr/transfers/request	hr	hr.transfers.request	requirePermission	z.object({     employeeId:    z.string().min(1),     departmentId:  z.string().nullable().optional(),     siteId:        z.string().nullable().optional(),     positionId:    z.string().uuid().nullable().optional(),     supervisorId:  z.string().nullable().optional(),     role:          z.string().nullable().optional(),     monthlySalary: z.number().positive().nullable().optional(),     hourlyRate:    z.number().positive().nullable().optional(),     effectiveDate: z.string().regex(/^\d{4}-\d{2}-\d{2}$/, 'effectiveDate must be YYYY-MM-DD'),     reason:        z.string().max(500).optional(),   })	netlify/functions/routes/hr.ts	1345
/api/hr/work-calendars/assignment/command	hr	hr.work_calendar.manage	requirePermission	assignSchema	netlify/functions/routes/hrWorkCalendars.ts	83
/api/hr/work-calendars/holiday-set/command	hr	hr.work_calendar.manage	requirePermission	holidaySchema	netlify/functions/routes/hrWorkCalendars.ts	46
/api/hr/work-calendars/read	hr	hr.work_calendar.view	requirePermission	readSchema	netlify/functions/routes/hrWorkCalendars.ts	102
/api/hr/work-calendars/version/command	hr	hr.work_calendar.manage	requirePermission	versionSchema	netlify/functions/routes/hrWorkCalendars.ts	66
/api/hse/capa/create	hse	hse.capa.manage	requirePermission	CreateCapaSchema	netlify/functions/routes/hseCapa.ts	97
/api/hse/capa/get	hse	hse.capa.view	requirePermission		netlify/functions/routes/hseCapa.ts	66
/api/hse/capa/list	hse	hse.capa.view	requirePermission	ListCapaSchema	netlify/functions/routes/hseCapa.ts	35
/api/hse/capa/update	hse	hse.capa.manage	requirePermission	UpdateCapaSchema	netlify/functions/routes/hseCapa.ts	257
/api/hse/dashboard/kpis	hse	hse.dashboard.view	requirePermission		netlify/functions/routes/hseIncidents.ts	344
/api/hse/incidents/create	hse	hse.incidents.create	requirePermission	CreateSchema	netlify/functions/routes/hseIncidents.ts	150
/api/hse/incidents/detail	hse	hse.incidents.view	requirePermission		netlify/functions/routes/hseIncidents.ts	418
/api/hse/incidents/get	hse	hse.incidents.view	requirePermission		netlify/functions/routes/hseIncidents.ts	85
/api/hse/incidents/list	hse	hse.incidents.view	requirePermission	ListSchema	netlify/functions/routes/hseIncidents.ts	54
/api/hse/incidents/update	hse	hse.incidents.manage	requirePermission	UpdateSchema	netlify/functions/routes/hseIncidents.ts	270
/api/hse/inspection-findings/actions/update	hse	hse.inspections.manage	requirePermission	ActionUpdateSchema	netlify/functions/routes/hseInspections.ts	733
/api/hse/inspection-findings/assign-action	hse	hse.inspections.manage	requirePermission	AssignActionSchema	netlify/functions/routes/hseInspections.ts	698
/api/hse/inspection-findings/close	hse	hse.inspections.review	requirePermission	FindingTransitionSchema	netlify/functions/routes/hseInspections.ts	778
/api/hse/inspection-findings/create	hse	hse.inspections.manage	requirePermission	CreateFindingSchema	netlify/functions/routes/hseInspections.ts	682
/api/hse/inspection-findings/escalate	hse	hse.inspections.manage	requirePermission	FindingTransitionSchema	netlify/functions/routes/hseInspections.ts	800
/api/hse/inspection-findings/get	hse	hse.inspections.view	requirePermission	z.object({ findingId: z.string().uuid() })	netlify/functions/routes/hseInspections.ts	664
/api/hse/inspection-findings/list	hse	hse.inspections.view	requirePermission	FindingListSchema	netlify/functions/routes/hseInspections.ts	644
/api/hse/inspection-findings/reopen	hse	hse.inspections.review	requirePermission	FindingTransitionSchema	netlify/functions/routes/hseInspections.ts	793
/api/hse/inspection-templates/archive	hse	hse.inspections.manage	requirePermission	z.object({ templateId: z.string().uuid() })	netlify/functions/routes/hseInspections.ts	972
/api/hse/inspection-templates/create	hse	hse.inspections.manage	requirePermission	TemplateCreateSchema	netlify/functions/routes/hseInspections.ts	918
/api/hse/inspection-templates/get	hse	hse.inspections.view	requirePermission	z.object({ templateId: z.string().uuid() })	netlify/functions/routes/hseInspections.ts	886
/api/hse/inspection-templates/list	hse	hse.inspections.view	requirePermission	z.object({ inspectionType: z.string().optional(), activeOnly: z.boolean().default(true) })	netlify/functions/routes/hseInspections.ts	874
/api/hse/inspection-templates/update	hse	hse.inspections.manage	requirePermission	z.object({     templateId:  z.string().uuid(),     name:        z.string().min(1).optional(),     description: z.string().nullable().optional(),     isActive:    z.boolean().optional(),   })	netlify/functions/routes/hseInspections.ts	953
/api/hse/inspections/cancel	hse	hse.inspections.manage	requirePermission	TransitionSchema	netlify/functions/routes/hseInspections.ts	467
/api/hse/inspections/create	hse	hse.inspections.create	requirePermission	InspectionCreateSchema	netlify/functions/routes/hseInspections.ts	237
/api/hse/inspections/dashboard	hse	hse.inspections.view	requirePermission		netlify/functions/routes/hseInspections.ts	989
/api/hse/inspections/evidence/add	hse	hse.inspections.manage	requirePermission	EvidenceSchema	netlify/functions/routes/hseInspections.ts	848
/api/hse/inspections/evidence/upload-url	hse	hse.inspections.manage	requirePermission	z.object({ fileName: z.string().min(1), mimeType: z.string().min(1) })	netlify/functions/routes/hseInspections.ts	836
/api/hse/inspections/get	hse	hse.inspections.view	requirePermission	GetInspectionSchema	netlify/functions/routes/hseInspections.ts	173
/api/hse/inspections/list	hse	hse.inspections.view	requirePermission	InspectionListSchema	netlify/functions/routes/hseInspections.ts	142
/api/hse/inspections/reschedule	hse	hse.inspections.manage	requirePermission	RescheduleSchema	netlify/functions/routes/hseInspections.ts	446
/api/hse/inspections/responses/create-finding	hse	hse.inspections.manage	requirePermission	CreateFindingSchema	netlify/functions/routes/hseInspections.ts	623
/api/hse/inspections/responses/save	hse	hse.inspections.manage	requirePermission	ResponseSaveSchema	netlify/functions/routes/hseInspections.ts	502
/api/hse/inspections/review	hse	hse.inspections.review	requirePermission	TransitionSchema	netlify/functions/routes/hseInspections.ts	424
/api/hse/inspections/start	hse	hse.inspections.manage	requirePermission	TransitionSchema	netlify/functions/routes/hseInspections.ts	407
/api/hse/inspections/stats	hse	hse.inspections.view	requirePermission		netlify/functions/routes/hseInspections.ts	984
/api/hse/inspections/submit	hse	hse.inspections.manage	requirePermission	TransitionSchema	netlify/functions/routes/hseInspections.ts	414
/api/hse/inspections/update	hse	hse.inspections.manage	requirePermission	InspectionUpdateSchema	netlify/functions/routes/hseInspections.ts	334
/api/hse/investigations/addEvidence	hse	hse.investigations.manage	requirePermission	AddEvidenceSchema	netlify/functions/routes/hseInvestigations.ts	206
/api/hse/investigations/addRootCause	hse	hse.investigations.manage	requirePermission	AddRootCauseSchema	netlify/functions/routes/hseInvestigations.ts	240
/api/hse/investigations/create	hse	hse.investigations.manage	requirePermission	CreateInvSchema	netlify/functions/routes/hseInvestigations.ts	80
/api/hse/investigations/get	hse	hse.investigations.manage	requirePermission		netlify/functions/routes/hseInvestigations.ts	46
/api/hse/investigations/list	hse	hse.investigations.manage	requirePermission		netlify/functions/routes/hseInvestigations.ts	25
/api/hse/investigations/update	hse	hse.investigations.manage	requirePermission	UpdateInvSchema	netlify/functions/routes/hseInvestigations.ts	162
/api/hse/ptw/permit-templates/create	hse	hse.ptw.manage	requirePermission	TemplateCreateSchema	netlify/functions/routes/hsePtw.ts	2142
/api/hse/ptw/permit-templates/deactivate	hse	hse.ptw.manage	requirePermission	TemplateDeactivateSchema	netlify/functions/routes/hsePtw.ts	2333
/api/hse/ptw/permit-templates/duplicate	hse	hse.ptw.manage	requirePermission	TemplateDuplicateSchema	netlify/functions/routes/hsePtw.ts	2258
/api/hse/ptw/permit-templates/list	hse	hse.ptw.view	requirePermission	TemplateListSchema	netlify/functions/routes/hsePtw.ts	2106
/api/hse/ptw/permit-templates/update	hse	hse.ptw.manage	requirePermission	TemplateUpdateSchema	netlify/functions/routes/hsePtw.ts	2205
/api/hse/ptw/permit-types/list	hse	hse.ptw.view	requirePermission		netlify/functions/routes/hsePtw.ts	1250
/api/hse/ptw/permits/activate	hse	hse.ptw.activate	requirePermission	TransitionSchema	netlify/functions/routes/hsePtw.ts	955
/api/hse/ptw/permits/advance	hse	hse.ptw.manage	requirePermission	TransitionSchema	netlify/functions/routes/hsePtw.ts	900
/api/hse/ptw/permits/approvals/decide	hse	hse.ptw.approve	requirePermission	ApprovalDecideSchema	netlify/functions/routes/hsePtw.ts	1918
/api/hse/ptw/permits/approvals/list	hse	hse.ptw.view	requirePermission	ApprovalListSchema	netlify/functions/routes/hsePtw.ts	1894
/api/hse/ptw/permits/approve	hse	hse.ptw.approve	requirePermission	TransitionSchema	netlify/functions/routes/hsePtw.ts	928
/api/hse/ptw/permits/approve-extension	hse	hse.ptw.approve	requirePermission	z.object({ permitId: z.string().uuid(), note: z.string().nullable().optional() })	netlify/functions/routes/hsePtw.ts	1047
/api/hse/ptw/permits/archive	hse	hse.ptw.manage	requirePermission	TransitionSchema	netlify/functions/routes/hsePtw.ts	1118
/api/hse/ptw/permits/cancel	hse	hse.ptw.manage	requirePermission	TransitionSchema	netlify/functions/routes/hsePtw.ts	1109
/api/hse/ptw/permits/close	hse	hse.ptw.manage	requirePermission	TransitionSchema	netlify/functions/routes/hsePtw.ts	1100
/api/hse/ptw/permits/create	hse	hse.ptw.create	requirePermission	PermitCreateSchema	netlify/functions/routes/hsePtw.ts	460
/api/hse/ptw/permits/get	hse	hse.ptw.view	requirePermission		netlify/functions/routes/hsePtw.ts	687
/api/hse/ptw/permits/isolations/apply	hse	hse.ptw.manage	requirePermission	IsolationIdSchema	netlify/functions/routes/hsePtw.ts	1380
/api/hse/ptw/permits/isolations/create	hse	hse.ptw.manage	requirePermission	IsolationCreateSchema	netlify/functions/routes/hsePtw.ts	1324
/api/hse/ptw/permits/isolations/list	hse	hse.ptw.view	requirePermission	IsolationListSchema	netlify/functions/routes/hsePtw.ts	1294
/api/hse/ptw/permits/isolations/reject	hse	hse.ptw.activate	requirePermission	IsolationRejectSchema	netlify/functions/routes/hsePtw.ts	1492
/api/hse/ptw/permits/isolations/remove	hse	hse.ptw.manage	requirePermission	IsolationIdSchema	netlify/functions/routes/hsePtw.ts	1558
/api/hse/ptw/permits/isolations/verify	hse	hse.ptw.activate	requirePermission	IsolationIdSchema	netlify/functions/routes/hsePtw.ts	1428
/api/hse/ptw/permits/list	hse	hse.ptw.view	requirePermission	PermitListSchema	netlify/functions/routes/hsePtw.ts	365
/api/hse/ptw/permits/reject	hse	hse.ptw.approve	requirePermission	TransitionSchema	netlify/functions/routes/hsePtw.ts	937
/api/hse/ptw/permits/reject-extension	hse	hse.ptw.approve	requirePermission	TransitionSchema	netlify/functions/routes/hsePtw.ts	1074
/api/hse/ptw/permits/request-changes	hse	hse.ptw.approve	requirePermission	TransitionSchema	netlify/functions/routes/hsePtw.ts	946
/api/hse/ptw/permits/request-extension	hse	hse.ptw.manage	requirePermission	ExtensionRequestSchema	netlify/functions/routes/hsePtw.ts	1000
/api/hse/ptw/permits/revalidate	hse	hse.ptw.activate	requirePermission	TransitionSchema	netlify/functions/routes/hsePtw.ts	985
/api/hse/ptw/permits/save-draft	hse	hse.ptw.create	requirePermission	PermitUpdateSchema	netlify/functions/routes/hsePtw.ts	833
/api/hse/ptw/permits/simops/approve-override	hse	hse.ptw.approve	requirePermission	SimopsConflictActionSchema	netlify/functions/routes/hsePtw.ts	1832
/api/hse/ptw/permits/simops/check	hse	hse.ptw.manage	requirePermission	SimopsCheckSchema	netlify/functions/routes/hsePtw.ts	1636
/api/hse/ptw/permits/simops/list	hse	hse.ptw.view	requirePermission	SimopsListSchema	netlify/functions/routes/hsePtw.ts	1614
/api/hse/ptw/permits/simops/resolve	hse	hse.ptw.manage	requirePermission	SimopsConflictActionSchema	netlify/functions/routes/hsePtw.ts	1777
/api/hse/ptw/permits/stats	hse	hse.ptw.view	requirePermission		netlify/functions/routes/hsePtw.ts	1128
/api/hse/ptw/permits/submit	hse	hse.ptw.create	requirePermission	TransitionSchema	netlify/functions/routes/hsePtw.ts	888
/api/hse/ptw/permits/suspend	hse	hse.ptw.manage	requirePermission	TransitionSchema	netlify/functions/routes/hsePtw.ts	976
/api/hse/ptw/permits/update	hse	hse.ptw.create	requirePermission	PermitUpdateSchema	netlify/functions/routes/hsePtw.ts	778
/api/hse/risk-jsa/activate	hse	hse.risk.manage	requirePermission	ActionSchema	netlify/functions/routes/hseRiskJsa.ts	1517
/api/hse/risk-jsa/approve	hse	hse.risk.approve	requirePermission	ActionSchema	netlify/functions/routes/hseRiskJsa.ts	1496
/api/hse/risk-jsa/archive	hse	hse.risk.manage	requirePermission	ActionSchema	netlify/functions/routes/hseRiskJsa.ts	1517
/api/hse/risk-jsa/assessments/create	hse	hse.risk.manage	requirePermission	RaCreateSchema	netlify/functions/routes/hseRiskJsa.ts	685
/api/hse/risk-jsa/assessments/detail	hse	hse.risk.view	requirePermission		netlify/functions/routes/hseRiskJsa.ts	774
/api/hse/risk-jsa/assessments/list	hse	hse.risk.view	requirePermission	RaListSchema	netlify/functions/routes/hseRiskJsa.ts	640
/api/hse/risk-jsa/assessments/submit	hse	hse.risk.manage	requirePermission	AssessmentSubmitSchema	netlify/functions/routes/hseRiskJsa.ts	831
/api/hse/risk-jsa/assessments/update	hse	hse.risk.manage	requirePermission	z.object({     assessmentId: z.uuid(),     title:        z.string().min(1).max(300).optional(),     description:  z.string().optional(),     status:       z.string().optional(),     reviewDueAt:  z.string().nullable().optional(),     version:      z.number().int().optional(),   })	netlify/functions/routes/hseRiskJsa.ts	521
/api/hse/risk-jsa/attachments/create	hse	hse.risk.manage	requirePermission	z.object({     entityType:  AttachEntity,     entityId:    z.string().min(1),     fileName:    z.string().min(1),     mimeType:    z.string().min(1),     storagePath: z.string().min(1),   })	netlify/functions/routes/hseRiskJsa.ts	1749
/api/hse/risk-jsa/attachments/delete	hse	hse.risk.manage	requirePermission	z.object({ attachmentId: z.uuid() })	netlify/functions/routes/hseRiskJsa.ts	1800
/api/hse/risk-jsa/attachments/list	hse	hse.risk.view	requirePermission	z.object({ entityType: AttachEntity, entityId: z.string().min(1) })	netlify/functions/routes/hseRiskJsa.ts	1780
/api/hse/risk-jsa/attachments/upload-url	hse	hse.risk.manage	requirePermission	z.object({ fileName: z.string().min(1), mimeType: z.string().min(1) })	netlify/functions/routes/hseRiskJsa.ts	1736
/api/hse/risk-jsa/close	hse	hse.risk.manage	requirePermission	ActionSchema	netlify/functions/routes/hseRiskJsa.ts	1517
/api/hse/risk-jsa/controls/create	hse	hse.risk.manage	requirePermission	ControlCreateSchema	netlify/functions/routes/hseRiskJsa.ts	1263
/api/hse/risk-jsa/controls/verify	hse	hse.risk.manage	requirePermission	ControlVerifySchema	netlify/functions/routes/hseRiskJsa.ts	1848
/api/hse/risk-jsa/hazards/create	hse	hse.risk.manage	requirePermission	HazardCreateSchema	netlify/functions/routes/hseRiskJsa.ts	275
/api/hse/risk-jsa/hazards/detail	hse	hse.risk.view	requirePermission		netlify/functions/routes/hseRiskJsa.ts	443
/api/hse/risk-jsa/hazards/list	hse	hse.risk.view	requirePermission	HazardListSchema	netlify/functions/routes/hseRiskJsa.ts	227
/api/hse/risk-jsa/hazards/submit	hse	hse.risk.manage	requirePermission	HazardSubmitSchema	netlify/functions/routes/hseRiskJsa.ts	1828
/api/hse/risk-jsa/hazards/update	hse	hse.risk.manage	requirePermission	HazardUpdateSchema	netlify/functions/routes/hseRiskJsa.ts	593
/api/hse/risk-jsa/jsa/acknowledge	hse	hse.risk.view	requirePermission	AckSchema	netlify/functions/routes/hseRiskJsa.ts	1546
/api/hse/risk-jsa/jsa/create	hse	hse.risk.manage	requirePermission	JsaCreateSchema	netlify/functions/routes/hseRiskJsa.ts	940
/api/hse/risk-jsa/jsa/detail	hse	hse.risk.view	requirePermission		netlify/functions/routes/hseRiskJsa.ts	1159
/api/hse/risk-jsa/jsa/from-assessment	hse	hse.risk.view	requirePermission		netlify/functions/routes/hseRiskJsa.ts	1114
/api/hse/risk-jsa/jsa/list	hse	hse.risk.view	requirePermission	JsaListSchema	netlify/functions/routes/hseRiskJsa.ts	850
/api/hse/risk-jsa/jsa/submit	hse	hse.risk.manage	requirePermission	JsaSubmitSchema	netlify/functions/routes/hseRiskJsa.ts	1240
/api/hse/risk-jsa/jsa/update	hse	hse.risk.manage	requirePermission	z.object({     jsaId:       z.uuid(),     title:       z.string().min(1).max(300).optional(),     description: z.string().optional(),     status:      z.string().optional(),     reviewDueAt: z.string().nullable().optional(),     version:     z.number().int().optional(),   })	netlify/functions/routes/hseRiskJsa.ts	550
/api/hse/risk-jsa/library/controls	hse	hse.risk.view	requirePermission	ControlLibrarySchema	netlify/functions/routes/hseRiskJsa.ts	1716
/api/hse/risk-jsa/library/hazards	hse	hse.risk.view	requirePermission	HazardLibrarySchema	netlify/functions/routes/hseRiskJsa.ts	1653
/api/hse/risk-jsa/library/hazards/create	hse	hse.risk.library.manage	requirePermission	HazardLibraryCreateSchema	netlify/functions/routes/hseRiskJsa.ts	1682
/api/hse/risk-jsa/queue	hse	hse.risk.view	requirePermission	QueueSchema	netlify/functions/routes/hseRiskJsa.ts	1616
/api/hse/risk-jsa/reject	hse	hse.risk.approve	requirePermission	ActionSchema	netlify/functions/routes/hseRiskJsa.ts	1496
/api/hse/risk-jsa/request-changes	hse	hse.risk.approve	requirePermission	ActionSchema	netlify/functions/routes/hseRiskJsa.ts	1496
/api/hse/risk-jsa/review	hse	hse.risk.approve	requirePermission	ReviewSchema	netlify/functions/routes/hseRiskJsa.ts	1584
/api/hse/risk-jsa/summary	hse	hse.risk.view	requirePermission		netlify/functions/routes/hseRiskJsa.ts	133
/api/hse/risk-jsa/templates/duplicate	hse	hse.risk.manage	requirePermission	TemplateDuplicateSchema	netlify/functions/routes/hseRiskJsa.ts	1905
/api/hse/risk-jsa/templates/list	hse	hse.risk.manage	requirePermission		netlify/functions/routes/hseRiskJsa.ts	1887
/api/hse/training/assignments/cancel	hse	hse.training.manage	requirePermission	z.object({ assignmentId: z.string().uuid(), note: z.string().nullable().optional() })	netlify/functions/routes/hseTraining.ts	547
/api/hse/training/assignments/complete	hse	hse.training.manage	requirePermission	z.object({ assignmentId: z.string().uuid(), linkedCertificateId: z.string().uuid().nullable().optional() })	netlify/functions/routes/hseTraining.ts	537
/api/hse/training/assignments/create	hse	hse.training.manage	requirePermission	AssignCreateSchema	netlify/functions/routes/hseTraining.ts	504
/api/hse/training/assignments/list	hse	hse.training.view	requirePermission	z.object({ workerId: z.string().optional(), status: z.string().optional(), limit: z.number().int().min(1).max(500).default(200) })	netlify/functions/routes/hseTraining.ts	488
/api/hse/training/certificates/archive	hse	hse.training.manage	requirePermission	z.object({ certificateId: z.string().uuid() })	netlify/functions/routes/hseTraining.ts	458
/api/hse/training/certificates/create	hse	hse.training.manage	requirePermission	CertCreateSchema	netlify/functions/routes/hseTraining.ts	355
/api/hse/training/certificates/evidence/add	hse	hse.training.manage	requirePermission	z.object({ certificateId: z.string().uuid(), fileName: z.string().min(1), filePath: z.string().min(1), fileType: z.string().nullable().optional(), fileSize: z.number().int().nullable().optional(), evidenceType: z.enum(['certificate', 'training_card', 'attendance_sheet', 'provider_confirmation', 'other']).default('certificate') })	netlify/functions/routes/hseTraining.ts	475
/api/hse/training/certificates/evidence/upload-url	hse	hse.training.manage	requirePermission	z.object({ fileName: z.string().min(1), mimeType: z.string().min(1) })	netlify/functions/routes/hseTraining.ts	466
/api/hse/training/certificates/get	hse	hse.training.view	requirePermission	z.object({ certificateId: z.string().uuid() })	netlify/functions/routes/hseTraining.ts	334
/api/hse/training/certificates/list	hse	hse.training.view	requirePermission	z.object({ workerId: z.string().optional(), competencyId: z.string().uuid().optional(), status: z.string().optional(), limit: z.number().int().min(1).max(500).default(200) })	netlify/functions/routes/hseTraining.ts	321
/api/hse/training/certificates/reject	hse	hse.training.verify	requirePermission	z.object({ certificateId: z.string().uuid(), reason: z.string().min(1) })	netlify/functions/routes/hseTraining.ts	445
/api/hse/training/certificates/renew	hse	hse.training.manage	requirePermission	RenewSchema	netlify/functions/routes/hseTraining.ts	398
/api/hse/training/certificates/revoke	hse	hse.training.verify	requirePermission	z.object({ certificateId: z.string().uuid(), reason: z.string().min(1) })	netlify/functions/routes/hseTraining.ts	452
/api/hse/training/certificates/verify	hse	hse.training.verify	requirePermission	z.object({ certificateId: z.string().uuid(), comments: z.string().nullable().optional() })	netlify/functions/routes/hseTraining.ts	434
/api/hse/training/competencies/create	hse	hse.training.manage	requirePermission	CompetencyCreateSchema	netlify/functions/routes/hseTraining.ts	220
/api/hse/training/competencies/list	hse	hse.training.view	requirePermission	z.object({ activeOnly: z.boolean().default(true) })	netlify/functions/routes/hseTraining.ts	203
/api/hse/training/competencies/update	hse	hse.training.manage	requirePermission	z.object({ competencyId: z.string().uuid(), name: z.string().optional(), isActive: z.boolean().optional(), defaultRenewalWindowDays: z.number().int().optional() })	netlify/functions/routes/hseTraining.ts	234
/api/hse/training/competency-matrix	hse	hse.training.view	requirePermission	z.object({     siteId: z.string().optional(), departmentId: z.string().optional(), roleId: z.string().optional(),     status: z.string().optional(), competencyId: z.string().optional(), workerSearch: z.string().optional(),   })	netlify/functions/routes/hseTraining.ts	157
/api/hse/training/courses/create	hse	hse.training.manage	requirePermission	z.object({ name: z.string().min(1), competencyId: z.string().uuid().nullable().optional(), provider: z.string().nullable().optional(), courseCode: z.string().nullable().optional(), validityMonths: z.number().int().nullable().optional(), isInternal: z.boolean().default(false) })	netlify/functions/routes/hseTraining.ts	259
/api/hse/training/courses/list	hse	hse.training.view	requirePermission	z.object({ competencyId: z.string().uuid().optional(), activeOnly: z.boolean().default(true) })	netlify/functions/routes/hseTraining.ts	248
/api/hse/training/dashboard	hse	hse.training.view	requirePermission		netlify/functions/routes/hseTraining.ts	200
/api/hse/training/requirements/create	hse	hse.training.manage	requirePermission	RequirementCreateSchema	netlify/functions/routes/hseTraining.ts	291
/api/hse/training/requirements/delete	hse	hse.training.manage	requirePermission	z.object({ requirementId: z.string().uuid() })	netlify/functions/routes/hseTraining.ts	308
/api/hse/training/requirements/list	hse	hse.training.view	requirePermission	z.object({ roleName: z.string().optional(), competencyId: z.string().uuid().optional(), activeOnly: z.boolean().default(true) })	netlify/functions/routes/hseTraining.ts	272
/api/hse/training/stats	hse	hse.training.view	requirePermission		netlify/functions/routes/hseTraining.ts	199
/api/layout/get	widgets		requireUser		netlify/functions/routes/uiPrefs.ts	75
/api/layout/getInstanceLayout	widgets		requireUser		netlify/functions/routes/uiPrefs.ts	180
/api/layout/resetInstanceLayout	widgets	ui.layout.manage	requirePermission		netlify/functions/routes/uiPrefs.ts	230
/api/layout/resetOverride	widgets		requireUser		netlify/functions/routes/uiPrefs.ts	122
/api/layout/saveDefault	widgets		requireRole		netlify/functions/routes/uiPrefs.ts	90
/api/layout/saveInstanceLayout	widgets	ui.layout.manage	requirePermission		netlify/functions/routes/uiPrefs.ts	198
/api/layout/saveInstanceLayoutDefault	widgets	ui.layout.default.manage	requirePermission		netlify/functions/routes/uiPrefs.ts	213
/api/layout/saveOverride	widgets		requireUser		netlify/functions/routes/uiPrefs.ts	107
/api/listAssignableRoles	hr	employees.edit	requirePermission		netlify/functions/routes/employees.ts	291
/api/listAttendance	hr		requireRole	ListAttendanceSchema	netlify/functions/routes/attendance.ts	255
/api/listDailyLog	hr		requireRole	ListDailyLogSchema	netlify/functions/routes/attendance.ts	303
/api/listDepartments	hr		requireUser		netlify/functions/routes/departments.ts	46
/api/listEmployees	hr		requireRole		netlify/functions/routes/employees.ts	26
/api/listManagers	hr		requireRole		netlify/functions/routes/employees.ts	283
/api/listProjectSites	platform		requireUser		netlify/functions/routes/sites.ts	58
/api/listUserOptions	hr		requireUser		netlify/functions/routes/employees.ts	316
/api/login	security			LoginSchema	netlify/functions/routes/auth.ts	167
/api/logout	security		requireUser		netlify/functions/routes/auth.ts	602
/api/markAllNotificationsRead	communications		requireUser		netlify/functions/routes/notify.ts	99
/api/markAttendance	hr		requireUser	MarkAttendanceSchema	netlify/functions/routes/attendance.ts	34
/api/markNotificationRead	communications		requireUser	MarkReadSchema	netlify/functions/routes/notify.ts	82
/api/orchestration/record-links/create	workflow		requireUser	LinkCreateSchema	netlify/functions/routes/orchestration.ts	71
/api/orchestration/record-links/delete	workflow		requireUser	LinkDeleteSchema	netlify/functions/routes/orchestration.ts	89
/api/orchestration/record-links/list	workflow		requireUser	LinkListSchema	netlify/functions/routes/orchestration.ts	80
/api/orchestration/timeline/get	workflow		requireUser	TimelineSchema	netlify/functions/routes/orchestration.ts	62
/api/profile-photo/commit	settings		requireUser,userCan	ProfilePhotoCommitSchema	netlify/functions/routes/settings.ts	134
/api/profile-photo/enhance	settings		requireUser		netlify/functions/routes/settings.ts	232
/api/profile-photo/remove	settings		requireUser		netlify/functions/routes/settings.ts	187
/api/profile-photo/upload-url	settings		requireUser		netlify/functions/routes/settings.ts	85
/api/refreshToken	security				netlify/functions/routes/auth.ts	579
/api/replyTicket	communications		requireUser	ReplyTicketSchema	netlify/functions/routes/tickets.ts	89
/api/saveWorkHours	settings		requireRole	SaveWorkHoursSchema	netlify/functions/routes/settings.ts	53
/api/sendNotification	communications		requireRole	SendNotifSchema	netlify/functions/routes/notify.ts	195
/api/settings/audit/list	settings	settings.audit_policy.view	requirePermission	z.object({ settingKey: z.string().optional(), moduleKey: z.string().optional() })	netlify/functions/routes/settingsCatalog.ts	269
/api/settings/catalog/list	settings		requireUser	z.object({ moduleKey: z.string().min(1) })	netlify/functions/routes/settingsCatalog.ts	60
/api/settings/catalog/sync	settings	settings.manage	requirePermission		netlify/functions/routes/settingsCatalog.ts	49
/api/settings/critical	settings		requireUser,userCan		netlify/functions/routes/settingsCatalog.ts	132
/api/settings/effective	settings		requireUser,userCan	z.object({ moduleKey: z.string().min(1) })	netlify/functions/routes/settingsCatalog.ts	70
/api/settings/manifests/approve	settings	settings.manifests.approve	requirePermission	z.object({ moduleKey: z.string().min(1) })	netlify/functions/routes/settingsCatalog.ts	349
/api/settings/manifests/deprecate	settings	settings.manifests.deprecate	requirePermission	z.object({ moduleKey: z.string().min(1) })	netlify/functions/routes/settingsCatalog.ts	365
/api/settings/manifests/get	settings	settings.manifests.view	requirePermission	z.object({ moduleKey: z.string().min(1) })	netlify/functions/routes/settingsCatalog.ts	299
/api/settings/manifests/list	settings	settings.manifests.view	requirePermission	z.object({ reviewStatus: z.string().optional() })	netlify/functions/routes/settingsCatalog.ts	288
/api/settings/manifests/return	settings	settings.manifests.return	requirePermission	z.object({ moduleKey: z.string().min(1), reason: z.string().min(1).max(500) })	netlify/functions/routes/settingsCatalog.ts	357
/api/settings/manifests/review	settings	settings.manifests.review	requirePermission	z.object({     moduleKey: z.string().min(1), reviewerRole: z.enum(REVIEWER_ROLES),     decision: z.enum(['approved', 'returned', 'not_required']), comment: z.string().max(500).optional(),   })	netlify/functions/routes/settingsCatalog.ts	331
/api/settings/manifests/submit	settings	settings.manifests.submit	requirePermission	z.object({ moduleKey: z.string().min(1) })	netlify/functions/routes/settingsCatalog.ts	323
/api/settings/my-preferences	settings		requireUser		netlify/functions/routes/settingsCatalog.ts	107
/api/settings/resolve	settings		requireUser	z.object({ settingKey: z.string().min(1), moduleKey: z.string().min(1) })	netlify/functions/routes/settingsCatalog.ts	165
/api/settings/values/reset	settings		requireUser,userCan	z.object({     settingKey: z.string().min(1), scopeType: z.enum(SCOPE_TYPES), scopeId: z.string().nullable().optional(), reason: z.string().max(500).optional(),   })	netlify/functions/routes/settingsCatalog.ts	233
/api/settings/values/set	settings		requireUser,userCan	z.object({     settingKey: z.string().min(1), scopeType: z.enum(SCOPE_TYPES), scopeId: z.string().nullable().optional(),     value: z.unknown(), reason: z.string().max(500).optional(),   })	netlify/functions/routes/settingsCatalog.ts	181
/api/setup2fa	security			Setup2faInitSchema	netlify/functions/routes/auth.ts	444
/api/superadmin/clearUserPermission	security	permissions.manage	requirePermission	ClearUserPermSchema	netlify/functions/routes/superadmin.ts	404
/api/superadmin/complianceApproverAvailability	platform	permissions.manage	requirePermission	ApproverAvailabilitySchema	netlify/functions/routes/superadmin.ts	394
/api/superadmin/createRole	platform	roles.manage	requirePermission	CreateRoleSchema	netlify/functions/routes/superadmin.ts	728
/api/superadmin/createRoleCategory	platform	roles.manage	requirePermission	CreateCategorySchema	netlify/functions/routes/superadmin.ts	819
/api/superadmin/deleteRole	platform	roles.manage	requirePermission	DeleteRoleSchema	netlify/functions/routes/superadmin.ts	777
/api/superadmin/deleteRoleCategory	platform	roles.manage	requirePermission	DeleteCategorySchema	netlify/functions/routes/superadmin.ts	849
/api/superadmin/getActiveSessions	platform	sessions.manage	requirePermission		netlify/functions/routes/superadmin.ts	501
/api/superadmin/getAuditLogs	platform	audit.view	requirePermission	GetAuditLogsSchema	netlify/functions/routes/superadmin.ts	588
/api/superadmin/getRolePermissions	security	roles.manage	requirePermission	GetRolePermsSchema	netlify/functions/routes/superadmin.ts	709
/api/superadmin/getUserPermissions	security	permissions.manage	requirePermission	GetUserPermsSchema	netlify/functions/routes/superadmin.ts	321
/api/superadmin/listRoleCategories	platform	roles.manage	requirePermission		netlify/functions/routes/superadmin.ts	807
/api/superadmin/listRoles	platform	roles.manage	requirePermission		netlify/functions/routes/superadmin.ts	684
/api/superadmin/listUsers	platform	permissions.manage	requirePermission		netlify/functions/routes/superadmin.ts	271
/api/superadmin/revokeSession	platform	sessions.manage	requirePermission	RevokeSessionSchema	netlify/functions/routes/superadmin.ts	550
/api/superadmin/setRolePermission	security	roles.manage	requirePermission	SetRolePermSchema	netlify/functions/routes/superadmin.ts	864
/api/superadmin/setUserPermission	security	permissions.manage	requirePermission	SetUserPermSchema	netlify/functions/routes/superadmin.ts	337
/api/superadmin/updateRole	platform	roles.manage	requirePermission	UpdateRoleSchema	netlify/functions/routes/superadmin.ts	748
/api/superadmin/updateRoleCategory	platform	roles.manage	requirePermission	UpdateCategorySchema	netlify/functions/routes/superadmin.ts	836
/api/theme/get	widgets				netlify/functions/routes/uiPrefs.ts	48
/api/theme/save	widgets		requireRole		netlify/functions/routes/uiPrefs.ts	53
/api/updateColorScheme	security		requireUser	UpdateColorSchemeSchema	netlify/functions/routes/auth.ts	618
/api/updateDepartment	hr	departments.edit	requirePermission	UpdateDepartmentSchema	netlify/functions/routes/departments.ts	64
/api/updateEmployee	hr	employees.edit	assertInScope,requirePermission	UpdateEmployeeSchema	netlify/functions/routes/employees.ts	130
/api/updateLayoutMode	security		requireUser	UpdateLayoutModeSchema	netlify/functions/routes/auth.ts	627
/api/updateMyPreference	platform		requireUser	UpdatePrefSchema	netlify/functions/routes/notify.ts	127
/api/updateMyProfile	security		requireUser	UpdateMyProfileSchema	netlify/functions/routes/auth.ts	636
/api/updateProjectSite	platform	sites.edit	assertInScope,requirePermission	UpdateSiteSchema	netlify/functions/routes/sites.ts	97
/api/updateSetting	settings		requireRole	UpdateSettingSchema	netlify/functions/routes/settings.ts	33
/api/updateTicketStatus	communications		requireUser	UpdateTicketSchema	netlify/functions/routes/tickets.ts	105
/api/uploadLogo	settings		requireRole	UploadLogoSchema	netlify/functions/routes/settings.ts	66
/api/verify2fa	security			Verify2faExtSchema	netlify/functions/routes/auth.ts	358
/api/verifyPassword	security		requireUser	VerifyPasswordSchema	netlify/functions/routes/auth.ts	713
/api/webauthn/auth/options	security			AuthOptionsSchema	netlify/functions/routes/webauthn.ts	289
/api/webauthn/auth/verify	security			AuthVerifySchema	netlify/functions/routes/webauthn.ts	321
/api/webauthn/credentials/delete	security			CredentialIdSchema	netlify/functions/routes/webauthn.ts	251
/api/webauthn/credentials/list	security		requireUser		netlify/functions/routes/webauthn.ts	225
/api/webauthn/credentials/rename	security		requireUser	RenameSchema	netlify/functions/routes/webauthn.ts	236
/api/webauthn/prompt/dismiss	security		requireUser		netlify/functions/routes/webauthn.ts	218
/api/webauthn/register/options	security		requireUser		netlify/functions/routes/webauthn.ts	94
/api/webauthn/register/preauth/options	security			PreauthRegOptionsSchema	netlify/functions/routes/webauthn.ts	161
/api/webauthn/register/preauth/verify	security			PreauthRegVerifySchema	netlify/functions/routes/webauthn.ts	175
/api/webauthn/register/verify	security		requireUser	RegisterVerifySchema	netlify/functions/routes/webauthn.ts	111
/api/widgets/packages/install	widgets	ui.widgets.packages.manage	requirePermission		netlify/functions/routes/widgetPackages.ts	95
/api/widgets/packages/list	widgets	ui.widgets.packages.view	requirePermission		netlify/functions/routes/widgetPackages.ts	81
/api/widgets/packages/uninstall	widgets	ui.widgets.packages.manage	requirePermission		netlify/functions/routes/widgetPackages.ts	142
/api/workflow-engine/audit/list	workflow	workflow.audit.view	requirePermission	z.object({ workflowId: z.uuid().optional(), moduleKey: z.string().optional() })	netlify/functions/routes/workflowEngine.ts	252
/api/workflow-engine/bindings/create	workflow	workflow.bindings.create	requirePermission	z.object({     moduleKey: z.string().min(1), workflowType: z.string().min(1), triggerEvent: z.string().min(1),     templateId: z.uuid(), templateVersionId: z.uuid().nullable().optional(),     scopeType: z.enum(['global','site','department','role']).default('global'), scopeId: z.string().nullable().optional(),     priority: z.number().int().default(100), conditions: z.record(z.string(), z.unknown()).optional(), isActive: z.boolean().default(true),   }).strict()	netlify/functions/routes/workflowEngine.ts	307
/api/workflow-engine/bindings/list	workflow	workflow.bindings.view	requirePermission	z.object({ moduleKey: z.string().optional() })	netlify/functions/routes/workflowEngine.ts	296
/api/workflow-engine/bindings/set-active	workflow	v.ok && v.data.active ? 'workflow.bindings.activate' : 'workflow.bindings.deactivate'	requirePermission	z.object({ bindingId: z.uuid(), active: z.boolean() })	netlify/functions/routes/workflowEngine.ts	335
/api/workflow-engine/cancel	workflow	workflow.instances.cancel	requirePermission	z.object({     workflowId: z.uuid(), reason: z.string().min(1).max(500),     idempotencyKey: z.uuid(),   }).strict()	netlify/functions/routes/workflowEngine.ts	131
/api/workflow-engine/decide	workflow		requireUser,userCan	z.object({     workflowId: z.uuid(), taskId: z.uuid(),     decision: z.enum(['approved','returned','rejected']), comment: z.string().max(2000).optional(),     attachmentIds: z.array(z.string()).optional(),     overrideReason: z.string().max(500).optional(),   // required by the RPC for elevated-not-assigned decisions   })	netlify/functions/routes/workflowEngine.ts	77
/api/workflow-engine/delegate	workflow	workflow.tasks.delegate	requirePermission	z.object({     taskId: z.uuid(), delegateTo: z.string().min(1),     reason: z.string().min(1).max(500), idempotencyKey: z.uuid(),   }).strict()	netlify/functions/routes/workflowEngine.ts	99
/api/workflow-engine/get	workflow	workflow.instances.view	requirePermission	z.object({ workflowId: z.uuid() })	netlify/functions/routes/workflowEngine.ts	178
/api/workflow-engine/my-tasks	workflow	workflow.my_tasks.view	requirePermission		netlify/functions/routes/workflowEngine.ts	149
/api/workflow-engine/outbox/list	workflow	workflow.handoffs.view	requirePermission	z.object({ status: z.string().optional(), workflowId: z.uuid().optional() })	netlify/functions/routes/workflowEngine.ts	194
/api/workflow-engine/outbox/process	workflow	workflow.handoffs.retry	requirePermission		netlify/functions/routes/workflowEngine.ts	215
/api/workflow-engine/outbox/replay	workflow	workflow.handoffs.retry	requirePermission	z.object({ transitionId: z.uuid(), reason: z.string().min(1).max(500) })	netlify/functions/routes/workflowEngine.ts	225
/api/workflow-engine/reassign	workflow	workflow.instances.reassign	requirePermission	z.object({     taskId: z.uuid(), reassignTo: z.string().min(1),     reason: z.string().min(1).max(500), idempotencyKey: z.uuid(),   }).strict()	netlify/functions/routes/workflowEngine.ts	115
/api/workflow-engine/register	workflow	workflow.register.view	requirePermission	z.object({ moduleKey: z.string().optional(), status: z.string().optional() })	netlify/functions/routes/workflowEngine.ts	166
/api/workflow-engine/start	workflow	workflow.submit	requirePermission,userCan	z.object({     moduleKey:         z.string().min(1),     workflowType:      z.string().min(1),     triggerEvent:      z.string().min(1),     sourceRecordId:    z.string().min(1),     templateVersionId: z.uuid(),     idempotencyKey:    z.uuid(),   }).strict()	netlify/functions/routes/workflowEngine.ts	32
/api/workflow-engine/templates/version/create	workflow	workflow.templates.update	requirePermission	z.object({ templateId: z.uuid(), definition: z.record(z.string(), z.unknown()), changeSummary: z.string().max(500).optional() })	netlify/functions/routes/workflowEngine.ts	266
/api/workflow-engine/templates/version/publish	workflow	workflow.templates.publish	requirePermission	z.object({ versionId: z.uuid() }).strict()	netlify/functions/routes/workflowEngine.ts	283
/api/workflows/audit	workflow	workflow.view	requirePermission		netlify/functions/routes/workflows.ts	192
/api/workflows/create	workflow	workflow.view	requirePermission,userCan	CreateWorkflowSchema	netlify/functions/routes/workflows.ts	42
/api/workflows/decision	workflow	workflow.approve	requirePermission	DecisionSchema	netlify/functions/routes/workflows.ts	168
/api/workflows/get	workflow	workflow.view	requirePermission		netlify/functions/routes/workflows.ts	116
/api/workflows/list	workflow	workflow.view	requirePermission	ListWorkflowsSchema	netlify/functions/routes/workflows.ts	87
/api/workflows/tasks	workflow	workflow.view	requirePermission		netlify/functions/routes/workflows.ts	144
UNMOUNTED:/contracts/activate	platform	hr.contracts.manage	requirePermission	z.object({ contractId: z.string().uuid() })	netlify/functions/routes/hrContracts.ts	101
UNMOUNTED:/contracts/cancel	platform	hr.contracts.manage	requirePermission	z.object({ contractId: z.string().uuid(), reason: z.string().trim().max(500).nullable().optional() })	netlify/functions/routes/hrContracts.ts	127
UNMOUNTED:/contracts/create	platform	hr.contracts.manage	requirePermission	z.object({     employeeId: z.string().min(1), templateId: z.string().uuid().nullable().optional(), title: z.string().trim().min(1),     contractType: z.enum(CONTRACT_TYPES), startDate: z.string().nullable().optional(), endDate: z.string().nullable().optional(),     probationEndDate: z.string().nullable().optional(), compensationAmount: z.number().nonnegative().nullable().optional(),     compensationCurrency: z.string().nullable().optional(), compensationPeriod: z.enum(PERIODS).nullable().optional(),     body: z.string().nullable().optional(), onboardingCaseId: z.string().uuid().nullable().optional(),     signatories: z.array(signatoryInput).optional(),   })	netlify/functions/routes/hrContracts.ts	70
UNMOUNTED:/contracts/dashboard-stats	platform	hr.contracts.view	requirePermission		netlify/functions/routes/hrContracts.ts	57
UNMOUNTED:/contracts/expire-sweep	platform	hr.contracts.manage	requirePermission		netlify/functions/routes/hrContracts.ts	134
UNMOUNTED:/contracts/get	platform	hr.contracts.view	requirePermission	z.object({ contractId: z.string().uuid() })	netlify/functions/routes/hrContracts.ts	46
UNMOUNTED:/contracts/issue	platform	hr.contracts.manage	requirePermission	z.object({ contractId: z.string().uuid(), signatories: z.array(signatoryInput).optional() })	netlify/functions/routes/hrContracts.ts	84
UNMOUNTED:/contracts/list	platform	hr.contracts.view	requirePermission	z.object({ status: z.string().optional(), employeeId: z.string().optional(), contractType: z.enum(CONTRACT_TYPES).optional() })	netlify/functions/routes/hrContracts.ts	39
UNMOUNTED:/contracts/renew	platform	hr.contracts.manage	requirePermission	z.object({     contractId: z.string().uuid(), startDate: z.string().nullable().optional(), endDate: z.string().nullable().optional(),     probationEndDate: z.string().nullable().optional(), compensationAmount: z.number().nonnegative().nullable().optional(),     compensationCurrency: z.string().nullable().optional(), compensationPeriod: z.enum(PERIODS).nullable().optional(),     title: z.string().trim().nullable().optional(),   })	netlify/functions/routes/hrContracts.ts	108
UNMOUNTED:/contracts/sign	platform	hr.contracts.manage	requirePermission	z.object({     signatoryRowId: z.string().uuid(), decision: z.enum(['signed', 'declined']),     method: z.enum(METHODS).optional(), declineReason: z.string().trim().max(500).nullable().optional(),   })	netlify/functions/routes/hrContracts.ts	91
UNMOUNTED:/contracts/templates/create	platform	hr.contracts.template.manage	requirePermission	z.object({     templateKey: z.string().trim().min(1), name: z.string().trim().min(1), description: z.string().nullable().optional(),     contractType: z.enum(CONTRACT_TYPES), workerTypes: z.array(z.string()).optional(), bodyTemplate: z.string().optional(),     clauses: z.array(clauseInput).optional(), defaultDurationMonths: z.number().int().nullable().optional(), probationMonths: z.number().int().nullable().optional(),   })	netlify/functions/routes/hrContracts.ts	140
UNMOUNTED:/contracts/templates/list	platform	hr.contracts.view	requirePermission	z.object({ status: z.string().optional(), contractType: z.enum(CONTRACT_TYPES).optional() })	netlify/functions/routes/hrContracts.ts	62
UNMOUNTED:/contracts/templates/retire	platform	hr.contracts.template.manage	requirePermission	z.object({ templateId: z.string().uuid() })	netlify/functions/routes/hrContracts.ts	162
UNMOUNTED:/contracts/templates/update	platform	hr.contracts.template.manage	requirePermission	z.object({     templateId: z.string().uuid(), name: z.string().trim().optional(), description: z.string().nullable().optional(),     contractType: z.enum(CONTRACT_TYPES).optional(), workerTypes: z.array(z.string()).optional(), bodyTemplate: z.string().optional(),     clauses: z.array(clauseInput).optional(), defaultDurationMonths: z.number().int().nullable().optional(), probationMonths: z.number().int().nullable().optional(),   })	netlify/functions/routes/hrContracts.ts	151
UNMOUNTED:/contracts/terminate	platform	hr.contracts.terminate	requirePermission	z.object({ contractId: z.string().uuid(), reason: z.string().trim().min(1, 'A termination reason is required.').max(500), effectiveDate: z.string().nullable().optional() })	netlify/functions/routes/hrContracts.ts	120
UNMOUNTED:/getNotifications	communications		requireUser		netlify/functions/routes/notifications.ts	22
UNMOUNTED:/markNotificationsRead	communications		requireUser		netlify/functions/routes/notifications.ts	139
