symbol	kind	module	exported	tags	file	line	container
ALLOWED_ORIGINS	variable	platform	false		netlify/functions/api.ts	85	
isAllowedOrigin	function	platform	false		netlify/functions/api.ts	98	
app	variable	platform	false		netlify/functions/api.ts	107	
_legacyDispatch	function	platform	false		netlify/functions/api.ts	259	
NetlifyV1Event	interface	platform	false		netlify/functions/api.ts	289	
NetlifyV1Context	interface	platform	false		netlify/functions/api.ts	298	
handler	function	platform	true		netlify/functions/api.ts	302	
TZ	variable	platform	false		netlify/functions/auto-checkout.ts	10	
today24	function	platform	false		netlify/functions/auto-checkout.ts	12	
hhmm24	function	platform	false		netlify/functions/auto-checkout.ts	15	
WorkHours	interface	platform	false		netlify/functions/auto-checkout.ts	18	
ScheduleEvent	interface	platform	false		netlify/functions/auto-checkout.ts	23	
_isScheduledCall	function	platform	false		netlify/functions/auto-checkout.ts	28	
_utcOffsetMs	function	platform	false		netlify/functions/auto-checkout.ts	32	
handler	variable	platform	true		netlify/functions/auto-checkout.ts	39	
handle	function	platform	true		netlify/functions/declarations.d.ts	5	
TZ	variable	hse	false		netlify/functions/hse-capa-overdue.ts	17	
todayInTz	function	hse	false		netlify/functions/hse-capa-overdue.ts	19	
ScheduleEvent	interface	hse	false		netlify/functions/hse-capa-overdue.ts	22	
_isScheduledCall	function	hse	false		netlify/functions/hse-capa-overdue.ts	27	
OverdueCapa	interface	hse	false		netlify/functions/hse-capa-overdue.ts	31	
handler	variable	hse	true		netlify/functions/hse-capa-overdue.ts	42	
ScheduleEvent	interface	hse	false		netlify/functions/hse-inspection-sweeps.ts	31	
_isScheduledCall	function	hse	false		netlify/functions/hse-inspection-sweeps.ts	32	
InspectionRow	interface	hse	false		netlify/functions/hse-inspection-sweeps.ts	36	
FindingRow	interface	hse	false		netlify/functions/hse-inspection-sweeps.ts	41	
uniqueUserIds	function	hse	false		netlify/functions/hse-inspection-sweeps.ts	47	
handler	variable	hse	true		netlify/functions/hse-inspection-sweeps.ts	53	
ScheduleEvent	interface	hse	false		netlify/functions/hse-ptw-sweeps.ts	27	
_isScheduledCall	function	hse	false		netlify/functions/hse-ptw-sweeps.ts	31	
ActivePermit	interface	hse	false		netlify/functions/hse-ptw-sweeps.ts	36	
uniqueUserIds	function	hse	false		netlify/functions/hse-ptw-sweeps.ts	50	
handler	variable	hse	true		netlify/functions/hse-ptw-sweeps.ts	65	
EventSeverity	type	platform	true		netlify/functions/lib/appEvents.ts	27	
EmitAppEventInput	interface	platform	true		netlify/functions/lib/appEvents.ts	29	
EmitAppEventResult	interface	platform	true		netlify/functions/lib/appEvents.ts	70	
buildEventRow	function	platform	true		netlify/functions/lib/appEvents.ts	84	
deliverEventNotifications	function	platform	true		netlify/functions/lib/appEvents.ts	111	
emitAppEvent	function	platform	true		netlify/functions/lib/appEvents.ts	145	
BLOCKED_EXTENSIONS	variable	platform	true		netlify/functions/lib/attachmentClassifier.ts	12	
ATTACHMENT_LIMITS	variable	platform	true		netlify/functions/lib/attachmentClassifier.ts	17	
MAX_ATTACHMENTS_PER_MESSAGE	variable	platform	true		netlify/functions/lib/attachmentClassifier.ts	24	
fileExtension	function	platform	true		netlify/functions/lib/attachmentClassifier.ts	27	
classifyAttachment	function	platform	true		netlify/functions/lib/attachmentClassifier.ts	33	
assertAttachmentAllowed	function	platform	true		netlify/functions/lib/attachmentClassifier.ts	55	
JWT_PRIVATE_KEY	variable	security	false		netlify/functions/lib/auth.ts	31	
JWT_PUBLIC_KEY	variable	security	false		netlify/functions/lib/auth.ts	32	
JWT_SECRET	variable	security	false		netlify/functions/lib/auth.ts	37	
USE_RS256	variable	security	false		netlify/functions/lib/auth.ts	39	
ACCESS_TOKEN_TTL	variable	security	false		netlify/functions/lib/auth.ts	40	
ACCESS_TOKEN_TTL_MS	variable	security	true		netlify/functions/lib/auth.ts	43	
REFRESH_TOKEN_TTL_MS	variable	security	false		netlify/functions/lib/auth.ts	44	
RT_COOKIE_NAME	variable	security	true		netlify/functions/lib/auth.ts	51	
setRefreshCookie	function	security	true		netlify/functions/lib/auth.ts	53	
clearRefreshCookie	function	security	true		netlify/functions/lib/auth.ts	63	
AuthMethodClaims	interface	security	true		netlify/functions/lib/auth.ts	76	
signUser	function	security	false		netlify/functions/lib/auth.ts	88	
verifyToken	function	security	false		netlify/functions/lib/auth.ts	110	
_generateRefreshToken	function	security	false		netlify/functions/lib/auth.ts	132	
issueRefreshToken	function	security	false		netlify/functions/lib/auth.ts	145	
persistSessionAuthClaims	function	security	false		netlify/functions/lib/auth.ts	179	
rotateRefreshToken	function	security	false		netlify/functions/lib/auth.ts	199	
revokeToken	function	security	false		netlify/functions/lib/auth.ts	248	
isTokenRevoked	function	security	false		netlify/functions/lib/auth.ts	258	
isSessionRevoked	function	security	false		netlify/functions/lib/auth.ts	272	
revokeUserSessions	function	security	false		netlify/functions/lib/auth.ts	290	
extractToken	function	security	false		netlify/functions/lib/auth.ts	321	
jwtMiddleware	function	security	false		netlify/functions/lib/auth.ts	334	
requireUser	function	security	false		netlify/functions/lib/auth.ts	348	
requireRole	function	security	false		netlify/functions/lib/auth.ts	373	
loadUserOverrides	function	security	false		netlify/functions/lib/auth.ts	384	
requirePermission	function	security	false		netlify/functions/lib/auth.ts	412	
userCan	function	security	false		netlify/functions/lib/auth.ts	438	
log_	function	security	false		netlify/functions/lib/auth.ts	450	
AdapterContext	interface	platform	true		netlify/functions/lib/calendarAdapters.ts	20	
MONTHS	array	platform	false		netlify/functions/lib/calendarAdapters.ts	28	
deadline	function	platform	false		netlify/functions/lib/calendarAdapters.ts	31	
RemittanceRow	interface	platform	false		netlify/functions/lib/calendarAdapters.ts	65	
AUTHORITY_LABEL	object	platform	false		netlify/functions/lib/calendarAdapters.ts	71	
remittanceStatus	function	platform	false		netlify/functions/lib/calendarAdapters.ts	78	
financeStatutoryDeadlines	function	platform	true		netlify/functions/lib/calendarAdapters.ts	84	
OnboardingTaskRow	interface	platform	false		netlify/functions/lib/calendarAdapters.ts	117	
onboardingStatus	function	platform	false		netlify/functions/lib/calendarAdapters.ts	122	
hrOnboardingDeadlines	function	platform	true		netlify/functions/lib/calendarAdapters.ts	131	
DeadlineAdapter	type	platform	true		netlify/functions/lib/calendarAdapters.ts	162	
DEADLINE_ADAPTERS	object	platform	true		netlify/functions/lib/calendarAdapters.ts	165	
RecurrenceMaster	interface	platform	true		netlify/functions/lib/calendarRecurrence.ts	24	
OccurrenceException	interface	platform	true		netlify/functions/lib/calendarRecurrence.ts	35	
ExpandedOccurrence	interface	platform	true		netlify/functions/lib/calendarRecurrence.ts	49	
parseDateKey	function	platform	false		netlify/functions/lib/calendarRecurrence.ts	65	
naiveUtc	function	platform	false		netlify/functions/lib/calendarRecurrence.ts	71	
dateKeyFromNaiveUtc	function	platform	false		netlify/functions/lib/calendarRecurrence.ts	76	
masterStartKey	function	platform	false		netlify/functions/lib/calendarRecurrence.ts	84	
isoDatePart	function	platform	false		netlify/functions/lib/calendarRecurrence.ts	90	
isoTimeSuffix	function	platform	false		netlify/functions/lib/calendarRecurrence.ts	95	
withDate	function	platform	false		netlify/functions/lib/calendarRecurrence.ts	101	
dayDelta	function	platform	false		netlify/functions/lib/calendarRecurrence.ts	106	
addDaysKey	function	platform	false		netlify/functions/lib/calendarRecurrence.ts	114	
expandRecurrence	function	platform	true		netlify/functions/lib/calendarRecurrence.ts	126	
validateRrule	function	platform	true		netlify/functions/lib/calendarRecurrence.ts	199	
MESSAGES_BUCKET	variable	communications	true		netlify/functions/lib/communications.ts	33	
cachedProfileUrl	function	communications	false		netlify/functions/lib/communications.ts	44	
initialsOf	function	communications	false		netlify/functions/lib/communications.ts	65	
ThreadAccessVia	type	communications	true		netlify/functions/lib/communications.ts	84	
ThreadAccessResult	interface	communications	true		netlify/functions/lib/communications.ts	86	
recordViewPermissionKey	function	communications	false		netlify/functions/lib/communications.ts	99	
communicationsReadUnavailable	function	communications	false		netlify/functions/lib/communications.ts	108	
resolveThreadReadAccess	function	communications	true		netlify/functions/lib/communications.ts	120	
ResolveRecordThreadInput	interface	communications	true		netlify/functions/lib/communications.ts	172	
ResolveRecordThreadResult	interface	communications	true		netlify/functions/lib/communications.ts	182	
resolveRecordThread	function	communications	true		netlify/functions/lib/communications.ts	190	
emitSignal	function	communications	true		netlify/functions/lib/communications.ts	292	
CommsSummary	interface	communications	true		netlify/functions/lib/communications.ts	336	
getCommsSummary	function	communications	true		netlify/functions/lib/communications.ts	360	
NotifFlags	interface	communications	false		netlify/functions/lib/communications.ts	408	getCommsSummary
_countFromSettled	function	communications	false		netlify/functions/lib/communications.ts	430	
_countWorkflowTasks	function	communications	false		netlify/functions/lib/communications.ts	436	
_ensureRealtimeChannel	function	communications	false		netlify/functions/lib/communications.ts	454	
tsMs	function	communications	false		netlify/functions/lib/communications.ts	493	
_countUnreadThreads	function	communications	false		netlify/functions/lib/communications.ts	495	
CreateThreadInput	interface	communications	true		netlify/functions/lib/communications.ts	533	
CreateThreadResult	interface	communications	true		netlify/functions/lib/communications.ts	548	
createMessageThread	function	communications	true		netlify/functions/lib/communications.ts	558	
PostMessageInput	interface	communications	true		netlify/functions/lib/communications.ts	639	
PostMessageResult	interface	communications	true		netlify/functions/lib/communications.ts	651	
postMessage	function	communications	true		netlify/functions/lib/communications.ts	661	
ThreadTab	type	communications	true		netlify/functions/lib/communications.ts	728	
ListThreadsInput	interface	communications	true		netlify/functions/lib/communications.ts	730	
ThreadRow	type	communications	true		netlify/functions/lib/communications.ts	739	
ParticipantProfile	type	communications	true		netlify/functions/lib/communications.ts	740	
ListThreadsResult	interface	communications	true		netlify/functions/lib/communications.ts	742	
parseKeyCursor	function	communications	true		netlify/functions/lib/communications.ts	751	
formatKeyCursor	function	communications	true		netlify/functions/lib/communications.ts	761	
listThreadsForUser	function	communications	true		netlify/functions/lib/communications.ts	765	
ParticipantWithThread	interface	communications	false		netlify/functions/lib/communications.ts	770	listThreadsForUser
ThreadPageRow	interface	communications	false		netlify/functions/lib/communications.ts	799	listThreadsForUser
GetThreadResult	interface	communications	true		netlify/functions/lib/communications.ts	990	
getThread	function	communications	true		netlify/functions/lib/communications.ts	1001	
PostRow	type	communications	true		netlify/functions/lib/communications.ts	1098	
AttachmentRow	type	communications	true		netlify/functions/lib/communications.ts	1099	
GetThreadPostsResult	interface	communications	true		netlify/functions/lib/communications.ts	1101	
getThreadPosts	function	communications	true		netlify/functions/lib/communications.ts	1109	
RawPost	interface	communications	false		netlify/functions/lib/communications.ts	1126	getThreadPosts
MessageSearchHit	interface	communications	true		netlify/functions/lib/communications.ts	1312	
MessageSearchResult	interface	communications	true		netlify/functions/lib/communications.ts	1321	
searchMessagePosts	function	communications	true		netlify/functions/lib/communications.ts	1332	
Row	interface	communications	false		netlify/functions/lib/communications.ts	1341	searchMessagePosts
SourceRecordResolver	interface	communications	false		netlify/functions/lib/communications.ts	1369	
s	function	communications	false		netlify/functions/lib/communications.ts	1376	
SOURCE_RECORD_RESOLVERS	object	communications	false		netlify/functions/lib/communications.ts	1381	
resolveSourceRecords	function	communications	false		netlify/functions/lib/communications.ts	1409	
sourceRecordFor	function	communications	false		netlify/functions/lib/communications.ts	1436	
ListThreadActivityResult	interface	communications	true		netlify/functions/lib/communications.ts	1447	
listThreadActivity	function	communications	true		netlify/functions/lib/communications.ts	1460	
PostSlim	interface	communications	false		netlify/functions/lib/communications.ts	1473	listThreadActivity
PinSlim	interface	communications	false		netlify/functions/lib/communications.ts	1474	listThreadActivity
PartSlim	interface	communications	false		netlify/functions/lib/communications.ts	1475	listThreadActivity
MessageAttachmentUploadUrlResult	interface	communications	true		netlify/functions/lib/communications.ts	1541	
createMessageAttachmentUploadUrl	function	communications	true		netlify/functions/lib/communications.ts	1554	
CreateMessageAttachmentInput	interface	communications	true		netlify/functions/lib/communications.ts	1562	
createMessageAttachmentRecord	function	communications	true		netlify/functions/lib/communications.ts	1575	
getAttachmentUrl	function	communications	true		netlify/functions/lib/communications.ts	1611	
markThreadRead	function	communications	true		netlify/functions/lib/communications.ts	1652	
archiveThread	function	communications	true		netlify/functions/lib/communications.ts	1672	
muteThread	function	communications	true		netlify/functions/lib/communications.ts	1684	
setThreadFavourite	function	communications	true		netlify/functions/lib/communications.ts	1699	
addThreadParticipants	function	communications	true		netlify/functions/lib/communications.ts	1729	
removeThreadParticipant	function	communications	true		netlify/functions/lib/communications.ts	1785	
SearchMessageResult	interface	communications	true		netlify/functions/lib/communications.ts	1816	
searchMessages	function	communications	true		netlify/functions/lib/communications.ts	1825	
PostWithAuthorAndThread	interface	communications	false		netlify/functions/lib/communications.ts	1837	searchMessages
RecipientProfile	type	communications	true		netlify/functions/lib/communications.ts	1872	
getMessageRecipients	function	communications	true		netlify/functions/lib/communications.ts	1874	
UserRow	interface	communications	false		netlify/functions/lib/communications.ts	1876	getMessageRecipients
CreateTicketInput	interface	communications	true		netlify/functions/lib/communications.ts	1910	
CreateTicketResult	interface	communications	true		netlify/functions/lib/communications.ts	1921	
createTicket	function	communications	true		netlify/functions/lib/communications.ts	1927	
SUPABASE_URL	variable	platform	false		netlify/functions/lib/db.ts	3	
SUPABASE_SERVICE_ROLE_KEY	variable	platform	false		netlify/functions/lib/db.ts	4	
SUPABASE_ANON_KEY	variable	platform	false		netlify/functions/lib/db.ts	5	
sb	variable	platform	true		netlify/functions/lib/db.ts	19	
sbAnon	variable	platform	true		netlify/functions/lib/db.ts	37	
createAnonClient	function	platform	true		netlify/functions/lib/db.ts	48	
Rangeable	interface	platform	false		netlify/functions/lib/dbBulk.ts	15	
selectAllRows	function	platform	true		netlify/functions/lib/dbBulk.ts	23	
chunk	function	platform	true		netlify/functions/lib/dbBulk.ts	38	
chunkedInsert	function	platform	true		netlify/functions/lib/dbBulk.ts	45	
NotificationCriticality	type	platform	true		netlify/functions/lib/deliveryProtection.ts	9	
UNSUPPRESSIBLE_NOTIFICATION	variable	platform	false		netlify/functions/lib/deliveryProtection.ts	12	
canSuppressNotification	function	platform	true		netlify/functions/lib/deliveryProtection.ts	17	
MessageDeliveryClass	type	platform	true		netlify/functions/lib/deliveryProtection.ts	21	
UNSUPPRESSIBLE_MESSAGE	variable	platform	false		netlify/functions/lib/deliveryProtection.ts	24	
canUserSuppressMessage	function	platform	true		netlify/functions/lib/deliveryProtection.ts	29	
DeliveryProtectionError	class	platform	true		netlify/functions/lib/deliveryProtection.ts	33	
ParticipantGuardRow	interface	platform	true		netlify/functions/lib/deliveryProtection.ts	38	
assertCanRemoveParticipant	function	platform	true		netlify/functions/lib/deliveryProtection.ts	48	
ApBillStatus	type	finance	true		netlify/functions/lib/finance/accountsPayable.ts	18	
ApPaymentMethod	type	finance	true		netlify/functions/lib/finance/accountsPayable.ts	19	
ApVendorStatus	type	finance	true		netlify/functions/lib/finance/accountsPayable.ts	20	
SUBMODULE	variable	finance	false		netlify/functions/lib/finance/accountsPayable.ts	22	
ApVendorDto	interface	finance	true		netlify/functions/lib/finance/accountsPayable.ts	26	
ApVendorBankAccountDto	interface	finance	true		netlify/functions/lib/finance/accountsPayable.ts	36	
ApBillDto	interface	finance	true		netlify/functions/lib/finance/accountsPayable.ts	43	
ApBillLineDto	interface	finance	true		netlify/functions/lib/finance/accountsPayable.ts	53	
ApPaymentDto	interface	finance	true		netlify/functions/lib/finance/accountsPayable.ts	54	
DbVendorRow	interface	finance	false		netlify/functions/lib/finance/accountsPayable.ts	60	
DbVendorBankAccountRow	interface	finance	false		netlify/functions/lib/finance/accountsPayable.ts	68	
DbBillRow	interface	finance	false		netlify/functions/lib/finance/accountsPayable.ts	74	
DbLineRow	interface	finance	false		netlify/functions/lib/finance/accountsPayable.ts	75	
DbPaymentRow	interface	finance	false		netlify/functions/lib/finance/accountsPayable.ts	76	
vendorName	function	finance	false		netlify/functions/lib/finance/accountsPayable.ts	82	
toVendorDto	function	finance	false		netlify/functions/lib/finance/accountsPayable.ts	84	
toVendorBankAccountDto	function	finance	false		netlify/functions/lib/finance/accountsPayable.ts	95	
toBillDto	function	finance	false		netlify/functions/lib/finance/accountsPayable.ts	103	
toLineDto	function	finance	false		netlify/functions/lib/finance/accountsPayable.ts	107	
toPaymentDto	function	finance	false		netlify/functions/lib/finance/accountsPayable.ts	108	
err	function	finance	false		netlify/functions/lib/finance/accountsPayable.ts	115	
BillListOpts	interface	finance	true		netlify/functions/lib/finance/accountsPayable.ts	119	
BillListResult	interface	finance	true		netlify/functions/lib/finance/accountsPayable.ts	124	
listBills	function	finance	true		netlify/functions/lib/finance/accountsPayable.ts	126	
getBillDetail	function	finance	true		netlify/functions/lib/finance/accountsPayable.ts	147	
listVendors	function	finance	true		netlify/functions/lib/finance/accountsPayable.ts	158	
listPayments	function	finance	true		netlify/functions/lib/finance/accountsPayable.ts	166	
ApKpis	interface	finance	true	ui-tile	netlify/functions/lib/finance/accountsPayable.ts	172	
getApKpis	function	finance	true	ui-tile	netlify/functions/lib/finance/accountsPayable.ts	178	
MONTH_LABELS	array	finance	false		netlify/functions/lib/finance/accountsPayable.ts	202	
ApTrend	interface	finance	true		netlify/functions/lib/finance/accountsPayable.ts	204	
getApTrend	function	finance	true		netlify/functions/lib/finance/accountsPayable.ts	207	
AgingBucket	interface	finance	true		netlify/functions/lib/finance/accountsPayable.ts	230	
getAging	function	finance	true		netlify/functions/lib/finance/accountsPayable.ts	231	
CreateVendorInput	interface	finance	true		netlify/functions/lib/finance/accountsPayable.ts	251	
createVendor	function	finance	true		netlify/functions/lib/finance/accountsPayable.ts	264	
UpdateVendorInput	interface	finance	true		netlify/functions/lib/finance/accountsPayable.ts	313	
updateVendor	function	finance	true		netlify/functions/lib/finance/accountsPayable.ts	321	
getVendorDetail	function	finance	true		netlify/functions/lib/finance/accountsPayable.ts	355	
listVendorBills	function	finance	true		netlify/functions/lib/finance/accountsPayable.ts	368	
listVendorPayments	function	finance	true		netlify/functions/lib/finance/accountsPayable.ts	374	
BillLineInput	interface	finance	true		netlify/functions/lib/finance/accountsPayable.ts	391	
CreateBillInput	interface	finance	true		netlify/functions/lib/finance/accountsPayable.ts	395	
round2	function	finance	false		netlify/functions/lib/finance/accountsPayable.ts	403	
lineAmount	function	finance	false		netlify/functions/lib/finance/accountsPayable.ts	405	
DuplicateMatch	interface	finance	true		netlify/functions/lib/finance/accountsPayable.ts	407	
checkBillDuplicate	function	finance	true		netlify/functions/lib/finance/accountsPayable.ts	414	
R	type	finance	false		netlify/functions/lib/finance/accountsPayable.ts	415	checkBillDuplicate
add	function	finance	false		netlify/functions/lib/finance/accountsPayable.ts	417	checkBillDuplicate
createBill	function	finance	true		netlify/functions/lib/finance/accountsPayable.ts	433	
requireBill	function	finance	false		netlify/functions/lib/finance/accountsPayable.ts	495	
submitBill	function	finance	true		netlify/functions/lib/finance/accountsPayable.ts	502	
approveBill	function	finance	true		netlify/functions/lib/finance/accountsPayable.ts	522	
rejectBill	function	finance	true		netlify/functions/lib/finance/accountsPayable.ts	534	
RecordPaymentInput	interface	finance	true		netlify/functions/lib/finance/accountsPayable.ts	546	
REQUIRES_REFERENCE	array	finance	false		netlify/functions/lib/finance/accountsPayable.ts	558	
recordPayment	function	finance	true		netlify/functions/lib/finance/accountsPayable.ts	560	
voidBill	function	finance	true		netlify/functions/lib/finance/accountsPayable.ts	600	
resolveUserNames	function	finance	false		netlify/functions/lib/finance/accountsPayable.ts	615	
ApAuditEntry	interface	finance	true		netlify/functions/lib/finance/accountsPayable.ts	622	
listBillAudit	function	finance	true		netlify/functions/lib/finance/accountsPayable.ts	628	
ApCommentDto	interface	finance	true		netlify/functions/lib/finance/accountsPayable.ts	639	
DbCommentRow	interface	finance	false		netlify/functions/lib/finance/accountsPayable.ts	641	
toCommentDto	function	finance	false		netlify/functions/lib/finance/accountsPayable.ts	642	
listBillComments	function	finance	true		netlify/functions/lib/finance/accountsPayable.ts	645	
createBillComment	function	finance	true		netlify/functions/lib/finance/accountsPayable.ts	655	
ApDuplicateReviewDto	interface	finance	true		netlify/functions/lib/finance/accountsPayable.ts	669	
DbDupReviewRow	interface	finance	false		netlify/functions/lib/finance/accountsPayable.ts	680	
toDupReviewDto	function	finance	false		netlify/functions/lib/finance/accountsPayable.ts	689	
listDuplicateReviews	function	finance	true		netlify/functions/lib/finance/accountsPayable.ts	704	
ResolveDuplicateRiskInput	interface	finance	true		netlify/functions/lib/finance/accountsPayable.ts	715	
resolveDuplicateRisk	function	finance	true		netlify/functions/lib/finance/accountsPayable.ts	726	
persistDuplicateOverride	function	finance	true		netlify/functions/lib/finance/accountsPayable.ts	761	
BulkApproveResult	interface	finance	true		netlify/functions/lib/finance/accountsPayable.ts	779	
bulkApproveBills	function	finance	true		netlify/functions/lib/finance/accountsPayable.ts	788	
ApPaymentRunStatus	type	finance	true		netlify/functions/lib/finance/accountsPayable.ts	824	
ApPaymentRunItemDto	interface	finance	true		netlify/functions/lib/finance/accountsPayable.ts	826	
ApPaymentRunDto	interface	finance	true		netlify/functions/lib/finance/accountsPayable.ts	832	
DbPaymentRunRow	interface	finance	false		netlify/functions/lib/finance/accountsPayable.ts	841	
DbPaymentRunItemRow	interface	finance	false		netlify/functions/lib/finance/accountsPayable.ts	848	
toRunDto	function	finance	false		netlify/functions/lib/finance/accountsPayable.ts	853	
toRunItemDto	function	finance	false		netlify/functions/lib/finance/accountsPayable.ts	864	
CreatePaymentRunInput	interface	finance	true		netlify/functions/lib/finance/accountsPayable.ts	876	
createPaymentRun	function	finance	true		netlify/functions/lib/finance/accountsPayable.ts	886	
listPaymentRuns	function	finance	true		netlify/functions/lib/finance/accountsPayable.ts	931	
getPaymentRunDetail	function	finance	true		netlify/functions/lib/finance/accountsPayable.ts	939	
processPaymentRun	function	finance	true		netlify/functions/lib/finance/accountsPayable.ts	949	
voidPaymentRun	function	finance	true		netlify/functions/lib/finance/accountsPayable.ts	994	
ImportBillRow	interface	finance	true		netlify/functions/lib/finance/accountsPayable.ts	1015	
ImportValidationResult	interface	finance	true		netlify/functions/lib/finance/accountsPayable.ts	1021	
ImportBillsResult	interface	finance	true		netlify/functions/lib/finance/accountsPayable.ts	1027	
importBills	function	finance	true		netlify/functions/lib/finance/accountsPayable.ts	1036	
FINANCE_ATTACHMENT_BUCKET	variable	finance	true		netlify/functions/lib/finance/attachments.ts	60	
AttachmentDto	interface	finance	true		netlify/functions/lib/finance/attachments.ts	64	
CommitAttachmentInput	interface	finance	true		netlify/functions/lib/finance/attachments.ts	74	
AttachmentUploadUrlResult	interface	finance	true		netlify/functions/lib/finance/attachments.ts	81	
DbExpenseAttachment	interface	finance	false		netlify/functions/lib/finance/attachments.ts	87	
DbRemittanceAttachment	interface	finance	false		netlify/functions/lib/finance/attachments.ts	93	
DbAttachmentBase	type	finance	false		netlify/functions/lib/finance/attachments.ts	101	
toAttachmentDto	function	finance	false		netlify/functions/lib/finance/attachments.ts	111	
getAttachmentUploadUrl	function	finance	false		netlify/functions/lib/finance/attachments.ts	125	
getExpenseAttachmentUploadUrl	function	finance	true		netlify/functions/lib/finance/attachments.ts	145	
commitExpenseAttachment	function	finance	true		netlify/functions/lib/finance/attachments.ts	156	
listExpenseAttachments	function	finance	true		netlify/functions/lib/finance/attachments.ts	207	
deleteExpenseAttachment	function	finance	true		netlify/functions/lib/finance/attachments.ts	230	
getRemittanceAttachmentUploadUrl	function	finance	true		netlify/functions/lib/finance/attachments.ts	298	
commitRemittanceAttachment	function	finance	true		netlify/functions/lib/finance/attachments.ts	308	
listRemittanceAttachments	function	finance	true		netlify/functions/lib/finance/attachments.ts	359	
deleteRemittanceAttachment	function	finance	true		netlify/functions/lib/finance/attachments.ts	380	
getFinanceAttachmentSignedUrl	function	finance	true		netlify/functions/lib/finance/attachments.ts	449	
DbDisbursementAttachment	interface	finance	false		netlify/functions/lib/finance/attachments.ts	471	
getDisbursementAttachmentUploadUrl	function	finance	true		netlify/functions/lib/finance/attachments.ts	477	
commitDisbursementAttachment	function	finance	true		netlify/functions/lib/finance/attachments.ts	484	
listDisbursementAttachments	function	finance	true		netlify/functions/lib/finance/attachments.ts	532	
deleteDisbursementAttachment	function	finance	true		netlify/functions/lib/finance/attachments.ts	546	
DbBudgetAttachment	interface	finance	false		netlify/functions/lib/finance/attachments.ts	587	
getBudgetAttachmentUploadUrl	function	finance	true		netlify/functions/lib/finance/attachments.ts	593	
commitBudgetAttachment	function	finance	true		netlify/functions/lib/finance/attachments.ts	600	
listBudgetAttachments	function	finance	true		netlify/functions/lib/finance/attachments.ts	640	
deleteBudgetAttachment	function	finance	true		netlify/functions/lib/finance/attachments.ts	652	
DbPayrollAttachment	interface	finance	false		netlify/functions/lib/finance/attachments.ts	692	
getPayrollAttachmentUploadUrl	function	finance	true		netlify/functions/lib/finance/attachments.ts	698	
commitPayrollAttachment	function	finance	true		netlify/functions/lib/finance/attachments.ts	705	
listPayrollAttachments	function	finance	true		netlify/functions/lib/finance/attachments.ts	743	
deletePayrollAttachment	function	finance	true		netlify/functions/lib/finance/attachments.ts	755	
FinanceNotificationSpec	interface	finance	true		netlify/functions/lib/finance/backbone.ts	51	
FinanceMessageThreadSpec	interface	finance	true		netlify/functions/lib/finance/backbone.ts	63	
FinanceTicketSpec	interface	finance	true		netlify/functions/lib/finance/backbone.ts	70	
FinanceHandoffSpec	interface	finance	true		netlify/functions/lib/finance/backbone.ts	79	
FinanceBackboneParams	interface	finance	true		netlify/functions/lib/finance/backbone.ts	85	
FinanceBackboneResult	interface	finance	true		netlify/functions/lib/finance/backbone.ts	142	
emitFinanceMutationBackbone	function	finance	true		netlify/functions/lib/finance/backbone.ts	157	
round2	function	payroll	false		netlify/functions/lib/finance/backPay.ts	27	
EDITABLE_STATUSES	array	payroll	false		netlify/functions/lib/finance/backPay.ts	28	
BackPayPeriod	interface	payroll	true		netlify/functions/lib/finance/backPay.ts	30	
BackPayBreakdown	interface	payroll	true		netlify/functions/lib/finance/backPay.ts	38	
ComputeBackPayInput	interface	payroll	true		netlify/functions/lib/finance/backPay.ts	51	
backPayIdemKey	function	payroll	true		netlify/functions/lib/finance/backPay.ts	76	
computeBackPay	function	payroll	true		netlify/functions/lib/finance/backPay.ts	92	
PriorRunRow	type	payroll	false		netlify/functions/lib/finance/backPay.ts	113	computeBackPay
AddBackPayInput	interface	payroll	true		netlify/functions/lib/finance/backPay.ts	170	
AddBackPayResult	interface	payroll	true		netlify/functions/lib/finance/backPay.ts	172	
addBackPay	function	payroll	true		netlify/functions/lib/finance/backPay.ts	187	
BankAccountDto	interface	finance	true		netlify/functions/lib/finance/bankAccounts.ts	18	
DbBankAccountRow	interface	finance	false		netlify/functions/lib/finance/bankAccounts.ts	34	
SafeRow	type	finance	false		netlify/functions/lib/finance/bankAccounts.ts	51	
SAFE_SELECT	variable	finance	false		netlify/functions/lib/finance/bankAccounts.ts	53	
maskAccountNumber	function	finance	false		netlify/functions/lib/finance/bankAccounts.ts	57	
safeRowToDto	function	finance	false		netlify/functions/lib/finance/bankAccounts.ts	62	
listBankAccounts	function	finance	true		netlify/functions/lib/finance/bankAccounts.ts	80	
getBankAccount	function	finance	true		netlify/functions/lib/finance/bankAccounts.ts	96	
getPrimaryBankAccountRaw	function	finance	true		netlify/functions/lib/finance/bankAccounts.ts	116	
UpsertBankAccountInput	interface	finance	true		netlify/functions/lib/finance/bankAccounts.ts	144	
upsertBankAccount	function	finance	true		netlify/functions/lib/finance/bankAccounts.ts	157	
deactivateBankAccount	function	finance	true		netlify/functions/lib/finance/bankAccounts.ts	207	
TtBank	interface	finance	true		netlify/functions/lib/finance/bankFileFormats.ts	24	
TT_BANK_REGISTRY	variable	finance	true		netlify/functions/lib/finance/bankFileFormats.ts	39	
OTHER_BANK_CODE	variable	finance	true		netlify/functions/lib/finance/bankFileFormats.ts	48	
resolveBankCode	function	finance	true		netlify/functions/lib/finance/bankFileFormats.ts	51	
bankNameForCode	function	finance	true		netlify/functions/lib/finance/bankFileFormats.ts	61	
accountTypeCode	function	finance	true		netlify/functions/lib/finance/bankFileFormats.ts	66	
round2	function	finance	false		netlify/functions/lib/finance/bankFileFormats.ts	75	
esc	function	finance	false		netlify/functions/lib/finance/bankFileFormats.ts	80	
DirectCreditLine	interface	finance	true		netlify/functions/lib/finance/bankFileFormats.ts	87	
BuildDirectCreditFileInput	interface	finance	true		netlify/functions/lib/finance/bankFileFormats.ts	100	
BuiltBankFile	interface	finance	true		netlify/functions/lib/finance/bankFileFormats.ts	111	
buildDirectCreditFile	function	finance	true		netlify/functions/lib/finance/bankFileFormats.ts	124	
DisbursementBridgeResult	interface	finance	true		netlify/functions/lib/finance/bridges.ts	45	
RemittanceBridgeResult	interface	finance	true		netlify/functions/lib/finance/bridges.ts	51	
ReimbursementHandoffBridgeResult	interface	finance	true		netlify/functions/lib/finance/bridges.ts	56	
DbReimbursementHandoff	interface	finance	false		netlify/functions/lib/finance/bridges.ts	64	
createDisbursementFromRun	function	finance	true		netlify/functions/lib/finance/bridges.ts	90	
createRemittanceFromRun	function	finance	true		netlify/functions/lib/finance/bridges.ts	134	
createReimbursementHandoff	function	finance	true		netlify/functions/lib/finance/bridges.ts	182	
BudgetLineDto	interface	finance	true		netlify/functions/lib/finance/budgets.ts	21	
BudgetVarianceRow	interface	finance	true		netlify/functions/lib/finance/budgets.ts	32	
BudgetReportCatalogRow	interface	finance	true		netlify/functions/lib/finance/budgets.ts	37	
CostEntryRow	interface	finance	true		netlify/functions/lib/finance/budgets.ts	39	
BudgetActualsResult	interface	finance	true		netlify/functions/lib/finance/budgets.ts	52	
BulkBudgetLineInput	interface	finance	true		netlify/functions/lib/finance/budgets.ts	59	
BulkUpsertResult	interface	finance	true		netlify/functions/lib/finance/budgets.ts	73	
CopyLastYearInput	interface	finance	true		netlify/functions/lib/finance/budgets.ts	79	
CopyLastYearResult	interface	finance	true		netlify/functions/lib/finance/budgets.ts	89	
DbBudgetRow	interface	finance	false		netlify/functions/lib/finance/budgets.ts	97	
fetchActuals	function	finance	false		netlify/functions/lib/finance/budgets.ts	111	
toDto	function	finance	false		netlify/functions/lib/finance/budgets.ts	136	
applyRounding	function	finance	false		netlify/functions/lib/finance/budgets.ts	148	
ListBudgetsOpts	interface	finance	true		netlify/functions/lib/finance/budgets.ts	156	
listBudgets	function	finance	true		netlify/functions/lib/finance/budgets.ts	158	
getBudgetLine	function	finance	true		netlify/functions/lib/finance/budgets.ts	185	
UpsertBudgetLineInput	interface	finance	true		netlify/functions/lib/finance/budgets.ts	197	
upsertBudgetLine	function	finance	true		netlify/functions/lib/finance/budgets.ts	203	
deleteBudgetLine	function	finance	true		netlify/functions/lib/finance/budgets.ts	304	
bulkUpsertBudgetLines	function	finance	true		netlify/functions/lib/finance/budgets.ts	326	
copyLastYearBudget	function	finance	true		netlify/functions/lib/finance/budgets.ts	453	
getBudgetLineActuals	function	finance	true		netlify/functions/lib/finance/budgets.ts	550	
listCostEntriesForYear	function	finance	true		netlify/functions/lib/finance/budgets.ts	607	
BudgetApprovalTask	interface	finance	true		netlify/functions/lib/finance/budgets.ts	650	
getBudgetLineApprovals	function	finance	true		netlify/functions/lib/finance/budgets.ts	662	
BudgetAuditEntry	interface	finance	true		netlify/functions/lib/finance/budgets.ts	700	
getBudgetLineAuditLog	function	finance	true		netlify/functions/lib/finance/budgets.ts	710	
getBudgetVarianceReport	function	finance	true		netlify/functions/lib/finance/budgets.ts	737	
listBudgetReports	function	finance	true		netlify/functions/lib/finance/budgets.ts	758	
runBudgetReport	function	finance	true		netlify/functions/lib/finance/budgets.ts	769	
DisbursementStatus	type	finance	true		netlify/functions/lib/finance/disbursements.ts	24	
DisbursementDto	interface	finance	true		netlify/functions/lib/finance/disbursements.ts	27	
DisbursementLineDto	interface	finance	true		netlify/functions/lib/finance/disbursements.ts	46	
ComputedDisbursement	interface	finance	true		netlify/functions/lib/finance/disbursements.ts	56	
DisbursementBankFileDto	interface	finance	true		netlify/functions/lib/finance/disbursements.ts	72	
DbBankFileRow	interface	finance	false		netlify/functions/lib/finance/disbursements.ts	86	
toBankFileDto	function	finance	false		netlify/functions/lib/finance/disbursements.ts	91	
bucketKey	function	finance	false		netlify/functions/lib/finance/disbursements.ts	101	
DbDisbursementRow	interface	finance	false		netlify/functions/lib/finance/disbursements.ts	105	
DbLineRow	interface	finance	false		netlify/functions/lib/finance/disbursements.ts	112	
toDto	function	finance	false		netlify/functions/lib/finance/disbursements.ts	117	
toLineDto	function	finance	false		netlify/functions/lib/finance/disbursements.ts	120	
computeFromRun	function	finance	true		netlify/functions/lib/finance/disbursements.ts	124	
listDisbursements	function	finance	true		netlify/functions/lib/finance/disbursements.ts	170	
getDisbursement	function	finance	true		netlify/functions/lib/finance/disbursements.ts	178	
listDisbursementLines	function	finance	true		netlify/functions/lib/finance/disbursements.ts	183	
createDisbursement	function	finance	true		netlify/functions/lib/finance/disbursements.ts	189	
submitDisbursement	function	finance	true		netlify/functions/lib/finance/disbursements.ts	287	
approveDisbursement	function	finance	true		netlify/functions/lib/finance/disbursements.ts	339	
resolveCompanyName	function	finance	false		netlify/functions/lib/finance/disbursements.ts	354	
generateBankFile	function	finance	true		netlify/functions/lib/finance/disbursements.ts	368	
Group	interface	finance	false		netlify/functions/lib/finance/disbursements.ts	401	generateBankFile
rollback	function	finance	false		netlify/functions/lib/finance/disbursements.ts	429	generateBankFile
manifestEsc	function	finance	false		netlify/functions/lib/finance/disbursements.ts	467	generateBankFile
listDisbursementBankFiles	function	finance	true		netlify/functions/lib/finance/disbursements.ts	550	
getDisbursementBankFileSignedUrl	function	finance	true		netlify/functions/lib/finance/disbursements.ts	564	
markDisbursementPaid	function	finance	true		netlify/functions/lib/finance/disbursements.ts	604	
cancelDisbursement	function	finance	true		netlify/functions/lib/finance/disbursements.ts	617	
getBankFileSignedUrl	function	finance	true		netlify/functions/lib/finance/disbursements.ts	636	
DisbursementKpis	interface	finance	true	ui-tile	netlify/functions/lib/finance/disbursements.ts	683	
getDisbursementKpis	function	finance	true	ui-tile	netlify/functions/lib/finance/disbursements.ts	694	
DisbursementLineDetailDto	interface	finance	true		netlify/functions/lib/finance/disbursements.ts	771	
listDisbursementLinesDetail	function	finance	true		netlify/functions/lib/finance/disbursements.ts	776	
DisbursementReportRow	interface	finance	true		netlify/functions/lib/finance/disbursements.ts	805	
listDisbursementsReport	function	finance	true		netlify/functions/lib/finance/disbursements.ts	807	
DisbursementAuditEntry	interface	finance	true		netlify/functions/lib/finance/disbursements.ts	817	
listDisbursementAuditLog	function	finance	true		netlify/functions/lib/finance/disbursements.ts	827	
listFinanceAuditLog	function	finance	true		netlify/functions/lib/finance/disbursements.ts	837	
BankFileStatusRow	interface	finance	true		netlify/functions/lib/finance/disbursements.ts	866	
listBankFileStatusReport	function	finance	true		netlify/functions/lib/finance/disbursements.ts	883	
BankAccountReadinessRow	interface	finance	true		netlify/functions/lib/finance/disbursements.ts	910	
listBankAccountReadinessReport	function	finance	true		netlify/functions/lib/finance/disbursements.ts	921	
SETTINGS_KEY	variable	finance	false		netlify/functions/lib/finance/employerProfile.ts	17	
EmployerProfile	interface	finance	true		netlify/functions/lib/finance/employerProfile.ts	19	
EMPTY	object	finance	false		netlify/functions/lib/finance/employerProfile.ts	32	
getEmployerProfile	function	finance	true		netlify/functions/lib/finance/employerProfile.ts	39	
isEmployerProfileComplete	function	finance	true		netlify/functions/lib/finance/employerProfile.ts	52	
UpsertEmployerProfileInput	interface	finance	true		netlify/functions/lib/finance/employerProfile.ts	60	
clean	function	finance	false		netlify/functions/lib/finance/employerProfile.ts	62	
upsertEmployerProfile	function	finance	true		netlify/functions/lib/finance/employerProfile.ts	67	
EXPENSE_RECEIPT_BUCKET	variable	finance	true		netlify/functions/lib/finance/expenses.ts	16	
ExpenseStatus	type	finance	true		netlify/functions/lib/finance/expenses.ts	18	
ExpenseClaimDto	interface	finance	true		netlify/functions/lib/finance/expenses.ts	20	
ExpenseCostEntryDto	interface	finance	true		netlify/functions/lib/finance/expenses.ts	43	
ExpenseClaimDetailDto	interface	finance	true		netlify/functions/lib/finance/expenses.ts	60	
ExpenseReportRow	interface	finance	true		netlify/functions/lib/finance/expenses.ts	65	
PolicyIssueType	type	finance	true		netlify/functions/lib/finance/expenses.ts	82	
PolicyIssue	interface	finance	true		netlify/functions/lib/finance/expenses.ts	89	
PolicyCheckResult	interface	finance	true		netlify/functions/lib/finance/expenses.ts	96	
MarkReimbursedFullInput	interface	finance	true		netlify/functions/lib/finance/expenses.ts	105	
ExpenseReportResult	interface	finance	true		netlify/functions/lib/finance/expenses.ts	116	
ExpenseTrendPoint	interface	finance	true		netlify/functions/lib/finance/expenses.ts	124	
DbClaimRow	interface	finance	false		netlify/functions/lib/finance/expenses.ts	132	
DbEntryRow	interface	finance	false		netlify/functions/lib/finance/expenses.ts	144	
CATEGORY_LIMITS	object	finance	false		netlify/functions/lib/finance/expenses.ts	155	
approvalRoute	function	finance	false		netlify/functions/lib/finance/expenses.ts	168	
toDto	function	finance	false		netlify/functions/lib/finance/expenses.ts	176	
toEntryDto	function	finance	false		netlify/functions/lib/finance/expenses.ts	191	
listExpenseClaims	function	finance	true		netlify/functions/lib/finance/expenses.ts	212	
getExpenseClaim	function	finance	true		netlify/functions/lib/finance/expenses.ts	239	
listExpenseCostEntries	function	finance	true		netlify/functions/lib/finance/expenses.ts	246	
getExpenseClaimDetail	function	finance	true		netlify/functions/lib/finance/expenses.ts	255	
runExpensePolicyCheck	function	finance	true		netlify/functions/lib/finance/expenses.ts	269	
AllocationLine	interface	finance	true		netlify/functions/lib/finance/expenses.ts	373	
CreateExpenseClaimInput	interface	finance	true		netlify/functions/lib/finance/expenses.ts	386	
createExpenseClaim	function	finance	true		netlify/functions/lib/finance/expenses.ts	405	
getReceiptUploadUrl	function	finance	true		netlify/functions/lib/finance/expenses.ts	504	
commitReceipt	function	finance	true		netlify/functions/lib/finance/expenses.ts	512	
submitExpenseClaim	function	finance	true		netlify/functions/lib/finance/expenses.ts	548	
approveExpenseClaim	function	finance	true		netlify/functions/lib/finance/expenses.ts	649	
rejectExpenseClaim	function	finance	true		netlify/functions/lib/finance/expenses.ts	728	
markExpenseReimbursed	function	finance	true		netlify/functions/lib/finance/expenses.ts	777	
cancelExpenseClaim	function	finance	true		netlify/functions/lib/finance/expenses.ts	839	
ExpenseReportType	type	finance	true		netlify/functions/lib/finance/expenses.ts	884	
runExpenseReport	function	finance	true		netlify/functions/lib/finance/expenses.ts	886	
getExpenseTrend	function	finance	true		netlify/functions/lib/finance/expenses.ts	1019	
ExpenseAuditEntry	interface	finance	true		netlify/functions/lib/finance/expenses.ts	1046	
listExpenseAuditLog	function	finance	true		netlify/functions/lib/finance/expenses.ts	1056	
addExpenseComment	function	finance	true		netlify/functions/lib/finance/expenses.ts	1084	
isTerminalStatus	function	finance	false		netlify/functions/lib/finance/expenses.ts	1108	
ExpenseKpis	interface	finance	true	ui-tile	netlify/functions/lib/finance/expenses.ts	1116	
getExpenseKpis	function	finance	true	ui-tile	netlify/functions/lib/finance/expenses.ts	1127	
getUserIdsByRole	function	finance	false		netlify/functions/lib/finance/expenses.ts	1185	
listExpensesReport	function	finance	true		netlify/functions/lib/finance/expenses.ts	1194	
FinanceMutationBackboneInput	interface	finance	true		netlify/functions/lib/finance/financeEvents.ts	31	
emitFinanceMutationBackbone	function	finance	true		netlify/functions/lib/finance/financeEvents.ts	52	
getUserIdsByRole	function	finance	true		netlify/functions/lib/finance/financeEvents.ts	78	
notifyUsersByRole	function	finance	true		netlify/functions/lib/finance/financeEvents.ts	102	
CreateFinanceRecordThreadInput	interface	finance	true		netlify/functions/lib/finance/financeEvents.ts	117	
createFinanceRecordThread	function	finance	true		netlify/functions/lib/finance/financeEvents.ts	135	
round2	function	finance	false		netlify/functions/lib/finance/generalLedger.ts	15	
JournalLineDto	interface	finance	true		netlify/functions/lib/finance/generalLedger.ts	17	
JournalDto	interface	finance	true		netlify/functions/lib/finance/generalLedger.ts	21	
DbJournalRow	interface	finance	false		netlify/functions/lib/finance/generalLedger.ts	31	
DbLineRow	interface	finance	false		netlify/functions/lib/finance/generalLedger.ts	37	
getJournalWithLines	function	finance	true		netlify/functions/lib/finance/generalLedger.ts	43	
round2	function	finance	false		netlify/functions/lib/finance/loans.ts	22	
err	function	finance	false		netlify/functions/lib/finance/loans.ts	23	
LoanType	type	finance	true		netlify/functions/lib/finance/loans.ts	25	
LoanStatus	type	finance	true		netlify/functions/lib/finance/loans.ts	26	
LoanDto	interface	finance	true		netlify/functions/lib/finance/loans.ts	28	
DbLoanRow	interface	finance	false		netlify/functions/lib/finance/loans.ts	51	
toLoanDto	function	finance	true		netlify/functions/lib/finance/loans.ts	60	
SEL	variable	finance	false		netlify/functions/lib/finance/loans.ts	72	
listLoans	function	finance	true		netlify/functions/lib/finance/loans.ts	76	
getLoan	function	finance	true		netlify/functions/lib/finance/loans.ts	85	
CreateLoanInput	interface	finance	true		netlify/functions/lib/finance/loans.ts	93	
createLoan	function	finance	true		netlify/functions/lib/finance/loans.ts	104	
submitLoan	function	finance	true		netlify/functions/lib/finance/loans.ts	143	
emitLoanActivatedSideEffects	function	finance	true		netlify/functions/lib/finance/loans.ts	200	
settleLoan	function	finance	true		netlify/functions/lib/finance/loans.ts	221	
cancelLoan	function	finance	true		netlify/functions/lib/finance/loans.ts	270	
LoanInstallment	interface	finance	true		netlify/functions/lib/finance/loans.ts	305	
loadLoanInstallments	function	finance	true		netlify/functions/lib/finance/loans.ts	312	
LoanRow	type	finance	false		netlify/functions/lib/finance/loans.ts	318	loadLoanInstallments
recomputeLoanBalance	function	finance	false		netlify/functions/lib/finance/loans.ts	340	
recordLoanDeductionsForRun	function	finance	true		netlify/functions/lib/finance/loans.ts	359	
reverseLoanDeductionsForRun	function	finance	true		netlify/functions/lib/finance/loans.ts	393	
EmployeeResolved	interface	finance	true		netlify/functions/lib/finance/lookups.ts	21	
EmployeePickerOption	interface	finance	true		netlify/functions/lib/finance/lookups.ts	33	
PayrollRunPickerOption	interface	finance	true		netlify/functions/lib/finance/lookups.ts	42	
RemittanceAuthority	type	finance	true		netlify/functions/lib/finance/lookups.ts	53	
AuthorityOption	interface	finance	true		netlify/functions/lib/finance/lookups.ts	55	
BudgetCategoryOption	interface	finance	true		netlify/functions/lib/finance/lookups.ts	61	
DbUserRow	interface	finance	false		netlify/functions/lib/finance/lookups.ts	68	
userDisplayName	function	finance	false		netlify/functions/lib/finance/lookups.ts	83	
DbDeptRow	interface	finance	false		netlify/functions/lib/finance/lookups.ts	93	
DbRunRow	interface	finance	false		netlify/functions/lib/finance/lookups.ts	98	
resolveEmployees	function	finance	true		netlify/functions/lib/finance/lookups.ts	120	
listEmployeesForPicker	function	finance	true		netlify/functions/lib/finance/lookups.ts	175	
APPROVED_RUN_STATUSES	variable	finance	false		netlify/functions/lib/finance/lookups.ts	205	
listApprovedPayrollRuns	function	finance	true		netlify/functions/lib/finance/lookups.ts	212	
listAuthorities	function	finance	true		netlify/functions/lib/finance/lookups.ts	249	
FALLBACK_CATEGORIES	array	finance	false		netlify/functions/lib/finance/lookups.ts	275	
listBudgetCategories	function	finance	true		netlify/functions/lib/finance/lookups.ts	296	
round2	function	finance	false		netlify/functions/lib/finance/niForms.ts	18	
NiRow	interface	finance	true		netlify/functions/lib/finance/niForms.ts	20	
NiPeriodData	interface	finance	true		netlify/functions/lib/finance/niForms.ts	32	
monthBounds	function	finance	false		netlify/functions/lib/finance/niForms.ts	41	
buildNiPeriodData	function	finance	true		netlify/functions/lib/finance/niForms.ts	49	
LIGHT	variable	finance	false		netlify/functions/lib/finance/niForms.ts	118	
NAVY	variable	finance	false		netlify/functions/lib/finance/niForms.ts	118	
SLATE	variable	finance	false		netlify/functions/lib/finance/niForms.ts	118	
money	function	finance	false		netlify/functions/lib/finance/niForms.ts	119	
ROMAN	array	finance	false		netlify/functions/lib/finance/niForms.ts	120	
toRoman	function	finance	false		netlify/functions/lib/finance/niForms.ts	121	
pdfBuffer	function	finance	false		netlify/functions/lib/finance/niForms.ts	123	
header	function	finance	false		netlify/functions/lib/finance/niForms.ts	137	
renderNi184Pdf	function	finance	true		netlify/functions/lib/finance/niForms.ts	148	
row	function	finance	false		netlify/functions/lib/finance/niForms.ts	155	renderNi184Pdf
renderNi187Pdf	function	finance	true		netlify/functions/lib/finance/niForms.ts	171	
line	function	finance	false		netlify/functions/lib/finance/niForms.ts	174	renderNi187Pdf
ni184Csv	function	finance	true		netlify/functions/lib/finance/niForms.ts	191	
esc	function	finance	false		netlify/functions/lib/finance/niForms.ts	192	ni184Csv
GenerateNiResult	interface	finance	true		netlify/functions/lib/finance/niForms.ts	201	
generateNiPeriod	function	finance	true		netlify/functions/lib/finance/niForms.ts	203	
ListNisProfilesOpts	interface	finance	true		netlify/functions/lib/finance/nisProfileVerification.ts	30	
listNisProfiles	function	finance	true		netlify/functions/lib/finance/nisProfileVerification.ts	36	
VerifyNisProfileInput	interface	finance	true		netlify/functions/lib/finance/nisProfileVerification.ts	53	
verifyNisProfile	function	finance	true		netlify/functions/lib/finance/nisProfileVerification.ts	59	
RejectNisProfileInput	interface	finance	true		netlify/functions/lib/finance/nisProfileVerification.ts	122	
rejectNisProfile	function	finance	true		netlify/functions/lib/finance/nisProfileVerification.ts	128	
setNisProfileStatus	function	finance	true		netlify/functions/lib/finance/nisProfileVerification.ts	215	
OvertimeEventType	type	finance	true		netlify/functions/lib/finance/overtimeResolver.ts	6	
OvertimeRule	interface	finance	true		netlify/functions/lib/finance/overtimeResolver.ts	8	
resolveOvertimeMultiplier	function	finance	true		netlify/functions/lib/finance/overtimeResolver.ts	25	
DbRuleRow	interface	finance	false		netlify/functions/lib/finance/overtimeRules.ts	18	
toDto	function	finance	false		netlify/functions/lib/finance/overtimeRules.ts	24	
loadActiveOvertimeRules	function	finance	true		netlify/functions/lib/finance/overtimeRules.ts	34	
listOvertimeRules	function	finance	true		netlify/functions/lib/finance/overtimeRules.ts	40	
CreateOvertimeRuleInput	interface	finance	true		netlify/functions/lib/finance/overtimeRules.ts	47	
createOvertimeRule	function	finance	true		netlify/functions/lib/finance/overtimeRules.ts	56	
setOvertimeRuleActive	function	finance	true		netlify/functions/lib/finance/overtimeRules.ts	86	
FinanceOverviewKpis	interface	finance	true	ui-tile	netlify/functions/lib/finance/overview.ts	21	
CostCentreBurn	interface	finance	true		netlify/functions/lib/finance/overview.ts	33	
ApprovalQueueItem	interface	finance	true		netlify/functions/lib/finance/overview.ts	40	
FinanceDeadline	interface	finance	true		netlify/functions/lib/finance/overview.ts	51	
FinanceActivityItem	interface	finance	true		netlify/functions/lib/finance/overview.ts	57	
ApprovalsAging	interface	finance	true		netlify/functions/lib/finance/overview.ts	64	
FinanceOverviewData	interface	finance	true		netlify/functions/lib/finance/overview.ts	71	
HIGH_VALUE_THRESHOLD	variable	finance	false		netlify/functions/lib/finance/overview.ts	81	
MONTH_LABELS	array	finance	false		netlify/functions/lib/finance/overview.ts	82	
monthBounds	function	finance	false		netlify/functions/lib/finance/overview.ts	84	
pctDelta	function	finance	false		netlify/functions/lib/finance/overview.ts	93	
monthSpend	function	finance	false		netlify/functions/lib/finance/overview.ts	98	
sum	function	finance	false		netlify/functions/lib/finance/overview.ts	107	monthSpend
getFinanceOverview	function	finance	true		netlify/functions/lib/finance/overview.ts	112	
ageDays	function	finance	false		netlify/functions/lib/finance/overview.ts	167	getFinanceOverview
sumAmount	function	finance	false		netlify/functions/lib/finance/overview.ts	233	
humanizeEvent	function	finance	false		netlify/functions/lib/finance/overview.ts	237	
ExportType	type	finance	true		netlify/functions/lib/finance/overview.ts	247	
ExportResult	interface	finance	true		netlify/functions/lib/finance/overview.ts	249	
escCsv	function	finance	false		netlify/functions/lib/finance/overview.ts	255	
toCsv	function	finance	false		netlify/functions/lib/finance/overview.ts	259	
exportFinanceOverview	function	finance	true		netlify/functions/lib/finance/overview.ts	263	
KpiType	type	finance	true	ui-tile	netlify/functions/lib/finance/overview.ts	325	
KpiDrilldownRow	interface	finance	true	ui-tile	netlify/functions/lib/finance/overview.ts	327	
KpiDrilldownResult	interface	finance	true	ui-tile	netlify/functions/lib/finance/overview.ts	339	
getFinanceKpiDrilldown	function	finance	true	ui-tile	netlify/functions/lib/finance/overview.ts	347	
ApprovalQueueItemV2	interface	finance	true		netlify/functions/lib/finance/overview.ts	447	
ApprovalsQueueFilters	interface	finance	true		netlify/functions/lib/finance/overview.ts	463	
getApprovalsQueueV2	function	finance	true		netlify/functions/lib/finance/overview.ts	470	
ageDays	function	finance	false		netlify/functions/lib/finance/overview.ts	482	getApprovalsQueueV2
QueueItemType	type	finance	true		netlify/functions/lib/finance/overview.ts	527	
approveFinanceQueueItem	function	finance	true		netlify/functions/lib/finance/overview.ts	529	
rejectFinanceQueueItem	function	finance	true		netlify/functions/lib/finance/overview.ts	554	
SpendBudgetPeriod	type	finance	true		netlify/functions/lib/finance/overview.ts	582	
SpendBudgetSeries	interface	finance	true		netlify/functions/lib/finance/overview.ts	584	
getSpendBudgetSeries	function	finance	true		netlify/functions/lib/finance/overview.ts	592	
PayGroupDto	interface	payroll	true		netlify/functions/lib/finance/payGroups.ts	13	
DbPayGroupRow	interface	payroll	false		netlify/functions/lib/finance/payGroups.ts	26	
toDto	function	payroll	false		netlify/functions/lib/finance/payGroups.ts	33	
listPayGroups	function	payroll	true		netlify/functions/lib/finance/payGroups.ts	43	
getPayGroup	function	payroll	true		netlify/functions/lib/finance/payGroups.ts	63	
CreatePayGroupInput	interface	payroll	true		netlify/functions/lib/finance/payGroups.ts	71	
createPayGroup	function	payroll	true		netlify/functions/lib/finance/payGroups.ts	80	
AssignEmployeeInput	interface	payroll	true		netlify/functions/lib/finance/payGroups.ts	112	
assignEmployee	function	payroll	true		netlify/functions/lib/finance/payGroups.ts	119	
listGroupMemberIds	function	payroll	true		netlify/functions/lib/finance/payGroups.ts	163	
PayGroupMemberDto	interface	payroll	true		netlify/functions/lib/finance/payGroups.ts	180	
listGroupMembers	function	payroll	true		netlify/functions/lib/finance/payGroups.ts	182	
ControlCenterServiceInput	interface	payroll	true		netlify/functions/lib/finance/payroll/controlCenter.ts	34	
money	function	payroll	false		netlify/functions/lib/finance/payroll/controlCenter.ts	43	
num	function	payroll	false		netlify/functions/lib/finance/payroll/controlCenter.ts	47	
str	function	payroll	false		netlify/functions/lib/finance/payroll/controlCenter.ts	51	
Rec	type	payroll	false		netlify/functions/lib/finance/payroll/controlCenter.ts	56	
assertRpcShape	function	payroll	false		netlify/functions/lib/finance/payroll/controlCenter.ts	63	
err	function	payroll	false		netlify/functions/lib/finance/payroll/controlCenter.ts	64	assertRpcShape
obj	function	payroll	false		netlify/functions/lib/finance/payroll/controlCenter.ts	69	assertRpcShape
reqNum	function	payroll	false		netlify/functions/lib/finance/payroll/controlCenter.ts	74	assertRpcShape
getPayrollControlCenter	function	payroll	true		netlify/functions/lib/finance/payroll/controlCenter.ts	96	
mapRegisterItem	function	payroll	false		netlify/functions/lib/finance/payroll/controlCenter.ts	349	
RegisterCursorTuple	interface	payroll	true		netlify/functions/lib/finance/payroll/controlCenterCursor.ts	7	
hashStr	function	payroll	false		netlify/functions/lib/finance/payroll/controlCenterCursor.ts	15	
filterFingerprint	function	payroll	true		netlify/functions/lib/finance/payroll/controlCenterCursor.ts	22	
encodeCursor	function	payroll	true		netlify/functions/lib/finance/payroll/controlCenterCursor.ts	38	
decodeCursor	function	payroll	true		netlify/functions/lib/finance/payroll/controlCenterCursor.ts	44	
malformed	function	payroll	false		netlify/functions/lib/finance/payroll/controlCenterCursor.ts	45	decodeCursor
todayIso	function	payroll	true		netlify/functions/lib/finance/payroll/controlCenterDerive.ts	15	
classifyDeadline	function	payroll	true		netlify/functions/lib/finance/payroll/controlCenterDerive.ts	20	
HealthInput	interface	payroll	true		netlify/functions/lib/finance/payroll/controlCenterDerive.ts	42	
healthScore	function	payroll	true		netlify/functions/lib/finance/payroll/controlCenterDerive.ts	49	
healthState	function	payroll	true		netlify/functions/lib/finance/payroll/controlCenterDerive.ts	61	
fundingKpiState	function	payroll	true	ui-tile	netlify/functions/lib/finance/payroll/controlCenterDerive.ts	70	
ACTIVITY_LABELS	object	payroll	false		netlify/functions/lib/finance/payroll/controlCenterDerive.ts	82	
activityLabel	function	payroll	true		netlify/functions/lib/finance/payroll/controlCenterDerive.ts	94	
TERMINAL_RELEASED	variable	payroll	false		netlify/functions/lib/finance/payroll/controlCenterDerive.ts	103	
registerReadinessState	function	payroll	true		netlify/functions/lib/finance/payroll/controlCenterDerive.ts	105	
PREFLIGHT_CODE_TO_GATE	object	payroll	false		netlify/functions/lib/finance/payroll/controlCenterDerive.ts	119	
GATE_ORDER	array	payroll	false		netlify/functions/lib/finance/payroll/controlCenterDerive.ts	140	
PreflightReadinessInput	interface	payroll	true		netlify/functions/lib/finance/payroll/controlCenterDerive.ts	150	
evaluateReadinessGates	function	payroll	true		netlify/functions/lib/finance/payroll/controlCenterDerive.ts	157	
PayrollRunType	type	payroll	true		netlify/functions/lib/finance/payroll/execution.ts	6	
PayrollRunStatus	type	payroll	true		netlify/functions/lib/finance/payroll/execution.ts	12	
CreatePayrollRunCommand	interface	payroll	true		netlify/functions/lib/finance/payroll/execution.ts	25	
CalculationAttemptRow	interface	payroll	true		netlify/functions/lib/finance/payroll/execution.ts	40	
PayrollCalculationAttempt	interface	payroll	true		netlify/functions/lib/finance/payroll/execution.ts	57	
CalculationVersionRow	interface	payroll	false		netlify/functions/lib/finance/payroll/execution.ts	74	
PayrollCalculationVersion	interface	payroll	true		netlify/functions/lib/finance/payroll/execution.ts	91	
toAttempt	function	payroll	false		netlify/functions/lib/finance/payroll/execution.ts	108	
toVersion	function	payroll	false		netlify/functions/lib/finance/payroll/execution.ts	127	
ATTEMPT_COLUMNS	variable	payroll	false		netlify/functions/lib/finance/payroll/execution.ts	146	
VERSION_COLUMNS	variable	payroll	false		netlify/functions/lib/finance/payroll/execution.ts	148	
rpcData	function	payroll	false		netlify/functions/lib/finance/payroll/execution.ts	151	
createPayrollRunCommand	function	payroll	true		netlify/functions/lib/finance/payroll/execution.ts	156	
publishInputSnapshot	function	payroll	true		netlify/functions/lib/finance/payroll/execution.ts	188	
replayInputSnapshot	function	payroll	true		netlify/functions/lib/finance/payroll/execution.ts	227	
startCalculationAttempt	function	payroll	true		netlify/functions/lib/finance/payroll/execution.ts	248	
listCalculationAttempts	function	payroll	true		netlify/functions/lib/finance/payroll/execution.ts	270	
getCalculationAttempt	function	payroll	true		netlify/functions/lib/finance/payroll/execution.ts	291	
listCalculationVersions	function	payroll	true		netlify/functions/lib/finance/payroll/execution.ts	307	
getCalculationVersion	function	payroll	true		netlify/functions/lib/finance/payroll/execution.ts	323	
VersionLineRow	interface	payroll	false		netlify/functions/lib/finance/payroll/execution.ts	339	
PayrollCalculationComparison	interface	payroll	true		netlify/functions/lib/finance/payroll/execution.ts	351	
compareCalculationVersions	function	payroll	true		netlify/functions/lib/finance/payroll/execution.ts	374	
round2	function	payroll	false		netlify/functions/lib/finance/payroll/execution.ts	426	compareCalculationVersions
deductions	function	payroll	false		netlify/functions/lib/finance/payroll/execution.ts	427	compareCalculationVersions
publishCalculationVersion	function	payroll	true		netlify/functions/lib/finance/payroll/execution.ts	475	
failCalculationAttempt	function	payroll	true		netlify/functions/lib/finance/payroll/execution.ts	507	
calculationFailure	function	payroll	true		netlify/functions/lib/finance/payroll/execution.ts	524	
PayrollExportFormat	type	payroll	true		netlify/functions/lib/finance/payroll/exportContent.ts	3	
payrollExportChecksum	function	payroll	true		netlify/functions/lib/finance/payroll/exportContent.ts	7	
PayrollFindingDomain	type	payroll	true		netlify/functions/lib/finance/payroll/findings.ts	6	
PayrollFindingState	type	payroll	true		netlify/functions/lib/finance/payroll/findings.ts	16	
PayrollFindingSeverity	type	payroll	true		netlify/functions/lib/finance/payroll/findings.ts	17	
DbFindingRow	interface	payroll	false		netlify/functions/lib/finance/payroll/findings.ts	19	
PayrollControlFinding	interface	payroll	true		netlify/functions/lib/finance/payroll/findings.ts	47	
toFinding	function	payroll	false		netlify/functions/lib/finance/payroll/findings.ts	75	
listPayrollFindings	function	payroll	true		netlify/functions/lib/finance/payroll/findings.ts	105	
listAllPayrollFindings	function	payroll	true		netlify/functions/lib/finance/payroll/findings.ts	136	
getPayrollFinding	function	payroll	true		netlify/functions/lib/finance/payroll/findings.ts	158	
commandPayrollFinding	function	payroll	true		netlify/functions/lib/finance/payroll/findings.ts	172	
findRunOwner	function	payroll	false		netlify/functions/lib/finance/payroll/findings.ts	229	
getPayrollWorkQueue	function	payroll	true		netlify/functions/lib/finance/payroll/findingsWorkQueue.ts	24	
DbActivityRow	interface	payroll	false		netlify/functions/lib/finance/payroll/findingsWorkQueue.ts	46	
toActivity	function	payroll	false		netlify/functions/lib/finance/payroll/findingsWorkQueue.ts	59	
ACTIVITY_SELECT	variable	payroll	false		netlify/functions/lib/finance/payroll/findingsWorkQueue.ts	77	
listFindingActivity	function	payroll	true		netlify/functions/lib/finance/payroll/findingsWorkQueue.ts	81	
kindOf	function	payroll	false		netlify/functions/lib/finance/payroll/findingsWorkQueue.ts	111	
queueSeverityOf	function	payroll	false		netlify/functions/lib/finance/payroll/findingsWorkQueue.ts	114	
allowedActionsFor	function	payroll	false		netlify/functions/lib/finance/payroll/findingsWorkQueue.ts	117	
getPayrollFindingDetail	function	payroll	true		netlify/functions/lib/finance/payroll/findingsWorkQueue.ts	125	
nameOf	function	payroll	false		netlify/functions/lib/finance/payroll/findingsWorkQueue.ts	144	getPayrollFindingDetail
commentPayrollFinding	function	payroll	true		netlify/functions/lib/finance/payroll/findingsWorkQueue.ts	182	
PayrollCertification	interface	payroll	true		netlify/functions/lib/finance/payroll/releases.ts	4	
PayrollFundingConfirmation	interface	payroll	true		netlify/functions/lib/finance/payroll/releases.ts	20	
PayrollReleaseCertificate	interface	payroll	true		netlify/functions/lib/finance/payroll/releases.ts	37	
PayrollReleasePreflight	interface	payroll	true		netlify/functions/lib/finance/payroll/releases.ts	60	
DbCertification	interface	payroll	false		netlify/functions/lib/finance/payroll/releases.ts	83	
DbFundingConfirmation	interface	payroll	false		netlify/functions/lib/finance/payroll/releases.ts	99	
DbReleaseCertificate	interface	payroll	false		netlify/functions/lib/finance/payroll/releases.ts	116	
toCertification	function	payroll	false		netlify/functions/lib/finance/payroll/releases.ts	133	
toFundingConfirmation	function	payroll	false		netlify/functions/lib/finance/payroll/releases.ts	151	
toReleaseCertificate	function	payroll	false		netlify/functions/lib/finance/payroll/releases.ts	172	
asPreflight	function	payroll	false		netlify/functions/lib/finance/payroll/releases.ts	193	
certifyPayrollRun	function	payroll	true		netlify/functions/lib/finance/payroll/releases.ts	229	
confirmPayrollFunding	function	payroll	true		netlify/functions/lib/finance/payroll/releases.ts	276	
getPayrollReleasePreflight	function	payroll	true		netlify/functions/lib/finance/payroll/releases.ts	317	
releasePayrollRun	function	payroll	true		netlify/functions/lib/finance/payroll/releases.ts	327	
getPayrollReleaseCertificate	function	payroll	true		netlify/functions/lib/finance/payroll/releases.ts	372	
PAYROLL_SQLSTATE_HTTP	object	payroll	false		netlify/functions/lib/finance/payroll/rpcError.ts	1	
PayrollRpcError	interface	payroll	true		netlify/functions/lib/finance/payroll/rpcError.ts	9	
payrollRpcHttpError	function	payroll	true		netlify/functions/lib/finance/payroll/rpcError.ts	14	
parseDate	function	payroll	false		netlify/functions/lib/finance/payroll/runCalendar.ts	56	
fmtDate	function	payroll	false		netlify/functions/lib/finance/payroll/runCalendar.ts	63	
addDays	function	payroll	false		netlify/functions/lib/finance/payroll/runCalendar.ts	68	
lastDayOfMonth	function	payroll	false		netlify/functions/lib/finance/payroll/runCalendar.ts	75	
firstWeekdayOnOrAfter	function	payroll	false		netlify/functions/lib/finance/payroll/runCalendar.ts	83	
MAX_WINDOW_DAYS	variable	payroll	false		netlify/functions/lib/finance/payroll/runCalendar.ts	92	
PayGroupSchedule	interface	payroll	true		netlify/functions/lib/finance/payroll/runCalendar.ts	96	
ScheduledInstance	interface	payroll	true		netlify/functions/lib/finance/payroll/runCalendar.ts	104	
computeScheduledInstances	function	payroll	true		netlify/functions/lib/finance/payroll/runCalendar.ts	121	
makeInstance	function	payroll	false		netlify/functions/lib/finance/payroll/runCalendar.ts	129	computeScheduledInstances
inWindow	function	payroll	false		netlify/functions/lib/finance/payroll/runCalendar.ts	143	computeScheduledInstances
PayGroupRow	interface	payroll	false		netlify/functions/lib/finance/payroll/runCalendar.ts	235	
RunRow	interface	payroll	false		netlify/functions/lib/finance/payroll/runCalendar.ts	243	
getPayrollRunCalendar	function	payroll	true		netlify/functions/lib/finance/payroll/runCalendar.ts	261	
hashStr	function	payroll	false		netlify/functions/lib/finance/payroll/runRegister.ts	43	
filterFingerprint	function	payroll	false		netlify/functions/lib/finance/payroll/runRegister.ts	50	
CursorKeyDateSort	type	payroll	false		netlify/functions/lib/finance/payroll/runRegister.ts	64	
CursorKeyUpdated	type	payroll	false		netlify/functions/lib/finance/payroll/runRegister.ts	65	
CursorKey	type	payroll	false		netlify/functions/lib/finance/payroll/runRegister.ts	66	
encodeCursor	function	payroll	false		netlify/functions/lib/finance/payroll/runRegister.ts	68	
decodeCursor	function	payroll	false		netlify/functions/lib/finance/payroll/runRegister.ts	73	
malformed	function	payroll	false		netlify/functions/lib/finance/payroll/runRegister.ts	74	decodeCursor
makeCursorKey	function	payroll	false		netlify/functions/lib/finance/payroll/runRegister.ts	114	
RunMinimal	interface	payroll	false		netlify/functions/lib/finance/payroll/runRegister.ts	124	
IN_PROGRESS_STATUSES	variable	payroll	false		netlify/functions/lib/finance/payroll/runRegister.ts	155	
APPROVAL_STATUSES	variable	payroll	false		netlify/functions/lib/finance/payroll/runRegister.ts	156	
ATTENTION_STATUSES	variable	payroll	false		netlify/functions/lib/finance/payroll/runRegister.ts	157	
RELEASED_STATUSES	variable	payroll	false		netlify/functions/lib/finance/payroll/runRegister.ts	158	
matchesTab	function	payroll	false		netlify/functions/lib/finance/payroll/runRegister.ts	160	
compareRuns	function	payroll	false		netlify/functions/lib/finance/payroll/runRegister.ts	173	
isAfterCursor	function	payroll	false		netlify/functions/lib/finance/payroll/runRegister.ts	215	
readinessLabel	function	payroll	false		netlify/functions/lib/finance/payroll/runRegister.ts	276	
listPayrollRunsRegister	function	payroll	true		netlify/functions/lib/finance/payroll/runRegister.ts	288	
FindingRow	interface	payroll	false		netlify/functions/lib/finance/payroll/runRegister.ts	349	listPayrollRunsRegister
CalcVersionRow	interface	payroll	false		netlify/functions/lib/finance/payroll/runRegister.ts	412	listPayrollRunsRegister
SourceRunRow	interface	payroll	false		netlify/functions/lib/finance/payroll/runRegister.ts	423	listPayrollRunsRegister
PayGroupRow	interface	payroll	false		netlify/functions/lib/finance/payroll/runRegister.ts	434	listPayrollRunsRegister
VALID_SORTS	variable	payroll	false		netlify/functions/lib/finance/payroll/runViews.ts	33	
VALID_STATES	variable	payroll	false		netlify/functions/lib/finance/payroll/runViews.ts	36	
VALID_RUN_TYPES	variable	payroll	false		netlify/functions/lib/finance/payroll/runViews.ts	42	
validateFilters	function	payroll	false		netlify/functions/lib/finance/payroll/runViews.ts	50	
RunViewRow	interface	payroll	false		netlify/functions/lib/finance/payroll/runViews.ts	130	
toPayrollRunView	function	payroll	false		netlify/functions/lib/finance/payroll/runViews.ts	140	
listRunViews	function	payroll	true		netlify/functions/lib/finance/payroll/runViews.ts	155	
createRunView	function	payroll	true		netlify/functions/lib/finance/payroll/runViews.ts	181	
updateRunView	function	payroll	true		netlify/functions/lib/finance/payroll/runViews.ts	243	
deleteRunView	function	payroll	true		netlify/functions/lib/finance/payroll/runViews.ts	316	
InputSnapshotRow	interface	payroll	false		netlify/functions/lib/finance/payroll/workspace.ts	22	
PayrollInputSnapshot	interface	payroll	true		netlify/functions/lib/finance/payroll/workspace.ts	33	
PayrollFindingSummary	interface	payroll	true		netlify/functions/lib/finance/payroll/workspace.ts	44	
PayrollRunWorkspace	interface	payroll	true		netlify/functions/lib/finance/payroll/workspace.ts	54	
findingStates	array	payroll	false		netlify/functions/lib/finance/payroll/workspace.ts	64	
findingDomains	array	payroll	false		netlify/functions/lib/finance/payroll/workspace.ts	70	
countBy	function	payroll	false		netlify/functions/lib/finance/payroll/workspace.ts	81	
summarizeFindings	function	payroll	false		netlify/functions/lib/finance/payroll/workspace.ts	87	
getPayrollRunWorkspace	function	payroll	true		netlify/functions/lib/finance/payroll/workspace.ts	104	
getInputSnapshot	function	payroll	false		netlify/functions/lib/finance/payroll/workspace.ts	151	
PayComponentRow	interface	payroll	true		netlify/functions/lib/finance/payrollComponents.ts	28	
PayComponentChangeRequest	interface	payroll	true		netlify/functions/lib/finance/payrollComponents.ts	45	
DbComponentRow	interface	payroll	false		netlify/functions/lib/finance/payrollComponents.ts	60	
DbCrRow	interface	payroll	false		netlify/functions/lib/finance/payrollComponents.ts	68	
toDto	function	payroll	false		netlify/functions/lib/finance/payrollComponents.ts	81	
toCrDto	function	payroll	false		netlify/functions/lib/finance/payrollComponents.ts	91	
listPayComponents	function	payroll	true		netlify/functions/lib/finance/payrollComponents.ts	108	
getPayComponent	function	payroll	true		netlify/functions/lib/finance/payrollComponents.ts	124	
listPayComponentChangeRequests	function	payroll	true		netlify/functions/lib/finance/payrollComponents.ts	132	
fetchChangeRequest	function	payroll	false		netlify/functions/lib/finance/payrollComponents.ts	148	
resolveApproverIds	function	payroll	false		netlify/functions/lib/finance/payrollComponents.ts	153	
openChangeRequest	function	payroll	false		netlify/functions/lib/finance/payrollComponents.ts	159	
CreatePayComponentInput	interface	payroll	true		netlify/functions/lib/finance/payrollComponents.ts	239	
createPayComponent	function	payroll	true		netlify/functions/lib/finance/payrollComponents.ts	252	
UpdatePayComponentInput	interface	payroll	true		netlify/functions/lib/finance/payrollComponents.ts	304	
updatePayComponent	function	payroll	true		netlify/functions/lib/finance/payrollComponents.ts	316	
retirePayComponent	function	payroll	true		netlify/functions/lib/finance/payrollComponents.ts	347	
approvePayComponentChangeRequest	function	payroll	true		netlify/functions/lib/finance/payrollComponents.ts	373	
applyChangeDirect	function	payroll	false		netlify/functions/lib/finance/payrollComponents.ts	416	
rejectPayComponentChangeRequest	function	payroll	true		netlify/functions/lib/finance/payrollComponents.ts	536	
EXPORT_SERIALIZER_VERSION	variable	payroll	false		netlify/functions/lib/finance/payrollExports.ts	16	
PayrollExportDto	interface	payroll	true		netlify/functions/lib/finance/payrollExports.ts	18	
DbExportRow	interface	payroll	false		netlify/functions/lib/finance/payrollExports.ts	35	
toExportDto	function	payroll	false		netlify/functions/lib/finance/payrollExports.ts	52	
ExportFormat	type	payroll	true		netlify/functions/lib/finance/payrollExports.ts	73	
exportRun	function	payroll	true		netlify/functions/lib/finance/payrollExports.ts	76	
listRunExports	function	payroll	true		netlify/functions/lib/finance/payrollExports.ts	143	
round2	function	payroll	false		netlify/functions/lib/finance/payrollGl.ts	19	
DEBIT_KEYS	variable	payroll	false		netlify/functions/lib/finance/payrollGl.ts	21	
CREDIT_KEYS	variable	payroll	false		netlify/functions/lib/finance/payrollGl.ts	22	
GlPreviewLine	interface	payroll	true		netlify/functions/lib/finance/payrollGl.ts	24	
GlPreview	interface	payroll	true		netlify/functions/lib/finance/payrollGl.ts	31	
computeAmounts	function	payroll	false		netlify/functions/lib/finance/payrollGl.ts	44	
loadMappings	function	payroll	false		netlify/functions/lib/finance/payrollGl.ts	74	
resolveAccountNames	function	payroll	false		netlify/functions/lib/finance/payrollGl.ts	82	
previewRunGl	function	payroll	true		netlify/functions/lib/finance/payrollGl.ts	91	
PostRunGlResult	interface	payroll	true		netlify/functions/lib/finance/payrollGl.ts	155	
postRunGl	function	payroll	true		netlify/functions/lib/finance/payrollGl.ts	157	
reverseRunGl	function	payroll	true		netlify/functions/lib/finance/payrollGl.ts	209	
getRunGlJournal	function	payroll	true		netlify/functions/lib/finance/payrollGl.ts	244	
OverrideDto	interface	payroll	true		netlify/functions/lib/finance/payrollOverrides.ts	21	
DbInputRow	interface	payroll	false		netlify/functions/lib/finance/payrollOverrides.ts	34	
toDto	function	payroll	false		netlify/functions/lib/finance/payrollOverrides.ts	39	
EDITABLE_STATUSES	array	payroll	false		netlify/functions/lib/finance/payrollOverrides.ts	52	
AddOverrideInput	interface	payroll	true		netlify/functions/lib/finance/payrollOverrides.ts	54	
addOverride	function	payroll	true		netlify/functions/lib/finance/payrollOverrides.ts	65	
AddOverridesBulkInput	interface	payroll	true		netlify/functions/lib/finance/payrollOverrides.ts	118	
BULK_OVERRIDE_MAX	variable	payroll	true		netlify/functions/lib/finance/payrollOverrides.ts	129	
addOverridesBulk	function	payroll	true		netlify/functions/lib/finance/payrollOverrides.ts	137	
removeOverride	function	payroll	true		netlify/functions/lib/finance/payrollOverrides.ts	207	
listOverrides	function	payroll	true		netlify/functions/lib/finance/payrollOverrides.ts	240	
PayslipDeliveryDto	interface	payroll	true		netlify/functions/lib/finance/payrollPayslipDelivery.ts	27	
DbDeliveryRow	interface	payroll	false		netlify/functions/lib/finance/payrollPayslipDelivery.ts	42	
toDeliveryDto	function	payroll	false		netlify/functions/lib/finance/payrollPayslipDelivery.ts	49	
derivePassword	function	payroll	false		netlify/functions/lib/finance/payrollPayslipDelivery.ts	59	
maskEmail	function	payroll	false		netlify/functions/lib/finance/payrollPayslipDelivery.ts	68	
escHtml	function	payroll	false		netlify/functions/lib/finance/payrollPayslipDelivery.ts	75	
buildDeliveryHtml	function	payroll	false		netlify/functions/lib/finance/payrollPayslipDelivery.ts	81	
deliverPayslip	function	payroll	true		netlify/functions/lib/finance/payrollPayslipDelivery.ts	103	
DeliverRunResult	interface	payroll	true		netlify/functions/lib/finance/payrollPayslipDelivery.ts	192	
deliverRunPayslips	function	payroll	true		netlify/functions/lib/finance/payrollPayslipDelivery.ts	194	
listRunDeliveries	function	payroll	true		netlify/functions/lib/finance/payrollPayslipDelivery.ts	225	
PayslipDto	interface	payroll	true		netlify/functions/lib/finance/payrollPayslips.ts	32	
DbPayslipRow	interface	payroll	false		netlify/functions/lib/finance/payrollPayslips.ts	44	
notifyPayslipReady	function	payroll	false		netlify/functions/lib/finance/payrollPayslips.ts	57	
toPayslipDto	function	payroll	false		netlify/functions/lib/finance/payrollPayslips.ts	74	
generatePayslips	function	payroll	true		netlify/functions/lib/finance/payrollPayslips.ts	103	
payslipStudioEnabled	variable	payroll	true		netlify/functions/lib/finance/payrollPayslips.ts	189	
loadRenderTemplate	function	payroll	true		netlify/functions/lib/finance/payrollPayslips.ts	204	
renderPayslip	function	payroll	true		netlify/functions/lib/finance/payrollPayslips.ts	230	
RenderRunResult	interface	payroll	true		netlify/functions/lib/finance/payrollPayslips.ts	272	
renderRunPayslips	function	payroll	true		netlify/functions/lib/finance/payrollPayslips.ts	280	
listPayslipsForRun	function	payroll	true		netlify/functions/lib/finance/payrollPayslips.ts	314	
getMyPayslips	function	payroll	true		netlify/functions/lib/finance/payrollPayslips.ts	324	
getPayslip	function	payroll	true		netlify/functions/lib/finance/payrollPayslips.ts	335	
signedPayslipUrl	function	payroll	true		netlify/functions/lib/finance/payrollPayslips.ts	355	
ReportRow	type	payroll	true		netlify/functions/lib/finance/payrollReports.ts	32	
ReportResult	interface	payroll	true		netlify/functions/lib/finance/payrollReports.ts	34	
result	function	payroll	false		netlify/functions/lib/finance/payrollReports.ts	40	
reportRegister	function	payroll	true		netlify/functions/lib/finance/payrollReports.ts	45	
reportPayslipRegister	function	payroll	true		netlify/functions/lib/finance/payrollReports.ts	64	
reportNetPaySummary	function	payroll	true		netlify/functions/lib/finance/payrollReports.ts	76	
reportEmployerNisSummary	function	payroll	true		netlify/functions/lib/finance/payrollReports.ts	88	
reportNisRemittance	function	payroll	true		netlify/functions/lib/finance/payrollReports.ts	98	
reportPayeSummary	function	payroll	true		netlify/functions/lib/finance/payrollReports.ts	118	
reportHsSummary	function	payroll	true		netlify/functions/lib/finance/payrollReports.ts	129	
reportCostByDepartment	function	payroll	true		netlify/functions/lib/finance/payrollReports.ts	139	
reportCostByCostCenter	function	payroll	true		netlify/functions/lib/finance/payrollReports.ts	170	
reportExportAudit	function	payroll	true		netlify/functions/lib/finance/payrollReports.ts	199	
reportNisContinuity	function	payroll	true		netlify/functions/lib/finance/payrollReports.ts	211	
reportMissingNisNumber	function	payroll	true		netlify/functions/lib/finance/payrollReports.ts	221	
reportUnverifiedNis	function	payroll	true		netlify/functions/lib/finance/payrollReports.ts	232	
reportNewEmployeeNisOnboarding	function	payroll	true		netlify/functions/lib/finance/payrollReports.ts	243	
reportNisOpeningBalance	function	payroll	true		netlify/functions/lib/finance/payrollReports.ts	256	
reportNisExceptions	function	payroll	true		netlify/functions/lib/finance/payrollReports.ts	266	
PayrollReportKey	type	payroll	true		netlify/functions/lib/finance/payrollReports.ts	279	
DiffLine	interface	payroll	false		netlify/functions/lib/finance/payrollReports.ts	300	
r2	function	payroll	false		netlify/functions/lib/finance/payrollReports.ts	301	
diffRuns	function	payroll	false		netlify/functions/lib/finance/payrollReports.ts	303	
reportVariation	function	payroll	true		netlify/functions/lib/finance/payrollReports.ts	335	
reportAuditComparison	function	payroll	true		netlify/functions/lib/finance/payrollReports.ts	346	
runPayrollReport	function	payroll	true		netlify/functions/lib/finance/payrollReports.ts	350	
MAX_RUN_EMPLOYEES	variable	payroll	true		netlify/functions/lib/finance/payrollRuns.ts	47	
NisContributionPeriod	interface	payroll	false		netlify/functions/lib/finance/payrollRuns.ts	55	
NisContributionWeeks	interface	payroll	false		netlify/functions/lib/finance/payrollRuns.ts	62	
parseUtcDate	function	payroll	false		netlify/functions/lib/finance/payrollRuns.ts	67	
isoMonth	function	payroll	false		netlify/functions/lib/finance/payrollRuns.ts	75	
mondayOnOrBefore	function	payroll	false		netlify/functions/lib/finance/payrollRuns.ts	79	
buildEmployeeContributionWeeks	function	payroll	false		netlify/functions/lib/finance/payrollRuns.ts	85	
readFrozenContributionWeeks	function	payroll	false		netlify/functions/lib/finance/payrollRuns.ts	148	
buildNisContributionPeriods	function	payroll	false		netlify/functions/lib/finance/payrollRuns.ts	196	
round2	function	payroll	false		netlify/functions/lib/finance/payrollRuns.ts	215	buildNisContributionPeriods
PayrollRunDto	interface	payroll	true		netlify/functions/lib/finance/payrollRuns.ts	244	
PayrollRunInputDto	interface	payroll	true		netlify/functions/lib/finance/payrollRuns.ts	286	
PayrollRunLineDto	interface	payroll	true		netlify/functions/lib/finance/payrollRuns.ts	301	
PayrollRunWarningDto	interface	payroll	true		netlify/functions/lib/finance/payrollRuns.ts	327	
DbRunRow	interface	payroll	false		netlify/functions/lib/finance/payrollRuns.ts	343	
DbInputRow	interface	payroll	false		netlify/functions/lib/finance/payrollRuns.ts	363	
DbLineRow	interface	payroll	false		netlify/functions/lib/finance/payrollRuns.ts	370	
DbWarningRow	interface	payroll	false		netlify/functions/lib/finance/payrollRuns.ts	381	
toRunDto	function	payroll	false		netlify/functions/lib/finance/payrollRuns.ts	390	
toInputDto	function	payroll	false		netlify/functions/lib/finance/payrollRuns.ts	416	
toLineDto	function	payroll	false		netlify/functions/lib/finance/payrollRuns.ts	428	
toWarningDto	function	payroll	false		netlify/functions/lib/finance/payrollRuns.ts	445	
PayrollPolicy	interface	payroll	false		netlify/functions/lib/finance/payrollRuns.ts	456	
loadPayrollPolicy	function	payroll	false		netlify/functions/lib/finance/payrollRuns.ts	464	
ListRunsOptions	interface	payroll	true		netlify/functions/lib/finance/payrollRuns.ts	490	
listPayrollRuns	function	payroll	true		netlify/functions/lib/finance/payrollRuns.ts	496	
getPayrollRun	function	payroll	true		netlify/functions/lib/finance/payrollRuns.ts	507	
setRunTemplate	function	payroll	true		netlify/functions/lib/finance/payrollRuns.ts	520	
listRunInputs	function	payroll	true		netlify/functions/lib/finance/payrollRuns.ts	571	
listRunLines	function	payroll	true		netlify/functions/lib/finance/payrollRuns.ts	579	
listRunWarnings	function	payroll	true		netlify/functions/lib/finance/payrollRuns.ts	586	
RunAuditLogEntry	interface	payroll	true		netlify/functions/lib/finance/payrollRuns.ts	595	
listRunAuditLog	function	payroll	true		netlify/functions/lib/finance/payrollRuns.ts	609	
CreateRunInput	interface	payroll	true		netlify/functions/lib/finance/payrollRuns.ts	636	
createPayrollRun	function	payroll	true		netlify/functions/lib/finance/payrollRuns.ts	655	
lockInputs	function	payroll	true		netlify/functions/lib/finance/payrollRuns.ts	685	
EmpRow	type	payroll	false		netlify/functions/lib/finance/payrollRuns.ts	724	lockInputs
round2	function	payroll	false		netlify/functions/lib/finance/payrollRuns.ts	816	lockInputs
calculateRun	function	payroll	true		netlify/functions/lib/finance/payrollRuns.ts	1057	
round2	function	payroll	false		netlify/functions/lib/finance/payrollRuns.ts	1371	calculateRun
maskNisNumber	function	payroll	false		netlify/functions/lib/finance/payrollRuns.ts	1461	
PopulationPreviewResult	interface	payroll	true		netlify/functions/lib/finance/payrollRuns.ts	1470	
getEmployeePopulationPreview	function	payroll	true		netlify/functions/lib/finance/payrollRuns.ts	1485	
ExportDownloadResult	interface	payroll	true		netlify/functions/lib/finance/payrollRuns.ts	1547	
downloadRunExport	function	payroll	true		netlify/functions/lib/finance/payrollRuns.ts	1563	
submitRun	function	payroll	true		netlify/functions/lib/finance/payrollRuns.ts	1620	
decideRunApproval	function	payroll	true		netlify/functions/lib/finance/payrollRuns.ts	1692	
emitRunApprovedSideEffects	function	payroll	true		netlify/functions/lib/finance/payrollRuns.ts	1760	
lockRun	function	payroll	true		netlify/functions/lib/finance/payrollRuns.ts	1807	
reopenRun	function	payroll	true		netlify/functions/lib/finance/payrollRuns.ts	1854	
notifyPayslipEmployees	function	payroll	true		netlify/functions/lib/finance/payrollRuns.ts	1889	
payPeriodsForFrequency	function	payroll	true		netlify/functions/lib/finance/payrollStatutory.ts	32	
ComputeNisInput	interface	payroll	true		netlify/functions/lib/finance/payrollStatutory.ts	45	
ComputeNisResult	interface	payroll	true		netlify/functions/lib/finance/payrollStatutory.ts	56	
findNisClass	function	payroll	true		netlify/functions/lib/finance/payrollStatutory.ts	74	
computeNis	function	payroll	true		netlify/functions/lib/finance/payrollStatutory.ts	92	
ComputeHealthSurchargeInput	interface	payroll	true		netlify/functions/lib/finance/payrollStatutory.ts	127	
computeHealthSurcharge	function	payroll	true		netlify/functions/lib/finance/payrollStatutory.ts	145	
ComputePayeInput	interface	payroll	true		netlify/functions/lib/finance/payrollStatutory.ts	154	
computePaye	function	payroll	true		netlify/functions/lib/finance/payrollStatutory.ts	181	
ComputeRunLineInput	interface	payroll	true		netlify/functions/lib/finance/payrollStatutory.ts	196	
ComputeRunLineResult	interface	payroll	true		netlify/functions/lib/finance/payrollStatutory.ts	229	
computeRunLine	function	payroll	true		netlify/functions/lib/finance/payrollStatutory.ts	249	
round2	function	payroll	false		netlify/functions/lib/finance/payrollStatutory.ts	321	
DesignPageSize	type	payroll	true		netlify/functions/lib/finance/payslipDesignSchema.ts	18	
DesignOrient	type	payroll	true		netlify/functions/lib/finance/payslipDesignSchema.ts	19	
TableBinding	type	payroll	true		netlify/functions/lib/finance/payslipDesignSchema.ts	20	
ElementType	type	payroll	true		netlify/functions/lib/finance/payslipDesignSchema.ts	21	
BorderStyle	type	payroll	true		netlify/functions/lib/finance/payslipDesignSchema.ts	22	
VALID_PAGE_SIZES	variable	payroll	false		netlify/functions/lib/finance/payslipDesignSchema.ts	24	
VALID_ORIENTS	variable	payroll	false		netlify/functions/lib/finance/payslipDesignSchema.ts	25	
VALID_EL_TYPES	variable	payroll	false		netlify/functions/lib/finance/payslipDesignSchema.ts	26	
VALID_BINDINGS	variable	payroll	false		netlify/functions/lib/finance/payslipDesignSchema.ts	29	
VALID_BORDER_STYLE	variable	payroll	false		netlify/functions/lib/finance/payslipDesignSchema.ts	32	
MAX_JSON_BYTES	variable	payroll	false		netlify/functions/lib/finance/payslipDesignSchema.ts	38	
MAX_ELEMENTS	variable	payroll	false		netlify/functions/lib/finance/payslipDesignSchema.ts	39	
MAX_COORD	variable	payroll	false		netlify/functions/lib/finance/payslipDesignSchema.ts	40	
MAX_TEXT_LEN	variable	payroll	false		netlify/functions/lib/finance/payslipDesignSchema.ts	41	
MAX_LABEL_LEN	variable	payroll	false		netlify/functions/lib/finance/payslipDesignSchema.ts	42	
MAX_TABLE_ROWS	variable	payroll	false		netlify/functions/lib/finance/payslipDesignSchema.ts	43	
MAX_IMAGE_SRC	variable	payroll	false		netlify/functions/lib/finance/payslipDesignSchema.ts	44	
isObj	function	payroll	false		netlify/functions/lib/finance/payslipDesignSchema.ts	48	
isStr	function	payroll	false		netlify/functions/lib/finance/payslipDesignSchema.ts	51	
isNum	function	payroll	false		netlify/functions/lib/finance/payslipDesignSchema.ts	54	
isBool	function	payroll	false		netlify/functions/lib/finance/payslipDesignSchema.ts	57	
validateBaseEl	function	payroll	false		netlify/functions/lib/finance/payslipDesignSchema.ts	63	
validateStyleEl	function	payroll	false		netlify/functions/lib/finance/payslipDesignSchema.ts	89	
validateTextEl	function	payroll	false		netlify/functions/lib/finance/payslipDesignSchema.ts	117	
validateFieldEl	function	payroll	false		netlify/functions/lib/finance/payslipDesignSchema.ts	125	
validateSummaryEl	function	payroll	false		netlify/functions/lib/finance/payslipDesignSchema.ts	137	
validateTableEl	function	payroll	false		netlify/functions/lib/finance/payslipDesignSchema.ts	151	
validateDividerEl	function	payroll	false		netlify/functions/lib/finance/payslipDesignSchema.ts	198	
validateImageEl	function	payroll	false		netlify/functions/lib/finance/payslipDesignSchema.ts	208	
validateDesign	function	payroll	true		netlify/functions/lib/finance/payslipDesignSchema.ts	225	
PayslipLineItem	interface	payroll	true		netlify/functions/lib/finance/payslipPdf.ts	22	
PayslipSnapshot	interface	payroll	true		netlify/functions/lib/finance/payslipPdf.ts	24	
round2	function	payroll	false		netlify/functions/lib/finance/payslipPdf.ts	51	
buildPayslipSnapshot	function	payroll	true		netlify/functions/lib/finance/payslipPdf.ts	59	
computeYtd	function	payroll	false		netlify/functions/lib/finance/payslipPdf.ts	178	
NAVY	variable	payroll	false		netlify/functions/lib/finance/payslipPdf.ts	204	
SLATE	variable	payroll	false		netlify/functions/lib/finance/payslipPdf.ts	205	
LIGHT	variable	payroll	false		netlify/functions/lib/finance/payslipPdf.ts	206	
RenderOptions	interface	payroll	true		netlify/functions/lib/finance/payslipPdf.ts	208	
renderPayslipPdf	function	payroll	true		netlify/functions/lib/finance/payslipPdf.ts	216	
money	function	payroll	false		netlify/functions/lib/finance/payslipPdf.ts	231	renderPayslipPdf
field	function	payroll	false		netlify/functions/lib/finance/payslipPdf.ts	247	renderPayslipPdf
drawTable	function	payroll	false		netlify/functions/lib/finance/payslipPdf.ts	267	renderPayslipPdf
prettyCode	function	payroll	false		netlify/functions/lib/finance/payslipPdf.ts	345	
cap	function	payroll	false		netlify/functions/lib/finance/payslipPdf.ts	349	
monthLabel	function	payroll	false		netlify/functions/lib/finance/payslipPdf.ts	350	
fmtDate	function	payroll	false		netlify/functions/lib/finance/payslipPdf.ts	354	
fmtDateTime	function	payroll	false		netlify/functions/lib/finance/payslipPdf.ts	358	
ROMAN	array	payroll	false		netlify/functions/lib/finance/payslipPdf.ts	362	
toRoman	function	payroll	false		netlify/functions/lib/finance/payslipPdf.ts	363	
PDF_SCALE	variable	payroll	false		netlify/functions/lib/finance/payslipPdf.ts	387	
DesignPageSize	type	payroll	false		netlify/functions/lib/finance/payslipPdf.ts	389	
DesignOrient	type	payroll	false		netlify/functions/lib/finance/payslipPdf.ts	390	
PDFKIT_PAGE_PTS	object	payroll	false		netlify/functions/lib/finance/payslipPdf.ts	393	
DesignPage	interface	payroll	false		netlify/functions/lib/finance/payslipPdf.ts	404	
BaseEl	interface	payroll	false		netlify/functions/lib/finance/payslipPdf.ts	405	
StyleEl	interface	payroll	false		netlify/functions/lib/finance/payslipPdf.ts	406	
TextEl	interface	payroll	false		netlify/functions/lib/finance/payslipPdf.ts	412	
FieldEl	interface	payroll	false		netlify/functions/lib/finance/payslipPdf.ts	413	
BoxEl	interface	payroll	false		netlify/functions/lib/finance/payslipPdf.ts	414	
SummaryEl	interface	payroll	false		netlify/functions/lib/finance/payslipPdf.ts	415	
TableRow	interface	payroll	false		netlify/functions/lib/finance/payslipPdf.ts	418	
TableEl	interface	payroll	false		netlify/functions/lib/finance/payslipPdf.ts	419	
DividerEl	interface	payroll	false		netlify/functions/lib/finance/payslipPdf.ts	434	
ImageEl	interface	payroll	false		netlify/functions/lib/finance/payslipPdf.ts	435	
AnyEl	type	payroll	false		netlify/functions/lib/finance/payslipPdf.ts	436	
DesignJSON	interface	payroll	false		netlify/functions/lib/finance/payslipPdf.ts	437	
parseDesignJSON	function	payroll	false		netlify/functions/lib/finance/payslipPdf.ts	441	
fmtMoneyDesign	function	payroll	false		netlify/functions/lib/finance/payslipPdf.ts	451	
snapshotRowsForBinding	function	payroll	true		netlify/functions/lib/finance/payslipPdf.ts	463	
snapshotTotalForBinding	function	payroll	true		netlify/functions/lib/finance/payslipPdf.ts	482	
MAX_IMAGE_BYTES	variable	payroll	false		netlify/functions/lib/finance/payslipPdf.ts	493	
SUPPORTED_PDF_IMAGE_MIMES	variable	payroll	false		netlify/functions/lib/finance/payslipPdf.ts	500	
decodeDataUri	function	payroll	true		netlify/functions/lib/finance/payslipPdf.ts	510	
mapFont	function	payroll	false		netlify/functions/lib/finance/payslipPdf.ts	530	
hexColor	function	payroll	false		netlify/functions/lib/finance/payslipPdf.ts	549	
Doc	type	payroll	false		netlify/functions/lib/finance/payslipPdf.ts	557	
drawBg	function	payroll	false		netlify/functions/lib/finance/payslipPdf.ts	559	
drawBorder	function	payroll	false		netlify/functions/lib/finance/payslipPdf.ts	564	
renderPayslipPdfWithDesign	function	payroll	true		netlify/functions/lib/finance/payslipPdf.ts	587	
SUBMODULE	variable	payroll	false		netlify/functions/lib/finance/payslipTemplates.ts	28	
ENTITY	variable	payroll	false		netlify/functions/lib/finance/payslipTemplates.ts	29	
SELECT	variable	payroll	false		netlify/functions/lib/finance/payslipTemplates.ts	32	
MAX_NAME	variable	payroll	false		netlify/functions/lib/finance/payslipTemplates.ts	35	
PayslipTemplateDto	interface	payroll	true		netlify/functions/lib/finance/payslipTemplates.ts	38	
DbRow	interface	payroll	false		netlify/functions/lib/finance/payslipTemplates.ts	54	
toDto	function	payroll	false		netlify/functions/lib/finance/payslipTemplates.ts	71	
err	function	payroll	false		netlify/functions/lib/finance/payslipTemplates.ts	89	
assertDesign	function	payroll	false		netlify/functions/lib/finance/payslipTemplates.ts	98	
cleanName	function	payroll	false		netlify/functions/lib/finance/payslipTemplates.ts	103	
listTemplates	function	payroll	true		netlify/functions/lib/finance/payslipTemplates.ts	113	
getTemplate	function	payroll	true		netlify/functions/lib/finance/payslipTemplates.ts	125	
requireEditable	function	payroll	false		netlify/functions/lib/finance/payslipTemplates.ts	137	
CreateTemplateInput	interface	payroll	true		netlify/functions/lib/finance/payslipTemplates.ts	158	
createTemplate	function	payroll	true		netlify/functions/lib/finance/payslipTemplates.ts	167	
UpdateTemplateInput	interface	payroll	true		netlify/functions/lib/finance/payslipTemplates.ts	201	
updateTemplate	function	payroll	true		netlify/functions/lib/finance/payslipTemplates.ts	208	
submitTemplate	function	payroll	true		netlify/functions/lib/finance/payslipTemplates.ts	254	
decideTemplateApproval	function	payroll	true		netlify/functions/lib/finance/payslipTemplates.ts	313	
createTemplateVersion	function	payroll	true		netlify/functions/lib/finance/payslipTemplates.ts	399	
setDefaultTemplate	function	payroll	true		netlify/functions/lib/finance/payslipTemplates.ts	449	
archiveTemplate	function	payroll	true		netlify/functions/lib/finance/payslipTemplates.ts	487	
notifyTemplateSubmitter	function	payroll	true		netlify/functions/lib/finance/payslipTemplates.ts	529	
OpenRef	interface	payroll	true		netlify/functions/lib/finance/payslipTemplates.ts	561	
EditorState	interface	payroll	true		netlify/functions/lib/finance/payslipTemplates.ts	562	
getEditorState	function	payroll	true		netlify/functions/lib/finance/payslipTemplates.ts	564	
SaveEditorStateInput	interface	payroll	true		netlify/functions/lib/finance/payslipTemplates.ts	574	
saveEditorState	function	payroll	true		netlify/functions/lib/finance/payslipTemplates.ts	577	
PayslipTokenSource	interface	payroll	true		netlify/functions/lib/finance/payslipTokens.ts	21	
PayslipEmployerSource	interface	payroll	true		netlify/functions/lib/finance/payslipTokens.ts	44	
TOKEN_RE	variable	payroll	false		netlify/functions/lib/finance/payslipTokens.ts	59	
money	function	payroll	false		netlify/functions/lib/finance/payslipTokens.ts	61	
cap	function	payroll	false		netlify/functions/lib/finance/payslipTokens.ts	65	
fmtDate	function	payroll	false		netlify/functions/lib/finance/payslipTokens.ts	69	
resolveTokenText	function	payroll	true		netlify/functions/lib/finance/payslipTokens.ts	83	
buildTokenMap	function	payroll	true		netlify/functions/lib/finance/payslipTokens.ts	92	
GlAccountOption	interface	finance	true		netlify/functions/lib/finance/pickers.ts	18	
CostCentreOption	interface	finance	true		netlify/functions/lib/finance/pickers.ts	24	
TaxCodeOption	interface	finance	true		netlify/functions/lib/finance/pickers.ts	31	
PaymentTermsOption	interface	finance	true		netlify/functions/lib/finance/pickers.ts	38	
VendorPickerOption	interface	finance	true		netlify/functions/lib/finance/pickers.ts	43	
listGlAccounts	function	finance	true		netlify/functions/lib/finance/pickers.ts	59	
listCostCentres	function	finance	true		netlify/functions/lib/finance/pickers.ts	113	
listTaxCodes	function	finance	true		netlify/functions/lib/finance/pickers.ts	140	
listPaymentTerms	function	finance	true		netlify/functions/lib/finance/pickers.ts	166	
listVendorsForPicker	function	finance	true		netlify/functions/lib/finance/pickers.ts	194	
RemittanceAuthority	type	finance	true		netlify/functions/lib/finance/remittances.ts	32	
RemittanceStatus	type	finance	true		netlify/functions/lib/finance/remittances.ts	33	
RemittanceDto	interface	finance	true		netlify/functions/lib/finance/remittances.ts	35	
RemittanceLineDto	interface	finance	true		netlify/functions/lib/finance/remittances.ts	66	
ComputedRemittance	interface	finance	true		netlify/functions/lib/finance/remittances.ts	79	
ReportResult	interface	finance	true		netlify/functions/lib/finance/remittances.ts	97	
DbRemittanceRow	interface	finance	false		netlify/functions/lib/finance/remittances.ts	105	
DbLineRow	interface	finance	false		netlify/functions/lib/finance/remittances.ts	124	
DbRunRow	interface	finance	false		netlify/functions/lib/finance/remittances.ts	131	
DbRunLineRow	interface	finance	false		netlify/functions/lib/finance/remittances.ts	135	
toDto	function	finance	false		netlify/functions/lib/finance/remittances.ts	143	
toLineDto	function	finance	false		netlify/functions/lib/finance/remittances.ts	167	
computeRemittanceFromRun	function	finance	true		netlify/functions/lib/finance/remittances.ts	191	
listRemittances	function	finance	true		netlify/functions/lib/finance/remittances.ts	267	
getRemittance	function	finance	true		netlify/functions/lib/finance/remittances.ts	291	
listRemittanceLines	function	finance	true		netlify/functions/lib/finance/remittances.ts	300	
listAllRemittanceLines	function	finance	true		netlify/functions/lib/finance/remittances.ts	309	
JoinedRemittance	type	finance	false		netlify/functions/lib/finance/remittances.ts	335	listAllRemittanceLines
JoinedRow	type	finance	false		netlify/functions/lib/finance/remittances.ts	343	listAllRemittanceLines
CreateRemittanceInput	interface	finance	true		netlify/functions/lib/finance/remittances.ts	356	
deriveRemittanceDueDate	function	finance	false		netlify/functions/lib/finance/remittances.ts	370	
createRemittance	function	finance	true		netlify/functions/lib/finance/remittances.ts	385	
submitRemittance	function	finance	true		netlify/functions/lib/finance/remittances.ts	472	
approveRemittance	function	finance	true		netlify/functions/lib/finance/remittances.ts	531	
markRemittancePaid	function	finance	true		netlify/functions/lib/finance/remittances.ts	583	
MarkFiledInput	interface	finance	true		netlify/functions/lib/finance/remittances.ts	637	
markRemittanceFiled	function	finance	true		netlify/functions/lib/finance/remittances.ts	645	
cancelRemittance	function	finance	true		netlify/functions/lib/finance/remittances.ts	739	
RemittanceReportRow	interface	finance	true		netlify/functions/lib/finance/remittances.ts	786	
fetchReportRows	function	finance	false		netlify/functions/lib/finance/remittances.ts	806	
Row	type	finance	false		netlify/functions/lib/finance/remittances.ts	827	fetchReportRows
getRemittanceSummaryReport	function	finance	true		netlify/functions/lib/finance/remittances.ts	852	
getRemittanceLinesReport	function	finance	true		netlify/functions/lib/finance/remittances.ts	878	
getAuthorityFilingStatusReport	function	finance	true		netlify/functions/lib/finance/remittances.ts	903	
RemittanceAuditRow	interface	finance	true		netlify/functions/lib/finance/remittances.ts	926	
listRemittanceAudit	function	finance	true		netlify/functions/lib/finance/remittances.ts	936	
Row	type	finance	false		netlify/functions/lib/finance/remittances.ts	944	listRemittanceAudit
listRemittancesReport	function	finance	true		netlify/functions/lib/finance/remittances.ts	957	
assertDifferentApprover	function	finance	true		netlify/functions/lib/finance/statutoryConfig.ts	26	
StatutoryVersionDto	interface	finance	true		netlify/functions/lib/finance/statutoryConfig.ts	41	
NisClassRow	interface	finance	true		netlify/functions/lib/finance/statutoryConfig.ts	74	
ApprovalTimelineEntry	interface	finance	true		netlify/functions/lib/finance/statutoryConfig.ts	89	
StatutoryVersionDetail	interface	finance	true		netlify/functions/lib/finance/statutoryConfig.ts	99	
NisClassImportRow	interface	finance	true		netlify/functions/lib/finance/statutoryConfig.ts	105	
NisClassImportResult	interface	finance	true		netlify/functions/lib/finance/statutoryConfig.ts	115	
StatutoryReportResult	interface	finance	true		netlify/functions/lib/finance/statutoryConfig.ts	120	
DbVersionRow	interface	finance	false		netlify/functions/lib/finance/statutoryConfig.ts	128	
DbNisRow	interface	finance	false		netlify/functions/lib/finance/statutoryConfig.ts	141	
toVersionDto	function	finance	false		netlify/functions/lib/finance/statutoryConfig.ts	149	
toNisDto	function	finance	false		netlify/functions/lib/finance/statutoryConfig.ts	168	
listStatutoryVersions	function	finance	true		netlify/functions/lib/finance/statutoryConfig.ts	181	
getStatutoryVersion	function	finance	true		netlify/functions/lib/finance/statutoryConfig.ts	228	
getActiveStatutoryVersion	function	finance	true		netlify/functions/lib/finance/statutoryConfig.ts	236	
CreateStatutoryVersionInput	interface	finance	true		netlify/functions/lib/finance/statutoryConfig.ts	245	
createStatutoryVersion	function	finance	true		netlify/functions/lib/finance/statutoryConfig.ts	261	
UpdateStatutoryVersionInput	interface	finance	true		netlify/functions/lib/finance/statutoryConfig.ts	314	
updateStatutoryVersion	function	finance	true		netlify/functions/lib/finance/statutoryConfig.ts	328	
resolveStatutoryApproverIds	function	finance	false		netlify/functions/lib/finance/statutoryConfig.ts	405	
submitStatutoryVersion	function	finance	true		netlify/functions/lib/finance/statutoryConfig.ts	414	
decideOpenStatutoryTask	function	finance	false		netlify/functions/lib/finance/statutoryConfig.ts	480	
approveStatutoryVersion	function	finance	true		netlify/functions/lib/finance/statutoryConfig.ts	496	
rejectStatutoryVersion	function	finance	true		netlify/functions/lib/finance/statutoryConfig.ts	520	
applyApprovedStatutoryVersion	function	finance	true		netlify/functions/lib/finance/statutoryConfig.ts	543	
applyRejectedStatutoryVersion	function	finance	true		netlify/functions/lib/finance/statutoryConfig.ts	622	
activateStatutoryVersion	function	finance	true		netlify/functions/lib/finance/statutoryConfig.ts	682	
retireStatutoryVersion	function	finance	true		netlify/functions/lib/finance/statutoryConfig.ts	760	
listNisClasses	function	finance	true		netlify/functions/lib/finance/statutoryConfig.ts	812	
UpsertNisClassInput	interface	finance	true		netlify/functions/lib/finance/statutoryConfig.ts	820	
upsertNisClasses	function	finance	true		netlify/functions/lib/finance/statutoryConfig.ts	830	
rollbackClasses	function	finance	false		netlify/functions/lib/finance/statutoryConfig.ts	906	upsertNisClasses
StatutoryReportRow	interface	finance	true		netlify/functions/lib/finance/statutoryConfig.ts	968	
listStatutoryReport	function	finance	true		netlify/functions/lib/finance/statutoryConfig.ts	978	
runStatutoryReport	function	finance	true		netlify/functions/lib/finance/statutoryConfig.ts	993	
deleteNisClass	function	finance	true		netlify/functions/lib/finance/statutoryConfig.ts	1075	
importNisClasses	function	finance	true		netlify/functions/lib/finance/statutoryConfig.ts	1132	
getApprovalTimeline	function	finance	true		netlify/functions/lib/finance/statutoryConfig.ts	1228	
getRateVersionDetail	function	finance	true		netlify/functions/lib/finance/statutoryConfig.ts	1247	
STATUTORY_FORMS_BUCKET	variable	finance	true		netlify/functions/lib/finance/statutoryForms.ts	15	
StatutoryFormType	type	finance	true		netlify/functions/lib/finance/statutoryForms.ts	17	
StatutoryFormDto	interface	finance	true		netlify/functions/lib/finance/statutoryForms.ts	19	
DbRow	interface	finance	false		netlify/functions/lib/finance/statutoryForms.ts	39	
toDto	function	finance	false		netlify/functions/lib/finance/statutoryForms.ts	46	
bucketKey	function	finance	false		netlify/functions/lib/finance/statutoryForms.ts	56	
sha256Hex	function	finance	true		netlify/functions/lib/finance/statutoryForms.ts	60	
uploadFormArtifact	function	finance	true		netlify/functions/lib/finance/statutoryForms.ts	65	
RecordStatutoryFormInput	interface	finance	true		netlify/functions/lib/finance/statutoryForms.ts	70	
recordStatutoryForm	function	finance	true		netlify/functions/lib/finance/statutoryForms.ts	97	
listStatutoryForms	function	finance	true		netlify/functions/lib/finance/statutoryForms.ts	144	
getStatutoryForm	function	finance	true		netlify/functions/lib/finance/statutoryForms.ts	157	
getStatutoryFormSignedUrl	function	finance	true		netlify/functions/lib/finance/statutoryForms.ts	164	
round2	function	finance	false		netlify/functions/lib/finance/td4Forms.ts	20	
Td4Row	interface	finance	true		netlify/functions/lib/finance/td4Forms.ts	22	
Td4YearData	interface	finance	true		netlify/functions/lib/finance/td4Forms.ts	36	
buildTd4YearData	function	finance	true		netlify/functions/lib/finance/td4Forms.ts	48	
LIGHT	variable	finance	false		netlify/functions/lib/finance/td4Forms.ts	125	
NAVY	variable	finance	false		netlify/functions/lib/finance/td4Forms.ts	125	
SLATE	variable	finance	false		netlify/functions/lib/finance/td4Forms.ts	125	
money	function	finance	false		netlify/functions/lib/finance/td4Forms.ts	126	
pdfBuffer	function	finance	false		netlify/functions/lib/finance/td4Forms.ts	128	
employerHeader	function	finance	false		netlify/functions/lib/finance/td4Forms.ts	142	
renderTd4Pdf	function	finance	true		netlify/functions/lib/finance/td4Forms.ts	156	
field	function	finance	false		netlify/functions/lib/finance/td4Forms.ts	160	renderTd4Pdf
renderTd4SummaryPdf	function	finance	true		netlify/functions/lib/finance/td4Forms.ts	197	
drawRow	function	finance	false		netlify/functions/lib/finance/td4Forms.ts	205	renderTd4SummaryPdf
td4SummaryCsv	function	finance	true		netlify/functions/lib/finance/td4Forms.ts	226	
esc	function	finance	false		netlify/functions/lib/finance/td4Forms.ts	227	td4SummaryCsv
assertGeneratable	function	finance	false		netlify/functions/lib/finance/td4Forms.ts	236	
generateTd4ForEmployee	function	finance	true		netlify/functions/lib/finance/td4Forms.ts	242	
GenerateTd4YearResult	interface	finance	true		netlify/functions/lib/finance/td4Forms.ts	256	
generateTd4Year	function	finance	true		netlify/functions/lib/finance/td4Forms.ts	258	
CreateHandoffInput	interface	workflow	true		netlify/functions/lib/handoffBus.ts	21	
CreateHandoffResult	interface	workflow	true		netlify/functions/lib/handoffBus.ts	31	
createHandoff	function	workflow	true		netlify/functions/lib/handoffBus.ts	38	
completeHandoff	function	workflow	true		netlify/functions/lib/handoffBus.ts	81	
failHandoff	function	workflow	true		netlify/functions/lib/handoffBus.ts	94	
getPendingHandoffs	function	workflow	true		netlify/functions/lib/handoffBus.ts	138	
processHandoff	function	workflow	true		netlify/functions/lib/handoffBus.ts	156	
PendingHandoff	interface	workflow	true		netlify/functions/lib/handoffBus.ts	212	
TZ	variable	platform	false		netlify/functions/lib/helpers.ts	1	
today	function	platform	false		netlify/functions/lib/helpers.ts	3	
hhmm24	function	platform	false		netlify/functions/lib/helpers.ts	6	
dateOnly	function	platform	false		netlify/functions/lib/helpers.ts	9	
cap	function	platform	false		netlify/functions/lib/helpers.ts	12	
num	function	platform	false		netlify/functions/lib/helpers.ts	15	
r2	function	platform	false		netlify/functions/lib/helpers.ts	20	
haversine	function	platform	false		netlify/functions/lib/helpers.ts	22	
toRad	function	platform	false		netlify/functions/lib/helpers.ts	24	haversine
err	function	hr	false		netlify/functions/lib/hr/accountProvisioning.ts	18	
nowISO	function	hr	false		netlify/functions/lib/hr/accountProvisioning.ts	19	
SCOPE	object	hr	false		netlify/functions/lib/hr/accountProvisioning.ts	20	
appBaseUrl	function	hr	false		netlify/functions/lib/hr/accountProvisioning.ts	21	
EmpRow	interface	hr	false		netlify/functions/lib/hr/accountProvisioning.ts	23	
slugPart	function	hr	false		netlify/functions/lib/hr/accountProvisioning.ts	29	
deriveLocalPart	function	hr	false		netlify/functions/lib/hr/accountProvisioning.ts	31	
uniqueWorkEmail	function	hr	false		netlify/functions/lib/hr/accountProvisioning.ts	38	
sendInviteEmail	function	hr	false		netlify/functions/lib/hr/accountProvisioning.ts	50	
ProvisionResult	interface	hr	true		netlify/functions/lib/hr/accountProvisioning.ts	65	
provisionAccount	function	hr	true		netlify/functions/lib/hr/accountProvisioning.ts	71	
acceptAccountInvite	function	hr	true		netlify/functions/lib/hr/accountProvisioning.ts	143	
err	function	hr	false		netlify/functions/lib/hr/attendanceCapture.ts	13	
distanceMeters	function	hr	false		netlify/functions/lib/hr/attendanceCapture.ts	16	
checkGeofence	function	hr	false		netlify/functions/lib/hr/attendanceCapture.ts	25	
recomputeAttendanceDay	function	hr	true		netlify/functions/lib/hr/attendanceCapture.ts	37	
punchIn	function	hr	true		netlify/functions/lib/hr/attendanceCapture.ts	70	
punchOut	function	hr	true		netlify/functions/lib/hr/attendanceCapture.ts	117	
createPunchPhotoUploadUrl	function	hr	true		netlify/functions/lib/hr/attendanceCapture.ts	155	
createPunchPhotoReadUrl	function	hr	true		netlify/functions/lib/hr/attendanceCapture.ts	166	
err	function	hr	false		netlify/functions/lib/hr/attendanceCorrections.ts	9	
CORRECTABLE_FIELDS	variable	hr	false		netlify/functions/lib/hr/attendanceCorrections.ts	11	
CorrectableField	type	hr	false		netlify/functions/lib/hr/attendanceCorrections.ts	12	
applyCorrection	function	hr	true		netlify/functions/lib/hr/attendanceCorrections.ts	14	
err	function	hr	false		netlify/functions/lib/hr/attendanceExceptions.ts	9	
upsertExceptionsForRecord	function	hr	true		netlify/functions/lib/hr/attendanceExceptions.ts	15	
waiveException	function	hr	true		netlify/functions/lib/hr/attendanceExceptions.ts	49	
resolveException	function	hr	true		netlify/functions/lib/hr/attendanceExceptions.ts	67	
err	function	hr	false		netlify/functions/lib/hr/attendanceImport.ts	22	
IMPORT_MAX_ROWS	variable	hr	true		netlify/functions/lib/hr/attendanceImport.ts	24	
AttendanceImportRow	interface	hr	true		netlify/functions/lib/hr/attendanceImport.ts	26	
AttendanceImportError	interface	hr	true		netlify/functions/lib/hr/attendanceImport.ts	37	
AttendanceImportResult	interface	hr	true		netlify/functions/lib/hr/attendanceImport.ts	38	
DATE_RE	variable	hr	false		netlify/functions/lib/hr/attendanceImport.ts	48	
TIME_RE	variable	hr	false		netlify/functions/lib/hr/attendanceImport.ts	49	
toIso	function	hr	false		netlify/functions/lib/hr/attendanceImport.ts	52	
importAttendancePunches	function	hr	true		netlify/functions/lib/hr/attendanceImport.ts	70	
sScope	object	hr	false		netlify/functions/lib/hr/attendanceQueries.ts	7	
DEFAULTS	object	hr	false		netlify/functions/lib/hr/attendanceQueries.ts	9	
loadAttendancePolicy	function	hr	true		netlify/functions/lib/hr/attendanceQueries.ts	15	
findApprovedLeaveForDate	function	hr	true		netlify/functions/lib/hr/attendanceQueries.ts	51	
RecordRow	interface	hr	false		netlify/functions/lib/hr/attendanceQueries.ts	72	
mapRecord	function	hr	true		netlify/functions/lib/hr/attendanceQueries.ts	84	
getAttendanceRecord	function	hr	true		netlify/functions/lib/hr/attendanceQueries.ts	98	
getAttendanceRecordForDate	function	hr	true		netlify/functions/lib/hr/attendanceQueries.ts	104	
listAttendanceRecords	function	hr	true		netlify/functions/lib/hr/attendanceQueries.ts	111	
TimesheetRow	interface	hr	false		netlify/functions/lib/hr/attendanceQueries.ts	127	
mapTimesheet	function	hr	true		netlify/functions/lib/hr/attendanceQueries.ts	137	
getTimesheet	function	hr	true		netlify/functions/lib/hr/attendanceQueries.ts	150	
listTimesheets	function	hr	true		netlify/functions/lib/hr/attendanceQueries.ts	156	
ExceptionRow	interface	hr	false		netlify/functions/lib/hr/attendanceQueries.ts	172	
mapException	function	hr	true		netlify/functions/lib/hr/attendanceQueries.ts	179	
listExceptions	function	hr	true		netlify/functions/lib/hr/attendanceQueries.ts	189	
getAttendanceStats	function	hr	true		netlify/functions/lib/hr/attendanceQueries.ts	206	
ATTENDANCE_REPORTS	variable	hr	true		netlify/functions/lib/hr/attendanceReports.ts	7	
AttendanceReportKey	type	hr	true		netlify/functions/lib/hr/attendanceReports.ts	21	
RunReportArgs	interface	hr	true		netlify/functions/lib/hr/attendanceReports.ts	23	
listReports	function	hr	true		netlify/functions/lib/hr/attendanceReports.ts	34	
runReport	function	hr	true		netlify/functions/lib/hr/attendanceReports.ts	38	
CHANGE_TYPES	variable	hr	true		netlify/functions/lib/hr/changeApproval.ts	15	
ChangeType	type	hr	true		netlify/functions/lib/hr/changeApproval.ts	16	
CONTACT_COLS	variable	hr	true		netlify/functions/lib/hr/changeApproval.ts	19	
HR_BLOCKING	variable	hr	false		netlify/functions/lib/hr/changeApproval.ts	20	
ChangeRow	interface	hr	false		netlify/functions/lib/hr/changeApproval.ts	22	
applyChange	function	hr	true		netlify/functions/lib/hr/changeApproval.ts	28	
applyApprovedChange	function	hr	true		netlify/functions/lib/hr/changeApproval.ts	122	
markChangeRequestStatus	function	hr	true		netlify/functions/lib/hr/changeApproval.ts	140	
PayItemStatus	type	hr	true		netlify/functions/lib/hr/compensationCore.ts	10	
PayItemDto	interface	hr	true		netlify/functions/lib/hr/compensationCore.ts	12	
DbPayItemRow	interface	hr	true		netlify/functions/lib/hr/compensationCore.ts	34	
toPayItemDto	function	hr	true		netlify/functions/lib/hr/compensationCore.ts	56	
CreatePayItemInput	interface	hr	true		netlify/functions/lib/hr/compensationMutations.ts	27	
createPayItem	function	hr	true		netlify/functions/lib/hr/compensationMutations.ts	38	
submitPayItem	function	hr	true		netlify/functions/lib/hr/compensationMutations.ts	86	
approvePayItem	function	hr	true		netlify/functions/lib/hr/compensationMutations.ts	140	
rejectPayItem	function	hr	true		netlify/functions/lib/hr/compensationMutations.ts	172	
retirePayItem	function	hr	true		netlify/functions/lib/hr/compensationMutations.ts	204	
setPayItemStatus	function	hr	true		netlify/functions/lib/hr/compensationMutations.ts	234	
ListPayItemsOpts	interface	hr	true		netlify/functions/lib/hr/compensationQueries.ts	9	
listPayItems	function	hr	true		netlify/functions/lib/hr/compensationQueries.ts	16	
getPayItem	function	hr	true		netlify/functions/lib/hr/compensationQueries.ts	28	
PayItemReportRow	interface	hr	true		netlify/functions/lib/hr/compensationQueries.ts	36	
listPayItemsReport	function	hr	true		netlify/functions/lib/hr/compensationQueries.ts	50	
httpErr	function	hr	false		netlify/functions/lib/hr/contractsQueries.ts	11	
TemplateRow	interface	hr	false		netlify/functions/lib/hr/contractsQueries.ts	14	
ContractDbRow	interface	hr	false		netlify/functions/lib/hr/contractsQueries.ts	19	
SignatoryRow	interface	hr	false		netlify/functions/lib/hr/contractsQueries.ts	27	
CONTRACT_COLS	variable	hr	false		netlify/functions/lib/hr/contractsQueries.ts	32	
mapTemplate	function	hr	false		netlify/functions/lib/hr/contractsQueries.ts	38	
mapContract	function	hr	false		netlify/functions/lib/hr/contractsQueries.ts	47	
mapSignatory	function	hr	false		netlify/functions/lib/hr/contractsQueries.ts	59	
resolveNames	function	hr	false		netlify/functions/lib/hr/contractsQueries.ts	67	
listTemplates	function	hr	true		netlify/functions/lib/hr/contractsQueries.ts	75	
listContracts	function	hr	true		netlify/functions/lib/hr/contractsQueries.ts	84	
getContractDetail	function	hr	true		netlify/functions/lib/hr/contractsQueries.ts	96	
loadRenewalChain	function	hr	false		netlify/functions/lib/hr/contractsQueries.ts	121	
getContractDashboardStats	function	hr	true		netlify/functions/lib/hr/contractsQueries.ts	147	
httpErr	function	hr	false		netlify/functions/lib/hr/contractsService.ts	22	
nowIso	function	hr	false		netlify/functions/lib/hr/contractsService.ts	24	
EmpRow	interface	hr	false		netlify/functions/lib/hr/contractsService.ts	26	
loadEmployee	function	hr	false		netlify/functions/lib/hr/contractsService.ts	27	
ContractRow	interface	hr	false		netlify/functions/lib/hr/contractsService.ts	33	
loadContract	function	hr	false		netlify/functions/lib/hr/contractsService.ts	38	
renderBody	function	hr	false		netlify/functions/lib/hr/contractsService.ts	47	
defaultSignatories	function	hr	false		netlify/functions/lib/hr/contractsService.ts	51	
insertSignatories	function	hr	false		netlify/functions/lib/hr/contractsService.ts	58	
createContract	function	hr	true		netlify/functions/lib/hr/contractsService.ts	68	
issueContract	function	hr	true		netlify/functions/lib/hr/contractsService.ts	117	
recordSignature	function	hr	true		netlify/functions/lib/hr/contractsService.ts	145	
activateContractInternal	function	hr	false		netlify/functions/lib/hr/contractsService.ts	191	
activateContract	function	hr	true		netlify/functions/lib/hr/contractsService.ts	202	
renewContract	function	hr	true		netlify/functions/lib/hr/contractsService.ts	222	
terminateContract	function	hr	true		netlify/functions/lib/hr/contractsService.ts	259	
cancelContract	function	hr	true		netlify/functions/lib/hr/contractsService.ts	289	
expireContracts	function	hr	true		netlify/functions/lib/hr/contractsService.ts	314	
createTemplate	function	hr	true		netlify/functions/lib/hr/contractsService.ts	338	
updateTemplate	function	hr	true		netlify/functions/lib/hr/contractsService.ts	352	
retireTemplate	function	hr	true		netlify/functions/lib/hr/contractsService.ts	370	
ParsedCsv	interface	hr	true		netlify/functions/lib/hr/csvParse.ts	8	
parseCsv	function	hr	true		netlify/functions/lib/hr/csvParse.ts	10	
ComplianceState	type	hr	false		netlify/functions/lib/hr/documentsCompliance.ts	12	
EmployeeComplianceRow	interface	hr	true		netlify/functions/lib/hr/documentsCompliance.ts	14	
ComplianceOverviewRow	interface	hr	true		netlify/functions/lib/hr/documentsCompliance.ts	25	
EmpProfile	interface	hr	false		netlify/functions/lib/hr/documentsCompliance.ts	34	
DocRow	interface	hr	false		netlify/functions/lib/hr/documentsCompliance.ts	42	
resolveRequiredTypesForEmployee	function	hr	true		netlify/functions/lib/hr/documentsCompliance.ts	52	
classifyDoc	function	hr	false		netlify/functions/lib/hr/documentsCompliance.ts	68	
getComplianceForEmployee	function	hr	true		netlify/functions/lib/hr/documentsCompliance.ts	85	
getComplianceOverview	function	hr	true		netlify/functions/lib/hr/documentsCompliance.ts	138	
countMissingRequired	function	hr	true		netlify/functions/lib/hr/documentsCompliance.ts	221	
HR_DOC_BUCKET	variable	hr	true		netlify/functions/lib/hr/documentsCore.ts	15	
HR_DOC_MAX_BYTES	variable	hr	true		netlify/functions/lib/hr/documentsCore.ts	20	
RESTRICTED_TIERS	variable	hr	true		netlify/functions/lib/hr/documentsCore.ts	23	
ExpiryState	type	hr	true		netlify/functions/lib/hr/documentsCore.ts	25	
computeExpiryState	function	hr	true		netlify/functions/lib/hr/documentsCore.ts	31	
filterVisibleDocs	function	hr	true		netlify/functions/lib/hr/documentsCore.ts	49	
humanizeDocStatus	function	hr	true		netlify/functions/lib/hr/documentsCore.ts	58	
ExpirySweepResult	interface	hr	true		netlify/functions/lib/hr/documentsExpirySweep.ts	15	
ActiveDoc	interface	hr	false		netlify/functions/lib/hr/documentsExpirySweep.ts	20	
ReminderRow	interface	hr	false		netlify/functions/lib/hr/documentsExpirySweep.ts	29	
runExpirySweep	function	hr	true		netlify/functions/lib/hr/documentsExpirySweep.ts	41	
DocFilters	interface	hr	true		netlify/functions/lib/hr/documentsQueries.ts	12	
RawDocRow	interface	hr	false		netlify/functions/lib/hr/documentsQueries.ts	25	
DocListRow	interface	hr	true		netlify/functions/lib/hr/documentsQueries.ts	46	
ListAllDocumentsResult	interface	hr	true		netlify/functions/lib/hr/documentsQueries.ts	52	
listAllDocuments	function	hr	true		netlify/functions/lib/hr/documentsQueries.ts	61	
DocumentsStats	interface	hr	true		netlify/functions/lib/hr/documentsQueries.ts	173	
getDocumentsStats	function	hr	true		netlify/functions/lib/hr/documentsQueries.ts	186	
ExpiringDocRow	interface	hr	true		netlify/functions/lib/hr/documentsQueries.ts	216	
listExpiring	function	hr	true		netlify/functions/lib/hr/documentsQueries.ts	225	
DocumentRequirement	interface	hr	true		netlify/functions/lib/hr/documentsRequirements.ts	12	
RawRequirement	interface	hr	false		netlify/functions/lib/hr/documentsRequirements.ts	32	
toDto	function	hr	false		netlify/functions/lib/hr/documentsRequirements.ts	50	
listRequirements	function	hr	true		netlify/functions/lib/hr/documentsRequirements.ts	70	
CreateRequirementArgs	interface	hr	true		netlify/functions/lib/hr/documentsRequirements.ts	81	
createRequirement	function	hr	true		netlify/functions/lib/hr/documentsRequirements.ts	92	
UpdateRequirementArgs	interface	hr	true		netlify/functions/lib/hr/documentsRequirements.ts	146	
updateRequirement	function	hr	true		netlify/functions/lib/hr/documentsRequirements.ts	155	
retireRequirement	function	hr	true		netlify/functions/lib/hr/documentsRequirements.ts	206	
todayISO	function	hr	true		netlify/functions/lib/hr/employeeCore.ts	10	
EMPLOYMENT_TYPES	variable	hr	true		netlify/functions/lib/hr/employeeCore.ts	14	
NIS_STATUSES	variable	hr	true		netlify/functions/lib/hr/employeeCore.ts	15	
buildHrAuditRow	function	hr	true		netlify/functions/lib/hr/employeeCore.ts	22	
writeHrAudit	function	hr	true		netlify/functions/lib/hr/employeeCore.ts	39	
nextEmployeeNumber	function	hr	true		netlify/functions/lib/hr/employeeCore.ts	58	
StatutoryRow	interface	hr	true		netlify/functions/lib/hr/employeeCore.ts	76	
computePayrollReadiness	function	hr	true		netlify/functions/lib/hr/employeeCore.ts	84	
statutoryPatch	function	hr	true		netlify/functions/lib/hr/employeeCore.ts	98	
statutoryWithDefaults	function	hr	true		netlify/functions/lib/hr/employeeCore.ts	115	
ProvisionEmployeeInput	interface	hr	true		netlify/functions/lib/hr/employeeCore.ts	129	
provisionEmployee	function	hr	true		netlify/functions/lib/hr/employeeCore.ts	158	
err	function	hr	false		netlify/functions/lib/hr/leaveAccruals.ts	8	
runAccruals	function	hr	true		netlify/functions/lib/hr/leaveAccruals.ts	10	
adjustBalance	function	hr	true		netlify/functions/lib/hr/leaveAccruals.ts	72	
err	function	hr	false		netlify/functions/lib/hr/leaveCore.ts	22	
sScope	object	hr	false		netlify/functions/lib/hr/leaveCore.ts	23	
recomputeBalance	function	hr	true		netlify/functions/lib/hr/leaveCore.ts	27	
insertLedgerRow	function	hr	false		netlify/functions/lib/hr/leaveCore.ts	61	
submitLeaveRequest	function	hr	true		netlify/functions/lib/hr/leaveCore.ts	85	
setLeaveRequestStatus	function	hr	true		netlify/functions/lib/hr/leaveCore.ts	266	
applyApprovedLeave	function	hr	true		netlify/functions/lib/hr/leaveCore.ts	279	
rejectLeaveRequest	function	hr	true		netlify/functions/lib/hr/leaveCore.ts	328	
cancelLeaveRequest	function	hr	true		netlify/functions/lib/hr/leaveCore.ts	356	
err	function	hr	false		netlify/functions/lib/hr/leaveMutations.ts	20	
decideOpenLeaveTask	function	hr	false		netlify/functions/lib/hr/leaveMutations.ts	29	
updateLeaveRequest	function	hr	true		netlify/functions/lib/hr/leaveMutations.ts	45	
approveLeaveRequest	function	hr	true		netlify/functions/lib/hr/leaveMutations.ts	66	
rejectLeave	function	hr	true		netlify/functions/lib/hr/leaveMutations.ts	89	
cancelLeave	function	hr	true		netlify/functions/lib/hr/leaveMutations.ts	105	
err	function	hr	false		netlify/functions/lib/hr/leaveQueries.ts	9	
mapRequest	function	hr	false		netlify/functions/lib/hr/leaveQueries.ts	11	
mapBalance	function	hr	false		netlify/functions/lib/hr/leaveQueries.ts	50	
SEL	variable	hr	false		netlify/functions/lib/hr/leaveQueries.ts	79	
listMyLeaveRequests	function	hr	true		netlify/functions/lib/hr/leaveQueries.ts	81	
listTeamLeaveRequests	function	hr	true		netlify/functions/lib/hr/leaveQueries.ts	96	
listAllLeaveRequests	function	hr	true		netlify/functions/lib/hr/leaveQueries.ts	115	
getLeaveRequest	function	hr	true		netlify/functions/lib/hr/leaveQueries.ts	132	
getLeaveBalance	function	hr	true		netlify/functions/lib/hr/leaveQueries.ts	139	
getAllBalancesForEmployee	function	hr	true		netlify/functions/lib/hr/leaveQueries.ts	148	
getCalendar	function	hr	true		netlify/functions/lib/hr/leaveQueries.ts	156	
getLeaveStats	function	hr	true		netlify/functions/lib/hr/leaveQueries.ts	185	
err	function	hr	false		netlify/functions/lib/hr/leaveReports.ts	7	
LeaveReportDefinition	interface	hr	true		netlify/functions/lib/hr/leaveReports.ts	9	
listLeaveReports	function	hr	true		netlify/functions/lib/hr/leaveReports.ts	16	
runLeaveReport	function	hr	true		netlify/functions/lib/hr/leaveReports.ts	26	
exportLeaveReport	function	hr	true		netlify/functions/lib/hr/leaveReports.ts	98	
err	function	hr	false		netlify/functions/lib/hr/leaveTypes.ts	11	
mapRow	function	hr	false		netlify/functions/lib/hr/leaveTypes.ts	15	
listLeaveTypes	function	hr	true		netlify/functions/lib/hr/leaveTypes.ts	38	
getLeaveType	function	hr	true		netlify/functions/lib/hr/leaveTypes.ts	46	
createLeaveType	function	hr	true		netlify/functions/lib/hr/leaveTypes.ts	55	
updateLeaveType	function	hr	true		netlify/functions/lib/hr/leaveTypes.ts	88	
retireLeaveType	function	hr	true		netlify/functions/lib/hr/leaveTypes.ts	118	
PlanTask	interface	hr	false		netlify/functions/lib/hr/offboardingCore.ts	17	
PlanHandoff	interface	hr	false		netlify/functions/lib/hr/offboardingCore.ts	18	
STANDARD_EXIT_TASKS	array	hr	false		netlify/functions/lib/hr/offboardingCore.ts	20	
STANDARD_EXIT_HANDOFFS	array	hr	false		netlify/functions/lib/hr/offboardingCore.ts	30	
startOffboardingCase	function	hr	true		netlify/functions/lib/hr/offboardingCore.ts	38	
httpError	function	hr	false		netlify/functions/lib/hr/offboardingMutations.ts	17	
nowISO	function	hr	false		netlify/functions/lib/hr/offboardingMutations.ts	18	
CaseRow	interface	hr	false		netlify/functions/lib/hr/offboardingMutations.ts	20	
loadCase	function	hr	false		netlify/functions/lib/hr/offboardingMutations.ts	21	
completeOffboardingTask	function	hr	true		netlify/functions/lib/hr/offboardingMutations.ts	27	
setCaseStatus	function	hr	false		netlify/functions/lib/hr/offboardingMutations.ts	37	
pauseOffboardingCase	function	hr	true		netlify/functions/lib/hr/offboardingMutations.ts	46	
resumeOffboardingCase	function	hr	true		netlify/functions/lib/hr/offboardingMutations.ts	49	
markReadyForExit	function	hr	true		netlify/functions/lib/hr/offboardingMutations.ts	52	
cancelOffboardingCase	function	hr	true		netlify/functions/lib/hr/offboardingMutations.ts	55	
completeOffboardingCase	function	hr	true		netlify/functions/lib/hr/offboardingMutations.ts	58	
reassignOffboardingOwner	function	hr	true		netlify/functions/lib/hr/offboardingMutations.ts	62	
finalizeOffboarding	function	hr	true		netlify/functions/lib/hr/offboardingMutations.ts	77	
CaseDbRow	interface	hr	false		netlify/functions/lib/hr/offboardingQueries.ts	10	
nameMap	function	hr	false		netlify/functions/lib/hr/offboardingQueries.ts	16	
toCaseRow	function	hr	false		netlify/functions/lib/hr/offboardingQueries.ts	23	
listOffboardingCases	function	hr	true		netlify/functions/lib/hr/offboardingQueries.ts	34	
getOffboardingCase	function	hr	true		netlify/functions/lib/hr/offboardingQueries.ts	56	
STATUS_ORDER	array	hr	false		netlify/functions/lib/hr/offboardingQueries.ts	93	
TERMINAL_STATUSES	variable	hr	false		netlify/functions/lib/hr/offboardingQueries.ts	94	
DONE_TASK_STATUSES	variable	hr	false		netlify/functions/lib/hr/offboardingQueries.ts	95	
getOffboardingDashboardStats	function	hr	true		netlify/functions/lib/hr/offboardingQueries.ts	97	
err	function	communications	false		netlify/functions/lib/hr/onboardingCommunications.ts	17	
nowISO	function	communications	false		netlify/functions/lib/hr/onboardingCommunications.ts	18	
CaseCtx	interface	communications	false		netlify/functions/lib/hr/onboardingCommunications.ts	20	
loadCaseCtx	function	communications	false		netlify/functions/lib/hr/onboardingCommunications.ts	22	
resolveSpec	function	communications	false		netlify/functions/lib/hr/onboardingCommunications.ts	42	
previewOnboardingCommunication	function	communications	true		netlify/functions/lib/hr/onboardingCommunications.ts	95	
listOnboardingCommunications	function	communications	true		netlify/functions/lib/hr/onboardingCommunications.ts	106	
sendOnboardingCommunication	function	communications	true		netlify/functions/lib/hr/onboardingCommunications.ts	128	
resendOnboardingCommunication	function	communications	true		netlify/functions/lib/hr/onboardingCommunications.ts	162	
StartOnboardingArgs	interface	hr	true		netlify/functions/lib/hr/onboardingCore.ts	22	
StartOnboardingResult	interface	hr	true		netlify/functions/lib/hr/onboardingCore.ts	39	
ACTIVE_CASE_STATUSES	array	hr	false		netlify/functions/lib/hr/onboardingCore.ts	42	
validateOnboardingLaunchGates	function	hr	false		netlify/functions/lib/hr/onboardingCore.ts	50	
validateWorkerTypeAndPackage	function	hr	false		netlify/functions/lib/hr/onboardingCore.ts	129	
has	function	hr	false		netlify/functions/lib/hr/onboardingCore.ts	148	validateWorkerTypeAndPackage
startOnboardingCase	function	hr	true		netlify/functions/lib/hr/onboardingCore.ts	165	
err	function	hr	false		netlify/functions/lib/hr/onboardingCustomActions.ts	24	
nowISO	function	hr	false		netlify/functions/lib/hr/onboardingCustomActions.ts	25	
slug	function	hr	false		netlify/functions/lib/hr/onboardingCustomActions.ts	26	
TERMINAL	array	hr	false		netlify/functions/lib/hr/onboardingCustomActions.ts	27	
CaseRow	interface	hr	false		netlify/functions/lib/hr/onboardingCustomActions.ts	29	
loadCase	function	hr	false		netlify/functions/lib/hr/onboardingCustomActions.ts	30	
TemplateDB	interface	hr	false		netlify/functions/lib/hr/onboardingCustomActions.ts	37	
TEMPLATE_COLS	variable	hr	false		netlify/functions/lib/hr/onboardingCustomActions.ts	44	
toTemplateDTO	function	hr	false		netlify/functions/lib/hr/onboardingCustomActions.ts	46	
ActionSpec	interface	hr	false		netlify/functions/lib/hr/onboardingCustomActions.ts	60	
addDays	function	hr	false		netlify/functions/lib/hr/onboardingCustomActions.ts	68	
specFromTemplate	function	hr	false		netlify/functions/lib/hr/onboardingCustomActions.ts	70	
InstantiateResult	interface	hr	false		netlify/functions/lib/hr/onboardingCustomActions.ts	80	
instantiate	function	hr	false		netlify/functions/lib/hr/onboardingCustomActions.ts	83	
createTask	function	hr	false		netlify/functions/lib/hr/onboardingCustomActions.ts	87	instantiate
createHandoff	function	hr	false		netlify/functions/lib/hr/onboardingCustomActions.ts	96	instantiate
packageIdByKey	function	hr	false		netlify/functions/lib/hr/onboardingCustomActions.ts	161	
listActionTemplates	function	hr	true		netlify/functions/lib/hr/onboardingCustomActions.ts	167	
ActionTemplateInput	interface	hr	true		netlify/functions/lib/hr/onboardingCustomActions.ts	175	
createActionTemplate	function	hr	true		netlify/functions/lib/hr/onboardingCustomActions.ts	182	
updateActionTemplate	function	hr	true		netlify/functions/lib/hr/onboardingCustomActions.ts	198	
set	function	hr	false		netlify/functions/lib/hr/onboardingCustomActions.ts	200	updateActionTemplate
retireActionTemplate	function	hr	true		netlify/functions/lib/hr/onboardingCustomActions.ts	213	
listCaseActions	function	hr	true		netlify/functions/lib/hr/onboardingCustomActions.ts	224	
AddCaseActionInput	interface	hr	true		netlify/functions/lib/hr/onboardingCustomActions.ts	240	
addCaseAction	function	hr	true		netlify/functions/lib/hr/onboardingCustomActions.ts	249	
CaseActionRow	interface	hr	false		netlify/functions/lib/hr/onboardingCustomActions.ts	289	
loadCaseAction	function	hr	false		netlify/functions/lib/hr/onboardingCustomActions.ts	290	
updateCaseAction	function	hr	true		netlify/functions/lib/hr/onboardingCustomActions.ts	296	
completeCaseAction	function	hr	true		netlify/functions/lib/hr/onboardingCustomActions.ts	305	
cancelCaseAction	function	hr	true		netlify/functions/lib/hr/onboardingCustomActions.ts	318	
CreateDocumentRequestsArgs	interface	hr	true		netlify/functions/lib/hr/onboardingDocumentRequests.ts	18	
DocumentRequestResult	interface	hr	true		netlify/functions/lib/hr/onboardingDocumentRequests.ts	27	
resolveStatus	function	hr	false		netlify/functions/lib/hr/onboardingDocumentRequests.ts	32	
createOnboardingDocumentRequests	function	hr	true		netlify/functions/lib/hr/onboardingDocumentRequests.ts	55	
ACTIVE_CASE_STATUSES	array	hr	false		netlify/functions/lib/hr/onboardingIntake.ts	20	
getOnboardingIntakePreview	function	hr	true		netlify/functions/lib/hr/onboardingIntake.ts	22	
err	function	hr	false		netlify/functions/lib/hr/onboardingMutations.ts	18	
nowISO	function	hr	false		netlify/functions/lib/hr/onboardingMutations.ts	19	
TERMINAL	array	hr	false		netlify/functions/lib/hr/onboardingMutations.ts	20	
ACTIVE_BLOCKER	array	hr	false		netlify/functions/lib/hr/onboardingMutations.ts	21	
isOpenTask	function	hr	false		netlify/functions/lib/hr/onboardingMutations.ts	22	
slug	function	hr	false		netlify/functions/lib/hr/onboardingMutations.ts	23	
humanizeModule	function	hr	false		netlify/functions/lib/hr/onboardingMutations.ts	24	
CaseRow	interface	hr	false		netlify/functions/lib/hr/onboardingMutations.ts	26	
TaskRow	interface	hr	false		netlify/functions/lib/hr/onboardingMutations.ts	27	
BlockerRow	interface	hr	false		netlify/functions/lib/hr/onboardingMutations.ts	28	
loadCase	function	hr	false		netlify/functions/lib/hr/onboardingMutations.ts	30	
mergeCaseMeta	function	hr	false		netlify/functions/lib/hr/onboardingMutations.ts	36	
mergeBlockerMeta	function	hr	false		netlify/functions/lib/hr/onboardingMutations.ts	40	
recomputeCaseStatus	function	hr	true		netlify/functions/lib/hr/onboardingMutations.ts	47	
GATE_KEYS	array	hr	false		netlify/functions/lib/hr/onboardingMutations.ts	61	
activationGateFailures	function	hr	false		netlify/functions/lib/hr/onboardingMutations.ts	69	
AddTaskArgs	interface	hr	true		netlify/functions/lib/hr/onboardingMutations.ts	82	
addOnboardingTask	function	hr	true		netlify/functions/lib/hr/onboardingMutations.ts	83	
blockOnboardingTask	function	hr	true		netlify/functions/lib/hr/onboardingMutations.ts	101	
unblockOnboardingTask	function	hr	true		netlify/functions/lib/hr/onboardingMutations.ts	122	
loadTaskWithMeta	function	hr	false		netlify/functions/lib/hr/onboardingMutations.ts	136	
metaArr	function	hr	false		netlify/functions/lib/hr/onboardingMutations.ts	143	
addOnboardingTaskNote	function	hr	true		netlify/functions/lib/hr/onboardingMutations.ts	145	
attachOnboardingTaskEvidence	function	hr	true		netlify/functions/lib/hr/onboardingMutations.ts	158	
taskEvidenceMissing	function	hr	true		netlify/functions/lib/hr/onboardingMutations.ts	179	
completeOnboardingCase	function	hr	true		netlify/functions/lib/hr/onboardingMutations.ts	189	
pauseOnboardingCase	function	hr	true		netlify/functions/lib/hr/onboardingMutations.ts	202	
resumeOnboardingCase	function	hr	true		netlify/functions/lib/hr/onboardingMutations.ts	214	
reassignOnboardingOwner	function	hr	true		netlify/functions/lib/hr/onboardingMutations.ts	231	
markOnboardingReady	function	hr	true		netlify/functions/lib/hr/onboardingMutations.ts	244	
loadBlocker	function	hr	false		netlify/functions/lib/hr/onboardingMutations.ts	264	
unblockLinkedTask	function	hr	false		netlify/functions/lib/hr/onboardingMutations.ts	269	
resolveOnboardingBlocker	function	hr	true		netlify/functions/lib/hr/onboardingMutations.ts	274	
escalateOnboardingBlocker	function	hr	true		netlify/functions/lib/hr/onboardingMutations.ts	287	
notifyOnboardingBlockerOwner	function	hr	true		netlify/functions/lib/hr/onboardingMutations.ts	303	
waiveOnboardingBlocker	function	hr	true		netlify/functions/lib/hr/onboardingMutations.ts	326	
HANDOFF_TRANSITIONS	object	hr	false		netlify/functions/lib/hr/onboardingMutations.ts	348	
HandoffRow	interface	hr	false		netlify/functions/lib/hr/onboardingMutations.ts	359	
loadHandoff	function	hr	false		netlify/functions/lib/hr/onboardingMutations.ts	360	
transitionHandoff	function	hr	false		netlify/functions/lib/hr/onboardingMutations.ts	369	
retryOnboardingHandoff	function	hr	true		netlify/functions/lib/hr/onboardingMutations.ts	391	
acceptOnboardingHandoff	function	hr	true		netlify/functions/lib/hr/onboardingMutations.ts	395	
completeOnboardingHandoff	function	hr	true		netlify/functions/lib/hr/onboardingMutations.ts	399	
cancelOnboardingHandoff	function	hr	true		netlify/functions/lib/hr/onboardingMutations.ts	403	
listOnboardingAudit	function	hr	true		netlify/functions/lib/hr/onboardingMutations.ts	407	
err	function	hr	false		netlify/functions/lib/hr/onboardingPackageService.ts	25	
nowISO	function	hr	false		netlify/functions/lib/hr/onboardingPackageService.ts	26	
isUniqueViolation	function	hr	false		netlify/functions/lib/hr/onboardingPackageService.ts	27	
slugify	function	hr	false		netlify/functions/lib/hr/onboardingPackageService.ts	28	
PackageTaskTemplate	interface	hr	true		netlify/functions/lib/hr/onboardingPackageService.ts	30	
PackageHandoffTemplate	interface	hr	true		netlify/functions/lib/hr/onboardingPackageService.ts	31	
PackagePlan	interface	hr	true		netlify/functions/lib/hr/onboardingPackageService.ts	32	
PkgDB	interface	hr	false		netlify/functions/lib/hr/onboardingPackageService.ts	34	
PkgDBBase	interface	hr	false		netlify/functions/lib/hr/onboardingPackageService.ts	35	
TaskTplDB	interface	hr	false		netlify/functions/lib/hr/onboardingPackageService.ts	36	
HandoffTplDB	interface	hr	false		netlify/functions/lib/hr/onboardingPackageService.ts	37	
ROLE_LABEL	object	hr	false		netlify/functions/lib/hr/onboardingPackageService.ts	39	
asStrArr	function	hr	false		netlify/functions/lib/hr/onboardingPackageService.ts	40	
loadPackagePlan	function	hr	true		netlify/functions/lib/hr/onboardingPackageService.ts	43	
listPackageSummaries	function	hr	true		netlify/functions/lib/hr/onboardingPackageService.ts	70	
packageLabelMap	function	hr	true		netlify/functions/lib/hr/onboardingPackageService.ts	108	
getPackageDetail	function	hr	true		netlify/functions/lib/hr/onboardingPackageService.ts	118	
createPackage	function	hr	true		netlify/functions/lib/hr/onboardingPackageService.ts	158	
updatePackage	function	hr	true		netlify/functions/lib/hr/onboardingPackageService.ts	176	
set	function	hr	false		netlify/functions/lib/hr/onboardingPackageService.ts	178	updatePackage
setPackageStatus	function	hr	true		netlify/functions/lib/hr/onboardingPackageService.ts	190	
createTaskTemplate	function	hr	true		netlify/functions/lib/hr/onboardingPackageService.ts	201	
updateTaskTemplate	function	hr	true		netlify/functions/lib/hr/onboardingPackageService.ts	214	
set	function	hr	false		netlify/functions/lib/hr/onboardingPackageService.ts	216	updateTaskTemplate
deleteTaskTemplate	function	hr	true		netlify/functions/lib/hr/onboardingPackageService.ts	227	
createHandoffTemplate	function	hr	true		netlify/functions/lib/hr/onboardingPackageService.ts	237	
updateHandoffTemplate	function	hr	true		netlify/functions/lib/hr/onboardingPackageService.ts	250	
set	function	hr	false		netlify/functions/lib/hr/onboardingPackageService.ts	252	updateHandoffTemplate
deleteHandoffTemplate	function	hr	true		netlify/functions/lib/hr/onboardingPackageService.ts	263	
CaseDB	interface	hr	false		netlify/functions/lib/hr/onboardingQueries.ts	23	
TaskDB	interface	hr	false		netlify/functions/lib/hr/onboardingQueries.ts	24	
HandoffDB	interface	hr	false		netlify/functions/lib/hr/onboardingQueries.ts	25	
BlockerDB	interface	hr	false		netlify/functions/lib/hr/onboardingQueries.ts	26	
EmpDB	interface	hr	false		netlify/functions/lib/hr/onboardingQueries.ts	27	
CaseLite	interface	hr	false		netlify/functions/lib/hr/onboardingQueries.ts	28	
ACTIVE_BLOCKER	variable	hr	false		netlify/functions/lib/hr/onboardingQueries.ts	30	
CLOSED_TASK	variable	hr	false		netlify/functions/lib/hr/onboardingQueries.ts	31	
DONE_TASK	variable	hr	false		netlify/functions/lib/hr/onboardingQueries.ts	32	
ACTIVE_CASE	array	hr	false		netlify/functions/lib/hr/onboardingQueries.ts	33	
isOpenTask	function	hr	false		netlify/functions/lib/hr/onboardingQueries.ts	34	
CaseAgg	interface	hr	false		netlify/functions/lib/hr/onboardingQueries.ts	37	
emptyAgg	function	hr	false		netlify/functions/lib/hr/onboardingQueries.ts	38	
aggregateTasks	function	hr	false		netlify/functions/lib/hr/onboardingQueries.ts	40	
loadTasks	function	hr	false		netlify/functions/lib/hr/onboardingQueries.ts	59	
activeBlockerCounts	function	hr	false		netlify/functions/lib/hr/onboardingQueries.ts	67	
nameMap	function	hr	false		netlify/functions/lib/hr/onboardingQueries.ts	77	
photoMap	function	hr	false		netlify/functions/lib/hr/onboardingQueries.ts	87	
employeeMaps	function	hr	false		netlify/functions/lib/hr/onboardingQueries.ts	94	
caseLiteMap	function	hr	false		netlify/functions/lib/hr/onboardingQueries.ts	109	
DueBucket	type	hr	false		netlify/functions/lib/hr/onboardingQueries.ts	117	
dueBucket	function	hr	false		netlify/functions/lib/hr/onboardingQueries.ts	118	
matchDue	function	hr	false		netlify/functions/lib/hr/onboardingQueries.ts	129	
weekStart	function	hr	false		netlify/functions/lib/hr/onboardingQueries.ts	138	
isoDate	function	hr	false		netlify/functions/lib/hr/onboardingQueries.ts	139	
listOnboardingCases	function	hr	true		netlify/functions/lib/hr/onboardingQueries.ts	144	
blocked	function	hr	false		netlify/functions/lib/hr/onboardingQueries.ts	216	listOnboardingCases
getOnboardingDashboardStats	function	hr	true		netlify/functions/lib/hr/onboardingQueries.ts	246	
pct	function	hr	false		netlify/functions/lib/hr/onboardingQueries.ts	313	getOnboardingDashboardStats
isReady	function	hr	false		netlify/functions/lib/hr/onboardingQueries.ts	314	getOnboardingDashboardStats
listRecentOnboardingActivity	function	hr	true		netlify/functions/lib/hr/onboardingQueries.ts	358	
listOnboardingTasks	function	hr	true		netlify/functions/lib/hr/onboardingQueries.ts	374	
TaskDetailDB	interface	hr	false		netlify/functions/lib/hr/onboardingQueries.ts	426	
asNoteArr	function	hr	false		netlify/functions/lib/hr/onboardingQueries.ts	430	
asEvidenceArr	function	hr	false		netlify/functions/lib/hr/onboardingQueries.ts	431	
getOnboardingTaskDetail	function	hr	true		netlify/functions/lib/hr/onboardingQueries.ts	433	
listOnboardingHandoffs	function	hr	true		netlify/functions/lib/hr/onboardingQueries.ts	484	
listOnboardingBlockers	function	hr	true		netlify/functions/lib/hr/onboardingQueries.ts	523	
REPORT_CATALOGUE	array	hr	true		netlify/functions/lib/hr/onboardingReports.ts	20	
listOnboardingReports	function	hr	true		netlify/functions/lib/hr/onboardingReports.ts	32	
CaseDB	interface	hr	false		netlify/functions/lib/hr/onboardingReports.ts	35	
TaskDB	interface	hr	false		netlify/functions/lib/hr/onboardingReports.ts	36	
BlockerDB	interface	hr	false		netlify/functions/lib/hr/onboardingReports.ts	37	
HandoffDB	interface	hr	false		netlify/functions/lib/hr/onboardingReports.ts	38	
EmpDB	interface	hr	false		netlify/functions/lib/hr/onboardingReports.ts	39	
CLOSED_TASK	variable	hr	false		netlify/functions/lib/hr/onboardingReports.ts	41	
DONE_TASK	variable	hr	false		netlify/functions/lib/hr/onboardingReports.ts	42	
ACTIVE_BLOCKER	variable	hr	false		netlify/functions/lib/hr/onboardingReports.ts	43	
ACTIVE_CASE	variable	hr	false		netlify/functions/lib/hr/onboardingReports.ts	44	
isOpenTask	function	hr	false		netlify/functions/lib/hr/onboardingReports.ts	45	
DAY	variable	hr	false		netlify/functions/lib/hr/onboardingReports.ts	46	
daysBetween	function	hr	false		netlify/functions/lib/hr/onboardingReports.ts	47	
isOverdue	function	hr	false		netlify/functions/lib/hr/onboardingReports.ts	48	
round1	function	hr	false		netlify/functions/lib/hr/onboardingReports.ts	49	
median	function	hr	false		netlify/functions/lib/hr/onboardingReports.ts	50	
ReportData	interface	hr	false		netlify/functions/lib/hr/onboardingReports.ts	52	
nameMap	function	hr	false		netlify/functions/lib/hr/onboardingReports.ts	57	
loadReportData	function	hr	false		netlify/functions/lib/hr/onboardingReports.ts	64	
pkgLabel	function	hr	false		netlify/functions/lib/hr/onboardingReports.ts	107	
ownerLabel	function	hr	false		netlify/functions/lib/hr/onboardingReports.ts	108	
groupBy	function	hr	false		netlify/functions/lib/hr/onboardingReports.ts	109	
reportCycleTime	function	hr	false		netlify/functions/lib/hr/onboardingReports.ts	119	
reportBlockedCases	function	hr	false		netlify/functions/lib/hr/onboardingReports.ts	145	
reportTaskOwnerPerformance	function	hr	false		netlify/functions/lib/hr/onboardingReports.ts	168	
reportHandoffCompletion	function	hr	false		netlify/functions/lib/hr/onboardingReports.ts	195	
Agg	interface	hr	false		netlify/functions/lib/hr/onboardingReports.ts	221	
aggregateByCase	function	hr	false		netlify/functions/lib/hr/onboardingReports.ts	222	
caseReady	function	hr	false		netlify/functions/lib/hr/onboardingReports.ts	233	
reportPackageEffectiveness	function	hr	false		netlify/functions/lib/hr/onboardingReports.ts	235	
reportActivationReadiness	function	hr	false		netlify/functions/lib/hr/onboardingReports.ts	265	
pct	function	hr	false		netlify/functions/lib/hr/onboardingReports.ts	269	reportActivationReadiness
reportOverdueTasks	function	hr	false		netlify/functions/lib/hr/onboardingReports.ts	287	
ageOf	function	hr	false		netlify/functions/lib/hr/onboardingReports.ts	290	reportOverdueTasks
bucket	function	hr	false		netlify/functions/lib/hr/onboardingReports.ts	291	reportOverdueTasks
reportCohort	function	hr	false		netlify/functions/lib/hr/onboardingReports.ts	313	
catPct	function	hr	false		netlify/functions/lib/hr/onboardingReports.ts	319	reportCohort
runOnboardingReport	function	hr	true		netlify/functions/lib/hr/onboardingReports.ts	339	
exportOnboardingReport	function	hr	true		netlify/functions/lib/hr/onboardingReports.ts	355	
TaskCategory	type	hr	true		netlify/functions/lib/hr/onboardingTaskCategory.ts	7	
READINESS_CATS	array	hr	true		netlify/functions/lib/hr/onboardingTaskCategory.ts	10	
taskCategory	function	hr	true		netlify/functions/lib/hr/onboardingTaskCategory.ts	12	
nowISO	function	hr	false		netlify/functions/lib/hr/organizationApply.ts	15	
fail	function	hr	false		netlify/functions/lib/hr/organizationApply.ts	16	
State	type	hr	false		netlify/functions/lib/hr/organizationApply.ts	18	
UnitAction	type	hr	false		netlify/functions/lib/hr/organizationApply.ts	19	
PosAction	type	hr	false		netlify/functions/lib/hr/organizationApply.ts	20	
CcAction	type	hr	false		netlify/functions/lib/hr/organizationApply.ts	21	
UNIT_COLS	object	hr	false		netlify/functions/lib/hr/organizationApply.ts	23	
POS_COLS	object	hr	false		netlify/functions/lib/hr/organizationApply.ts	27	
CC_COLS	object	hr	false		netlify/functions/lib/hr/organizationApply.ts	31	
toPatch	function	hr	false		netlify/functions/lib/hr/organizationApply.ts	35	
UNIT_EVENT	object	hr	false		netlify/functions/lib/hr/organizationApply.ts	43	
UNIT_AUDIT	object	hr	false		netlify/functions/lib/hr/organizationApply.ts	44	
applyOrgUnitChange	function	hr	true		netlify/functions/lib/hr/organizationApply.ts	46	
assertUnitDeletable	function	hr	true		netlify/functions/lib/hr/organizationApply.ts	62	
applyOrgUnitDelete	function	hr	true		netlify/functions/lib/hr/organizationApply.ts	74	
applyPositionChange	function	hr	true		netlify/functions/lib/hr/organizationApply.ts	83	
applyCostCenterChange	function	hr	true		netlify/functions/lib/hr/organizationApply.ts	111	
State	type	hr	false		netlify/functions/lib/hr/organizationChangeRequests.ts	22	
SubmitOrgChangeInput	interface	hr	true		netlify/functions/lib/hr/organizationChangeRequests.ts	24	
riskPriority	function	hr	false		netlify/functions/lib/hr/organizationChangeRequests.ts	38	
nowISO	function	hr	false		netlify/functions/lib/hr/organizationChangeRequests.ts	42	
submitOrgChangeForApproval	function	hr	true		netlify/functions/lib/hr/organizationChangeRequests.ts	49	
CrRow	interface	hr	false		netlify/functions/lib/hr/organizationChangeRequests.ts	94	
dispatchApply	function	hr	false		netlify/functions/lib/hr/organizationChangeRequests.ts	100	
applyApprovedOrgChange	function	hr	true		netlify/functions/lib/hr/organizationChangeRequests.ts	115	
applyDueOrgChanges	function	hr	true		netlify/functions/lib/hr/organizationChangeRequests.ts	145	
setOrgChangeStatus	function	hr	true		netlify/functions/lib/hr/organizationChangeRequests.ts	159	
cancelOrgChangeRequest	function	hr	true		netlify/functions/lib/hr/organizationChangeRequests.ts	166	
nameMap	function	hr	false		netlify/functions/lib/hr/organizationChangeRequests.ts	179	
CrFullRow	interface	hr	false		netlify/functions/lib/hr/organizationChangeRequests.ts	186	
mapCr	function	hr	false		netlify/functions/lib/hr/organizationChangeRequests.ts	194	
listOrgChangeRequests	function	hr	true		netlify/functions/lib/hr/organizationChangeRequests.ts	208	
getOrgChangeRequest	function	hr	true		netlify/functions/lib/hr/organizationChangeRequests.ts	218	
httpError	function	hr	true		netlify/functions/lib/hr/organizationCore.ts	8	
normalizeCode	function	hr	true		netlify/functions/lib/hr/organizationCore.ts	13	
assertExpectedUpdatedAt	function	hr	true		netlify/functions/lib/hr/organizationCore.ts	19	
assertNoOrgCycle	function	hr	true		netlify/functions/lib/hr/organizationCore.ts	30	
assertNoPositionCycle	function	hr	true		netlify/functions/lib/hr/organizationCore.ts	47	
changedFields	function	hr	true		netlify/functions/lib/hr/organizationCore.ts	64	
DeptLite	interface	hr	false		netlify/functions/lib/hr/organizationHealth.ts	9	
PosLite	interface	hr	false		netlify/functions/lib/hr/organizationHealth.ts	10	
UserLite	interface	hr	false		netlify/functions/lib/hr/organizationHealth.ts	11	
issue	function	hr	false		netlify/functions/lib/hr/organizationHealth.ts	13	
getOrgHealthSummary	function	hr	true		netlify/functions/lib/hr/organizationHealth.ts	20	
push	function	hr	false		netlify/functions/lib/hr/organizationHealth.ts	43	getOrgHealthSummary
empty	function	hr	false		netlify/functions/lib/hr/organizationImpact.ts	10	
countActiveCases	function	hr	false		netlify/functions/lib/hr/organizationImpact.ts	18	
subtreeIds	function	hr	false		netlify/functions/lib/hr/organizationImpact.ts	28	
previewOrgChangeImpact	function	hr	true		netlify/functions/lib/hr/organizationImpact.ts	41	
OrgActor	interface	hr	true		netlify/functions/lib/hr/organizationMutations.ts	28	
State	type	hr	false		netlify/functions/lib/hr/organizationMutations.ts	29	
isUniqueViolation	function	hr	false		netlify/functions/lib/hr/organizationMutations.ts	31	
isFkViolation	function	hr	false		netlify/functions/lib/hr/organizationMutations.ts	32	
pgError	function	hr	false		netlify/functions/lib/hr/organizationMutations.ts	33	
nowISO	function	hr	false		netlify/functions/lib/hr/organizationMutations.ts	34	
gateOrApply	function	hr	false		netlify/functions/lib/hr/organizationMutations.ts	37	
createOrgUnit	function	hr	true		netlify/functions/lib/hr/organizationMutations.ts	61	
loadUnit	function	hr	false		netlify/functions/lib/hr/organizationMutations.ts	79	
updateOrgUnit	function	hr	true		netlify/functions/lib/hr/organizationMutations.ts	87	
set	function	hr	false		netlify/functions/lib/hr/organizationMutations.ts	91	updateOrgUnit
moveOrgUnit	function	hr	true		netlify/functions/lib/hr/organizationMutations.ts	107	
archiveOrgUnit	function	hr	true		netlify/functions/lib/hr/organizationMutations.ts	119	
deleteOrgUnit	function	hr	true		netlify/functions/lib/hr/organizationMutations.ts	127	
createPosition	function	hr	true		netlify/functions/lib/hr/organizationMutations.ts	139	
loadPosition	function	hr	false		netlify/functions/lib/hr/organizationMutations.ts	157	
assertNoPositionReportsToCycle	function	hr	false		netlify/functions/lib/hr/organizationMutations.ts	175	
updatePosition	function	hr	true		netlify/functions/lib/hr/organizationMutations.ts	197	
set	function	hr	false		netlify/functions/lib/hr/organizationMutations.ts	204	updatePosition
retirePosition	function	hr	true		netlify/functions/lib/hr/organizationMutations.ts	220	
createCostCenter	function	hr	true		netlify/functions/lib/hr/organizationMutations.ts	230	
loadCostCenter	function	hr	false		netlify/functions/lib/hr/organizationMutations.ts	247	
updateCostCenter	function	hr	true		netlify/functions/lib/hr/organizationMutations.ts	255	
set	function	hr	false		netlify/functions/lib/hr/organizationMutations.ts	259	updateCostCenter
retireCostCenter	function	hr	true		netlify/functions/lib/hr/organizationMutations.ts	273	
DeptRow	interface	hr	false		netlify/functions/lib/hr/organizationQueries.ts	13	
PosRow	interface	hr	false		netlify/functions/lib/hr/organizationQueries.ts	19	
CcRow	interface	hr	false		netlify/functions/lib/hr/organizationQueries.ts	25	
UserLite	interface	hr	false		netlify/functions/lib/hr/organizationQueries.ts	30	
DEPT_COLS	variable	hr	false		netlify/functions/lib/hr/organizationQueries.ts	32	
POS_COLS	variable	hr	false		netlify/functions/lib/hr/organizationQueries.ts	33	
CC_COLS	variable	hr	false		netlify/functions/lib/hr/organizationQueries.ts	34	
nameMap	function	hr	false		netlify/functions/lib/hr/organizationQueries.ts	37	
listOrgUnits	function	hr	true		netlify/functions/lib/hr/organizationQueries.ts	46	
toOrgUnit	function	hr	false		netlify/functions/lib/hr/organizationQueries.ts	70	
getOrgUnit	function	hr	true		netlify/functions/lib/hr/organizationQueries.ts	89	
listUnitLookups	function	hr	false		netlify/functions/lib/hr/organizationQueries.ts	122	
listPositions	function	hr	true		netlify/functions/lib/hr/organizationQueries.ts	149	
toPosition	function	hr	false		netlify/functions/lib/hr/organizationQueries.ts	167	
getPosition	function	hr	true		netlify/functions/lib/hr/organizationQueries.ts	183	
listCostCenters	function	hr	true		netlify/functions/lib/hr/organizationQueries.ts	207	
getOrgStats	function	hr	true		netlify/functions/lib/hr/organizationQueries.ts	227	
classifyOrgChangeRisk	function	hr	true		netlify/functions/lib/hr/organizationRiskPolicy.ts	13	
requiresApproval	function	hr	true		netlify/functions/lib/hr/organizationRiskPolicy.ts	41	
OvertimeStatus	type	hr	true		netlify/functions/lib/hr/overtimeCore.ts	10	
OvertimeType	type	hr	true		netlify/functions/lib/hr/overtimeCore.ts	18	
OvertimeEntryDto	interface	hr	true		netlify/functions/lib/hr/overtimeCore.ts	21	
DbOvertimeRow	interface	hr	true		netlify/functions/lib/hr/overtimeCore.ts	41	
toOvertimeDto	function	hr	true		netlify/functions/lib/hr/overtimeCore.ts	61	
SubmitOvertimeInput	interface	hr	true		netlify/functions/lib/hr/overtimeMutations.ts	25	
submitOvertimeEntry	function	hr	true		netlify/functions/lib/hr/overtimeMutations.ts	36	
approveOvertimeEntry	function	hr	true		netlify/functions/lib/hr/overtimeMutations.ts	112	
rejectOvertimeEntry	function	hr	true		netlify/functions/lib/hr/overtimeMutations.ts	142	
cancelOvertimeEntry	function	hr	true		netlify/functions/lib/hr/overtimeMutations.ts	172	
setOvertimeStatus	function	hr	true		netlify/functions/lib/hr/overtimeMutations.ts	204	
ListOvertimeOpts	interface	hr	true		netlify/functions/lib/hr/overtimeQueries.ts	9	
listOvertimeEntries	function	hr	true		netlify/functions/lib/hr/overtimeQueries.ts	17	
getOvertimeEntry	function	hr	true		netlify/functions/lib/hr/overtimeQueries.ts	30	
OvertimeReportRow	interface	hr	true		netlify/functions/lib/hr/overtimeQueries.ts	38	
listOvertimeReport	function	hr	true		netlify/functions/lib/hr/overtimeQueries.ts	52	
submitRequest	function	hr	true		netlify/functions/lib/hr/requestsCore.ts	32	
TERMINAL_STATUSES	variable	hr	false		netlify/functions/lib/hr/requestsMutations.ts	15	
decideRequest	function	hr	true		netlify/functions/lib/hr/requestsMutations.ts	25	
fulfillRequest	function	hr	true		netlify/functions/lib/hr/requestsMutations.ts	94	
cancelRequest	function	hr	true		netlify/functions/lib/hr/requestsMutations.ts	148	
mapRow	function	hr	false		netlify/functions/lib/hr/requestsQueries.ts	12	
SELECT_COLS	variable	hr	false		netlify/functions/lib/hr/requestsQueries.ts	44	
RawRow	type	hr	false		netlify/functions/lib/hr/requestsQueries.ts	54	
flattenRow	function	hr	false		netlify/functions/lib/hr/requestsQueries.ts	61	
listMyRequests	function	hr	true		netlify/functions/lib/hr/requestsQueries.ts	74	
listAllRequests	function	hr	true		netlify/functions/lib/hr/requestsQueries.ts	85	
getRequest	function	hr	true		netlify/functions/lib/hr/requestsQueries.ts	100	
MIN_REST_HOURS	variable	hr	false		netlify/functions/lib/hr/rosterCore.ts	26	
MAX_CONSECUTIVE	variable	hr	false		netlify/functions/lib/hr/rosterCore.ts	27	
toHHMM	function	hr	false		netlify/functions/lib/hr/rosterCore.ts	31	
getRosterOrThrow	function	hr	false		netlify/functions/lib/hr/rosterCore.ts	37	
createRoster	function	hr	true		netlify/functions/lib/hr/rosterCore.ts	46	
generateFromRotation	function	hr	true		netlify/functions/lib/hr/rosterCore.ts	86	
syncLeave	function	hr	true		netlify/functions/lib/hr/rosterCore.ts	180	
saveAssignment	function	hr	true		netlify/functions/lib/hr/rosterCore.ts	220	
removeAssignment	function	hr	true		netlify/functions/lib/hr/rosterCore.ts	400	
bulkUpsertAssignments	function	hr	true		netlify/functions/lib/hr/rosterCore.ts	418	
publishRoster	function	hr	true		netlify/functions/lib/hr/rosterCore.ts	436	
reopenRoster	function	hr	true		netlify/functions/lib/hr/rosterCore.ts	499	
toRosterRow	function	hr	false		netlify/functions/lib/hr/rosterQueries.ts	18	
listRosters	function	hr	true		netlify/functions/lib/hr/rosterQueries.ts	50	
enrichRosterRows	function	hr	false		netlify/functions/lib/hr/rosterQueries.ts	70	
getRoster	function	hr	true		netlify/functions/lib/hr/rosterQueries.ts	91	
getCoverageGaps	function	hr	true		netlify/functions/lib/hr/rosterQueries.ts	155	
getMyShifts	function	hr	true		netlify/functions/lib/hr/rosterQueries.ts	233	
getExpectedShift	function	hr	true		netlify/functions/lib/hr/rosterQueries.ts	303	
getRosterStats	function	hr	true		netlify/functions/lib/hr/rosterReports.ts	12	
getEmployeeHoursSummary	function	hr	true		netlify/functions/lib/hr/rosterReports.ts	33	
toShiftTemplate	function	hr	false		netlify/functions/lib/hr/rosterTemplates.ts	18	
listShiftTemplates	function	hr	true		netlify/functions/lib/hr/rosterTemplates.ts	37	
getShiftTemplate	function	hr	true		netlify/functions/lib/hr/rosterTemplates.ts	46	
upsertShiftTemplate	function	hr	true		netlify/functions/lib/hr/rosterTemplates.ts	51	
removeShiftTemplate	function	hr	true		netlify/functions/lib/hr/rosterTemplates.ts	83	
toRotationPattern	function	hr	false		netlify/functions/lib/hr/rosterTemplates.ts	94	
listRotationPatterns	function	hr	true		netlify/functions/lib/hr/rosterTemplates.ts	108	
upsertRotationPattern	function	hr	true		netlify/functions/lib/hr/rosterTemplates.ts	116	
toCoverageRequirement	function	hr	false		netlify/functions/lib/hr/rosterTemplates.ts	144	
listCoverageRequirements	function	hr	true		netlify/functions/lib/hr/rosterTemplates.ts	160	
upsertCoverageRequirement	function	hr	true		netlify/functions/lib/hr/rosterTemplates.ts	178	
StatutoryProfileDto	interface	hr	true		netlify/functions/lib/hr/statutoryProfileCore.ts	18	
DbStatutoryProfileRow	interface	hr	true		netlify/functions/lib/hr/statutoryProfileCore.ts	44	
toStatutoryProfileDto	function	hr	true		netlify/functions/lib/hr/statutoryProfileCore.ts	70	
getStatutoryProfileByEmployee	function	hr	true		netlify/functions/lib/hr/statutoryProfileCore.ts	99	
getStatutoryProfilesByEmployees	function	hr	true		netlify/functions/lib/hr/statutoryProfileCore.ts	118	
getStatutoryProfileById	function	hr	true		netlify/functions/lib/hr/statutoryProfileCore.ts	141	
CaptureStatutoryProfileInput	interface	hr	true		netlify/functions/lib/hr/statutoryProfileMutations.ts	35	
captureStatutoryProfile	function	hr	true		netlify/functions/lib/hr/statutoryProfileMutations.ts	50	
submitStatutoryProfile	function	hr	true		netlify/functions/lib/hr/statutoryProfileMutations.ts	141	
roundMinutes	function	hr	true		netlify/functions/lib/hr/timekeepingCompute.ts	14	
shiftStartMinutes	function	hr	true		netlify/functions/lib/hr/timekeepingCompute.ts	20	
shiftStartForDate	function	hr	true		netlify/functions/lib/hr/timekeepingCompute.ts	32	
ComputeDayInput	interface	hr	true		netlify/functions/lib/hr/timekeepingCompute.ts	40	
computeDay	function	hr	true		netlify/functions/lib/hr/timekeepingCompute.ts	55	
ComputePeriodRecord	interface	hr	true		netlify/functions/lib/hr/timekeepingCompute.ts	124	
computePeriod	function	hr	true		netlify/functions/lib/hr/timekeepingCompute.ts	135	
err	function	hr	false		netlify/functions/lib/hr/timesheetService.ts	16	
buildTimesheet	function	hr	true		netlify/functions/lib/hr/timesheetService.ts	18	
submitTimesheet	function	hr	true		netlify/functions/lib/hr/timesheetService.ts	72	
reopenTimesheet	function	hr	true		netlify/functions/lib/hr/timesheetService.ts	147	
EVIDENCE_DOMAIN	variable	platform	false		netlify/functions/lib/messaging/complianceEvidence.ts	5	
evidencePepper	function	platform	false		netlify/functions/lib/messaging/complianceEvidence.ts	7	
hashEvidence	function	platform	false		netlify/functions/lib/messaging/complianceEvidence.ts	18	
complianceEvidenceContext	function	platform	true		netlify/functions/lib/messaging/complianceEvidence.ts	26	
BUCKET	variable	platform	false		netlify/functions/lib/messaging/complianceExport.ts	24	
SERIALIZER_VERSION	variable	platform	false		netlify/functions/lib/messaging/complianceExport.ts	25	
MAX_ARTIFACT_BYTES	variable	platform	false		netlify/functions/lib/messaging/complianceExport.ts	26	
DOWNLOAD_TTL_SECONDS	variable	platform	false		netlify/functions/lib/messaging/complianceExport.ts	27	
ExportStateRow	interface	platform	false		netlify/functions/lib/messaging/complianceExport.ts	29	
ExportDownloadRow	interface	platform	false		netlify/functions/lib/messaging/complianceExport.ts	43	
DbResult	interface	platform	false		netlify/functions/lib/messaging/complianceExport.ts	64	
ComplianceExportBuildResult	interface	platform	true		netlify/functions/lib/messaging/complianceExport.ts	69	
httpError	function	platform	false		netlify/functions/lib/messaging/complianceExport.ts	74	
ensureNoError	function	platform	false		netlify/functions/lib/messaging/complianceExport.ts	81	
sha256	function	platform	false		netlify/functions/lib/messaging/complianceExport.ts	85	
storagePath	function	platform	false		netlify/functions/lib/messaging/complianceExport.ts	89	
loadExportState	function	platform	false		netlify/functions/lib/messaging/complianceExport.ts	93	
readyFromState	function	platform	false		netlify/functions/lib/messaging/complianceExport.ts	107	
uploadOrVerifyExisting	function	platform	false		netlify/functions/lib/messaging/complianceExport.ts	131	
recordFailure	function	platform	false		netlify/functions/lib/messaging/complianceExport.ts	155	
failureStateUnavailable	function	platform	false		netlify/functions/lib/messaging/complianceExport.ts	193	
recordFailureAndRethrow	function	platform	false		netlify/functions/lib/messaging/complianceExport.ts	212	
createComplianceExport	function	platform	true		netlify/functions/lib/messaging/complianceExport.ts	229	
downloadComplianceExport	function	platform	true		netlify/functions/lib/messaging/complianceExport.ts	442	
SERIALIZER_VERSION	variable	platform	false		netlify/functions/lib/messaging/complianceExportRenderer.ts	11	
DELETED_MESSAGE_MARKER	variable	platform	false		netlify/functions/lib/messaging/complianceExportRenderer.ts	12	
EMPTY_MESSAGE_MARKER	variable	platform	false		netlify/functions/lib/messaging/complianceExportRenderer.ts	13	
PDF_MARGIN	variable	platform	false		netlify/functions/lib/messaging/complianceExportRenderer.ts	14	
PDF_NAVY	variable	platform	false		netlify/functions/lib/messaging/complianceExportRenderer.ts	15	
PDF_TEXT	variable	platform	false		netlify/functions/lib/messaging/complianceExportRenderer.ts	16	
PDF_MUTED	variable	platform	false		netlify/functions/lib/messaging/complianceExportRenderer.ts	17	
PDF_BORDER	variable	platform	false		netlify/functions/lib/messaging/complianceExportRenderer.ts	18	
PDF_SUBTLE	variable	platform	false		netlify/functions/lib/messaging/complianceExportRenderer.ts	19	
CASE_TYPES	variable	platform	false		netlify/functions/lib/messaging/complianceExportRenderer.ts	20	
CASE_STATUSES	variable	platform	false		netlify/functions/lib/messaging/complianceExportRenderer.ts	27	
ComplianceExportCaseSnapshot	interface	platform	true		netlify/functions/lib/messaging/complianceExportRenderer.ts	34	
ComplianceExportThreadSnapshot	interface	platform	true		netlify/functions/lib/messaging/complianceExportRenderer.ts	43	
ComplianceExportRange	interface	platform	true		netlify/functions/lib/messaging/complianceExportRenderer.ts	53	
ComplianceExportSnapshot	interface	platform	true		netlify/functions/lib/messaging/complianceExportRenderer.ts	58	
ComplianceExportRenderFormat	type	platform	true		netlify/functions/lib/messaging/complianceExportRenderer.ts	67	
ComplianceExportRenderResult	interface	platform	true		netlify/functions/lib/messaging/complianceExportRenderer.ts	69	
SafeAttachment	interface	platform	false		netlify/functions/lib/messaging/complianceExportRenderer.ts	76	
SafeMessage	interface	platform	false		netlify/functions/lib/messaging/complianceExportRenderer.ts	85	
SafeExportSnapshot	interface	platform	false		netlify/functions/lib/messaging/complianceExportRenderer.ts	97	
fail	function	platform	false		netlify/functions/lib/messaging/complianceExportRenderer.ts	108	
requiredText	function	platform	false		netlify/functions/lib/messaging/complianceExportRenderer.ts	112	
nullableText	function	platform	false		netlify/functions/lib/messaging/complianceExportRenderer.ts	117	
normalizeText	function	platform	false		netlify/functions/lib/messaging/complianceExportRenderer.ts	123	
isoInstant	function	platform	false		netlify/functions/lib/messaging/complianceExportRenderer.ts	127	
nullableIsoInstant	function	platform	false		netlify/functions/lib/messaging/complianceExportRenderer.ts	134	
actorRef	function	platform	false		netlify/functions/lib/messaging/complianceExportRenderer.ts	139	
attachmentMetadata	function	platform	false		netlify/functions/lib/messaging/complianceExportRenderer.ts	148	
messageSnapshot	function	platform	false		netlify/functions/lib/messaging/complianceExportRenderer.ts	165	
compareMessages	function	platform	false		netlify/functions/lib/messaging/complianceExportRenderer.ts	197	
normalizeMessagingComplianceExportSnapshot	function	platform	true		netlify/functions/lib/messaging/complianceExportRenderer.ts	206	
canonicalJsonString	function	platform	false		netlify/functions/lib/messaging/complianceExportRenderer.ts	256	
renderMessagingComplianceJson	function	platform	true		netlify/functions/lib/messaging/complianceExportRenderer.ts	286	
renderSafeJson	function	platform	false		netlify/functions/lib/messaging/complianceExportRenderer.ts	291	
formatRange	function	platform	false		netlify/functions/lib/messaging/complianceExportRenderer.ts	295	
drawPageHeader	function	platform	false		netlify/functions/lib/messaging/complianceExportRenderer.ts	299	
ensureVerticalSpace	function	platform	false		netlify/functions/lib/messaging/complianceExportRenderer.ts	316	
drawLabelValue	function	platform	false		netlify/functions/lib/messaging/complianceExportRenderer.ts	326	
attachmentSummary	function	platform	false		netlify/functions/lib/messaging/complianceExportRenderer.ts	341	
drawMessage	function	platform	false		netlify/functions/lib/messaging/complianceExportRenderer.ts	352	
renderSafePdf	function	platform	false		netlify/functions/lib/messaging/complianceExportRenderer.ts	396	
renderMessagingCompliancePdf	function	platform	true		netlify/functions/lib/messaging/complianceExportRenderer.ts	436	
renderMessagingComplianceExport	function	platform	true		netlify/functions/lib/messaging/complianceExportRenderer.ts	440	
RpcError	interface	platform	false		netlify/functions/lib/messaging/complianceRpc.ts	18	
RpcResponse	interface	platform	false		netlify/functions/lib/messaging/complianceRpc.ts	23	
unwrap	function	platform	false		netlify/functions/lib/messaging/complianceRpc.ts	28	
ComplianceEvidenceContext	interface	platform	true		netlify/functions/lib/messaging/complianceRpc.ts	37	
ComplianceCaseMutationResult	interface	platform	true		netlify/functions/lib/messaging/complianceRpc.ts	42	
ComplianceReadRpcResult	interface	platform	true		netlify/functions/lib/messaging/complianceRpc.ts	52	
ComplianceGrantRevokeResult	interface	platform	true		netlify/functions/lib/messaging/complianceRpc.ts	72	
ComplianceExportRequestResult	interface	platform	true		netlify/functions/lib/messaging/complianceRpc.ts	83	
ComplianceExportFinalizeResult	interface	platform	true		netlify/functions/lib/messaging/complianceRpc.ts	99	
ComplianceExportPreparedResult	interface	platform	true		netlify/functions/lib/messaging/complianceRpc.ts	111	
ComplianceExportFailureResult	interface	platform	true		netlify/functions/lib/messaging/complianceRpc.ts	125	
ComplianceExportDownloadMetadata	interface	platform	true		netlify/functions/lib/messaging/complianceRpc.ts	135	
requestComplianceCaseTx	function	platform	true		netlify/functions/lib/messaging/complianceRpc.ts	150	
decideComplianceCaseTx	function	platform	true		netlify/functions/lib/messaging/complianceRpc.ts	168	
readComplianceConversationTx	function	platform	true		netlify/functions/lib/messaging/complianceRpc.ts	184	
revokeComplianceGrantTx	function	platform	true		netlify/functions/lib/messaging/complianceRpc.ts	205	
closeComplianceCaseTx	function	platform	true		netlify/functions/lib/messaging/complianceRpc.ts	224	
requestComplianceExportTx	function	platform	true		netlify/functions/lib/messaging/complianceRpc.ts	241	
loadComplianceExportSnapshot	function	platform	true		netlify/functions/lib/messaging/complianceRpc.ts	261	
prepareComplianceExportUploadTx	function	platform	true		netlify/functions/lib/messaging/complianceRpc.ts	273	
finalizeComplianceExportTx	function	platform	true		netlify/functions/lib/messaging/complianceRpc.ts	299	
failComplianceExportTx	function	platform	true		netlify/functions/lib/messaging/complianceRpc.ts	324	
prepareComplianceExportDownload	function	platform	true		netlify/functions/lib/messaging/complianceRpc.ts	344	
recordComplianceExportDownloadTx	function	platform	true		netlify/functions/lib/messaging/complianceRpc.ts	356	
Actor	interface	platform	false		netlify/functions/lib/messaging/complianceService.ts	33	
PermissionContext	interface	platform	false		netlify/functions/lib/messaging/complianceService.ts	38	
CaseRow	interface	platform	false		netlify/functions/lib/messaging/complianceService.ts	43	
GrantRow	interface	platform	false		netlify/functions/lib/messaging/complianceService.ts	66	
CaseThreadRow	interface	platform	false		netlify/functions/lib/messaging/complianceService.ts	81	
ThreadRow	interface	platform	false		netlify/functions/lib/messaging/complianceService.ts	90	
UserRow	interface	platform	false		netlify/functions/lib/messaging/complianceService.ts	100	
ExportRow	interface	platform	false		netlify/functions/lib/messaging/complianceService.ts	106	
DbResult	interface	platform	false		netlify/functions/lib/messaging/complianceService.ts	127	
CursorPayload	interface	platform	false		netlify/functions/lib/messaging/complianceService.ts	132	
CASE_SELECT	variable	platform	false		netlify/functions/lib/messaging/complianceService.ts	138	
GRANT_SELECT	variable	platform	false		netlify/functions/lib/messaging/complianceService.ts	146	
httpError	function	platform	false		netlify/functions/lib/messaging/complianceService.ts	152	
ensureNoError	function	platform	false		netlify/functions/lib/messaging/complianceService.ts	156	
fingerprint	function	platform	false		netlify/functions/lib/messaging/complianceService.ts	160	
encodeCursor	function	platform	false		netlify/functions/lib/messaging/complianceService.ts	164	
decodeCursor	function	platform	false		netlify/functions/lib/messaging/complianceService.ts	169	
permissionContext	function	platform	false		netlify/functions/lib/messaging/complianceService.ts	186	
actorRef	function	platform	false		netlify/functions/lib/messaging/complianceService.ts	194	
nonEmptyTrimmed	function	platform	false		netlify/functions/lib/messaging/complianceService.ts	199	
isComplianceSummary	function	platform	false		netlify/functions/lib/messaging/complianceService.ts	204	
getComplianceSummary	function	platform	true		netlify/functions/lib/messaging/complianceService.ts	219	
loadNames	function	platform	false		netlify/functions/lib/messaging/complianceService.ts	228	
grantStatus	function	platform	false		netlify/functions/lib/messaging/complianceService.ts	242	
caseCapabilities	function	platform	false		netlify/functions/lib/messaging/complianceService.ts	248	
activeGrantsForCases	function	platform	false		netlify/functions/lib/messaging/complianceService.ts	274	
applyCaseCursor	function	platform	false		netlify/functions/lib/messaging/complianceService.ts	288	
queryCasePage	function	platform	false		netlify/functions/lib/messaging/complianceService.ts	297	
listComplianceCases	function	platform	true		netlify/functions/lib/messaging/complianceService.ts	331	
getComplianceCase	function	platform	true		netlify/functions/lib/messaging/complianceService.ts	461	
searchComplianceConversations	function	platform	true		netlify/functions/lib/messaging/complianceService.ts	594	
listComplianceAccessEvents	function	platform	true		netlify/functions/lib/messaging/complianceService.ts	664	
listComplianceExports	function	platform	true		netlify/functions/lib/messaging/complianceService.ts	746	
getComplianceExportById	function	platform	true		netlify/functions/lib/messaging/complianceService.ts	825	
listActiveCompliancePermissionHolders	function	platform	true		netlify/functions/lib/messaging/complianceService.ts	889	
MSG_SQLSTATE_HTTP	object	platform	false		netlify/functions/lib/messaging/messagingRpc.ts	20	
msgRpcHttpError	function	platform	true		netlify/functions/lib/messaging/messagingRpc.ts	29	
RpcResponse	interface	platform	false		netlify/functions/lib/messaging/messagingRpc.ts	41	
unwrapRpc	function	platform	false		netlify/functions/lib/messaging/messagingRpc.ts	49	
CreateThreadRpcResult	interface	platform	true		netlify/functions/lib/messaging/messagingRpc.ts	57	
SendMessageRpcResult	interface	platform	true		netlify/functions/lib/messaging/messagingRpc.ts	70	
AddParticipantsRpcResult	interface	platform	true		netlify/functions/lib/messaging/messagingRpc.ts	80	
RemoveParticipantRpcResult	interface	platform	true		netlify/functions/lib/messaging/messagingRpc.ts	86	
PinRpcResult	interface	platform	true		netlify/functions/lib/messaging/messagingRpc.ts	94	
MarkReadRpcResult	interface	platform	true		netlify/functions/lib/messaging/messagingRpc.ts	104	
createThreadTx	function	platform	true		netlify/functions/lib/messaging/messagingRpc.ts	110	
sendMessageTx	function	platform	true		netlify/functions/lib/messaging/messagingRpc.ts	143	
addParticipantsTx	function	platform	true		netlify/functions/lib/messaging/messagingRpc.ts	165	
removeParticipantTx	function	platform	true		netlify/functions/lib/messaging/messagingRpc.ts	181	
pinTx	function	platform	true		netlify/functions/lib/messaging/messagingRpc.ts	197	
markReadTx	function	platform	true		netlify/functions/lib/messaging/messagingRpc.ts	223	
DeleteMessageRpcResult	interface	platform	true		netlify/functions/lib/messaging/messagingRpc.ts	237	
deleteMessageTx	function	platform	true		netlify/functions/lib/messaging/messagingRpc.ts	246	
ToggleReactionRpcResult	interface	platform	true		netlify/functions/lib/messaging/messagingRpc.ts	262	
toggleReactionTx	function	platform	true		netlify/functions/lib/messaging/messagingRpc.ts	272	
PRESENCE_ONLINE_WINDOW_MS	variable	platform	false		netlify/functions/lib/messagingRich.ts	23	
threadParticipantIds	function	platform	false		netlify/functions/lib/messagingRich.ts	28	
PinMessageInput	interface	platform	true		netlify/functions/lib/messagingRich.ts	39	
PinResult	interface	platform	true		netlify/functions/lib/messagingRich.ts	49	
PinRow	interface	platform	false		netlify/functions/lib/messagingRich.ts	51	
mapPin	function	platform	false		netlify/functions/lib/messagingRich.ts	57	
pinMessage	function	platform	true		netlify/functions/lib/messagingRich.ts	71	
unpinMessage	function	platform	true		netlify/functions/lib/messagingRich.ts	109	
softDeleteMessage	function	platform	true		netlify/functions/lib/messagingRich.ts	132	
ListPinsResult	type	platform	true		netlify/functions/lib/messagingRich.ts	156	
listPins	function	platform	true		netlify/functions/lib/messagingRich.ts	161	
pinnedThreadSummary	function	platform	true		netlify/functions/lib/messagingRich.ts	219	
saveDraft	function	platform	true		netlify/functions/lib/messagingRich.ts	249	
getDraft	function	platform	true		netlify/functions/lib/messagingRich.ts	263	
deleteDraft	function	platform	true		netlify/functions/lib/messagingRich.ts	273	
updatePresence	function	platform	true		netlify/functions/lib/messagingRich.ts	281	
OnlineUser	interface	platform	true		netlify/functions/lib/messagingRich.ts	292	
listOnlineUsers	function	platform	true		netlify/functions/lib/messagingRich.ts	295	
initialsOf	function	platform	false		netlify/functions/lib/messagingRich.ts	321	
toggleReaction	function	platform	true		netlify/functions/lib/messagingRich.ts	328	
STRICT	variable	platform	false		netlify/functions/lib/moduleMutationRuns.ts	21	
RunWriteError	type	platform	false		netlify/functions/lib/moduleMutationRuns.ts	25	
reportRunWriteFailure	function	platform	false		netlify/functions/lib/moduleMutationRuns.ts	36	
StartMutationRunInput	interface	platform	false		netlify/functions/lib/moduleMutationRuns.ts	48	
StartMutationRunResult	interface	platform	false		netlify/functions/lib/moduleMutationRuns.ts	57	
startMutationRun	function	platform	true		netlify/functions/lib/moduleMutationRuns.ts	61	
MarkStageInput	interface	platform	false		netlify/functions/lib/moduleMutationRuns.ts	90	
markMutationRunStage	function	platform	true		netlify/functions/lib/moduleMutationRuns.ts	98	
completeMutationRun	function	platform	true		netlify/functions/lib/moduleMutationRuns.ts	125	
failMutationRun	function	platform	true		netlify/functions/lib/moduleMutationRuns.ts	139	
PermissionKey	type	security	true		netlify/functions/lib/modulePermissions.ts	10	
UserRole	type	security	false		netlify/functions/lib/modulePermissions.ts	26	
ROLE_PERMISSIONS	object	security	false		netlify/functions/lib/modulePermissions.ts	30	
hasModulePermission	function	security	true		netlify/functions/lib/modulePermissions.ts	62	
assertModulePermission	function	security	true		netlify/functions/lib/modulePermissions.ts	67	
HandoffReceiveInput	interface	platform	true		netlify/functions/lib/moduleRegistry.ts	13	
HandoffReceiveResult	interface	platform	true		netlify/functions/lib/moduleRegistry.ts	21	
ModuleReceiver	interface	platform	true		netlify/functions/lib/moduleRegistry.ts	27	
receivers	variable	platform	false		netlify/functions/lib/moduleRegistry.ts	32	
registerModuleReceiver	function	platform	true		netlify/functions/lib/moduleRegistry.ts	34	
getModuleReceiver	function	platform	true		netlify/functions/lib/moduleRegistry.ts	38	
hasModuleReceiver	function	platform	true		netlify/functions/lib/moduleRegistry.ts	44	
ModuleKey	type	platform	true		netlify/functions/lib/moduleServiceAdapter.ts	28	
ModuleMutationOperation	type	platform	true		netlify/functions/lib/moduleServiceAdapter.ts	33	
ModuleMutationContext	interface	platform	true		netlify/functions/lib/moduleServiceAdapter.ts	37	
ModuleEntityIdentity	interface	platform	true		netlify/functions/lib/moduleServiceAdapter.ts	43	
ModuleHandoffRequest	interface	platform	true		netlify/functions/lib/moduleServiceAdapter.ts	48	
ModuleMutationOptions	interface	platform	true		netlify/functions/lib/moduleServiceAdapter.ts	56	
ModuleMutationResult	interface	platform	true		netlify/functions/lib/moduleServiceAdapter.ts	86	
runModuleMutation	function	platform	true		netlify/functions/lib/moduleServiceAdapter.ts	96	
TimelineEntry	interface	platform	true		netlify/functions/lib/moduleTimeline.ts	12	
getModuleTimeline	function	platform	true		netlify/functions/lib/moduleTimeline.ts	23	
logger	object	platform	false		netlify/functions/lib/notify.ts	29	
NotifyPayload	interface	platform	true		netlify/functions/lib/notify.ts	37	
UserDeliveryInfo	interface	platform	false		netlify/functions/lib/notify.ts	63	
DeliveryPrefs	interface	platform	false		netlify/functions/lib/notify.ts	69	
buildEmailHtml	function	platform	false		netlify/functions/lib/notify.ts	81	
buildWhatsAppText	function	platform	false		netlify/functions/lib/notify.ts	112	
notify	function	platform	true		netlify/functions/lib/notify.ts	127	
_sendEmail	function	platform	false		netlify/functions/lib/notify.ts	233	
_sendWhatsApp	function	platform	false		netlify/functions/lib/notify.ts	266	
notifyMany	function	platform	true		netlify/functions/lib/notify.ts	317	
RecordRefInput	interface	workflow	true		netlify/functions/lib/orchestration/recordLinkService.ts	13	
LinkActor	interface	workflow	true		netlify/functions/lib/orchestration/recordLinkService.ts	22	
assertCanView	function	workflow	false		netlify/functions/lib/orchestration/recordLinkService.ts	24	
LinkRecordsInput	interface	workflow	true		netlify/functions/lib/orchestration/recordLinkService.ts	31	
linkRecords	function	workflow	true		netlify/functions/lib/orchestration/recordLinkService.ts	41	
listRecordLinks	function	workflow	true		netlify/functions/lib/orchestration/recordLinkService.ts	73	
deleteRecordLink	function	workflow	true		netlify/functions/lib/orchestration/recordLinkService.ts	94	
TimelineItemType	type	workflow	true		netlify/functions/lib/orchestration/timelineService.ts	17	
TimelineItem	interface	workflow	true		netlify/functions/lib/orchestration/timelineService.ts	19	
TimelineActor	interface	workflow	true		netlify/functions/lib/orchestration/timelineService.ts	32	
TimelineArgs	interface	workflow	true		netlify/functions/lib/orchestration/timelineService.ts	34	
recordViewPermission	function	workflow	true		netlify/functions/lib/orchestration/timelineService.ts	50	
byNewestFirst	function	workflow	false		netlify/functions/lib/orchestration/timelineService.ts	62	
humanizeEventType	function	workflow	false		netlify/functions/lib/orchestration/timelineService.ts	71	
getRecordTimeline	function	workflow	true		netlify/functions/lib/orchestration/timelineService.ts	78	
COMPLIANCE_ACCESS_GRANT_KEYS	variable	security	true		netlify/functions/lib/permissionApprovalScope.ts	1	
PermissionApprovalScope	type	security	true		netlify/functions/lib/permissionApprovalScope.ts	6	
resolvePermissionApprovalScope	function	security	true		netlify/functions/lib/permissionApprovalScope.ts	8	
isComplianceAccessGrant	function	security	true		netlify/functions/lib/permissionApprovalScope.ts	17	
canReviewPermissionGrant	function	security	true		netlify/functions/lib/permissionApprovalScope.ts	21	
PERMISSION_KEYS	variable	security	true		netlify/functions/lib/permissions.ts	26	
PermissionKey	type	security	true		netlify/functions/lib/permissions.ts	454	
CRITICAL_GRANT_KEYS	variable	security	true		netlify/functions/lib/permissions.ts	463	
isCriticalGrant	function	security	true		netlify/functions/lib/permissions.ts	475	
COMPLIANCE_GATED_KEYS	variable	security	true		netlify/functions/lib/permissions.ts	495	
ROLE_PERMISSIONS	object	security	false		netlify/functions/lib/permissions.ts	504	
PermissionOverrideRow	interface	security	true		netlify/functions/lib/permissions.ts	957	
resolveWithSet	function	security	true		netlify/functions/lib/permissions.ts	973	
resolvePermission	function	security	true		netlify/functions/lib/permissions.ts	998	
ROLE_CACHE_TTL_MS	variable	security	false		netlify/functions/lib/permissions.ts	1008	
_roleCache	variable	security	false		netlify/functions/lib/permissions.ts	1009	
invalidateRolePermissions	function	security	true		netlify/functions/lib/permissions.ts	1012	
loadRolePermissions	function	security	true		netlify/functions/lib/permissions.ts	1028	
loadRoleIsEmployee	function	security	true		netlify/functions/lib/permissions.ts	1063	
RoleScope	type	security	true		netlify/functions/lib/permissions.ts	1075	
_scopeCache	variable	security	false		netlify/functions/lib/permissions.ts	1076	
invalidateRoleScope	function	security	true		netlify/functions/lib/permissions.ts	1079	
loadRoleScope	function	security	true		netlify/functions/lib/permissions.ts	1089	
DeptScope	type	security	true		netlify/functions/lib/permissions.ts	1102	
deptScopeFilter	function	security	true		netlify/functions/lib/permissions.ts	1110	
assertInScope	function	security	true		netlify/functions/lib/permissions.ts	1121	
SIGNED_TTL	variable	platform	false		netlify/functions/lib/photos.ts	7	
SIGNED_REFRESH_BEFORE	variable	platform	false		netlify/functions/lib/photos.ts	8	
SIGNED_CACHE_TTL_MS	variable	platform	false		netlify/functions/lib/photos.ts	9	
CachedUrl	interface	platform	false		netlify/functions/lib/photos.ts	11	
_attendanceUrlCache	variable	platform	false		netlify/functions/lib/photos.ts	16	
noPhoto	function	platform	false		netlify/functions/lib/photos.ts	18	
getSignedUrl	function	platform	false		netlify/functions/lib/photos.ts	22	
getProfileSignedUrl	function	platform	false		netlify/functions/lib/photos.ts	45	
AVATARS_BUCKET	variable	platform	true		netlify/functions/lib/photos.ts	84	
ProfileImageFields	interface	platform	false		netlify/functions/lib/photos.ts	86	
resolveProfileImageUrl	function	platform	false		netlify/functions/lib/photos.ts	95	
avatarPublicUrl	function	platform	false		netlify/functions/lib/photos.ts	111	
AttendancePhotoRecord	interface	platform	false		netlify/functions/lib/photos.ts	115	
resolveAttendancePhotos	function	platform	false		netlify/functions/lib/photos.ts	123	
resolveAttendancePhotosBatch	function	platform	false		netlify/functions/lib/photos.ts	131	
RateLimitOptions	interface	platform	false		netlify/functions/lib/ratelimit.ts	11	
RateLimiter	interface	platform	false		netlify/functions/lib/ratelimit.ts	17	
rateLimit	function	platform	false		netlify/functions/lib/ratelimit.ts	22	
check	method	platform	false		netlify/functions/lib/ratelimit.ts	24	rateLimit
reset	method	platform	false		netlify/functions/lib/ratelimit.ts	52	rateLimit
checkLoginLimit	variable	platform	false		netlify/functions/lib/ratelimit.ts	61	
checkGlobalLimit	variable	platform	false		netlify/functions/lib/ratelimit.ts	64	
checkAuthMutationLimit	variable	platform	false		netlify/functions/lib/ratelimit.ts	75	
checkCodeVerifyLimit	variable	platform	false		netlify/functions/lib/ratelimit.ts	79	
checkAuthReadLimit	variable	platform	false		netlify/functions/lib/ratelimit.ts	86	
globalRateLimitMiddleware	function	platform	false		netlify/functions/lib/ratelimit.ts	89	
TOKEN_TTL_SECONDS	variable	communications	false		netlify/functions/lib/realtimeAuth.ts	29	
RealtimeToken	interface	communications	true		netlify/functions/lib/realtimeAuth.ts	31	
cachedPem	variable	communications	false		netlify/functions/lib/realtimeAuth.ts	37	
privateKeyPem	function	communications	false		netlify/functions/lib/realtimeAuth.ts	40	
mintRealtimeToken	function	communications	true		netlify/functions/lib/realtimeAuth.ts	60	
financeReceiver	object	finance	true		netlify/functions/lib/receivers/financeReceiver.ts	12	
receiveHandoff	method	finance	false		netlify/functions/lib/receivers/financeReceiver.ts	15	financeReceiver
hrReceiver	object	platform	true		netlify/functions/lib/receivers/hrReceiver.ts	13	
receiveHandoff	method	platform	false		netlify/functions/lib/receivers/hrReceiver.ts	16	hrReceiver
operationsReceiver	object	platform	true		netlify/functions/lib/receivers/operationsReceiver.ts	13	
receiveHandoff	method	platform	false		netlify/functions/lib/receivers/operationsReceiver.ts	16	operationsReceiver
RecipientReason	type	platform	true		netlify/functions/lib/recipientResolver.ts	25	
ExplicitRecipient	interface	platform	true		netlify/functions/lib/recipientResolver.ts	29	
EventRule	interface	platform	false		netlify/functions/lib/recipientResolver.ts	34	
ACTOR_CONFIRMATION_EVENTS	variable	platform	false		netlify/functions/lib/recipientResolver.ts	40	
resolveRecipients	function	platform	true		netlify/functions/lib/recipientResolver.ts	48	
add	function	platform	false		netlify/functions/lib/recipientResolver.ts	52	resolveRecipients
_addByRole	function	platform	false		netlify/functions/lib/recipientResolver.ts	105	
_addWatchers	function	platform	false		netlify/functions/lib/recipientResolver.ts	116	
RefPrefix	type	platform	true		netlify/functions/lib/refGenerator.ts	16	
nextRef	function	platform	true		netlify/functions/lib/refGenerator.ts	54	
registered	variable	platform	false		netlify/functions/lib/registerModules.ts	24	
registerModulesOnce	function	platform	true		netlify/functions/lib/registerModules.ts	26	
ReqContext	interface	platform	true		netlify/functions/lib/reqContext.ts	13	
_store	variable	platform	false		netlify/functions/lib/reqContext.ts	18	
runWithReqContext	function	platform	true		netlify/functions/lib/reqContext.ts	21	
getReqContext	function	platform	true		netlify/functions/lib/reqContext.ts	26	
REQUIRE_MFA_ROLES	array	security	true		netlify/functions/lib/securityPolicy.ts	18	
requiresMfa	function	security	true		netlify/functions/lib/securityPolicy.ts	21	
MfaPolicy	interface	security	false		netlify/functions/lib/securityPolicy.ts	27	
MFA_FALLBACK	object	security	false		netlify/functions/lib/securityPolicy.ts	30	
_mfaCache	variable	security	false		netlify/functions/lib/securityPolicy.ts	36	
MFA_CACHE_TTL_MS	variable	security	false		netlify/functions/lib/securityPolicy.ts	37	
loadMfaPolicy	function	security	true		netlify/functions/lib/securityPolicy.ts	41	
invalidatePolicyCache	function	security	true		netlify/functions/lib/securityPolicy.ts	66	
mfaEnforcementEnabled	variable	security	true		netlify/functions/lib/securityPolicy.ts	76	
isMfaRequiredForRole	function	security	true		netlify/functions/lib/securityPolicy.ts	82	
trustedDevicesEnabled	variable	security	true		netlify/functions/lib/securityPolicy.ts	97	
trustedDeviceTtlByRole	object	security	true		netlify/functions/lib/securityPolicy.ts	101	
ttlDaysForRole	function	security	true		netlify/functions/lib/securityPolicy.ts	109	
shouldOfferTrustedDevice	function	security	true		netlify/functions/lib/securityPolicy.ts	114	
allowPasswordlessPasskey	variable	security	true		netlify/functions/lib/securityPolicy.ts	124	
allowPasskeyAsSecondFactor	variable	security	true		netlify/functions/lib/securityPolicy.ts	131	
stepUpMaxAgeMinutes	variable	security	true		netlify/functions/lib/securityPolicy.ts	141	
PublicSecurityPolicy	interface	security	true		netlify/functions/lib/securityPolicy.ts	146	
getPublicPolicy	function	security	true		netlify/functions/lib/securityPolicy.ts	157	
BRANDING_TTL_MS	variable	settings	false		netlify/functions/lib/settings.ts	9	
DEFAULT_TTL_MS	variable	settings	false		netlify/functions/lib/settings.ts	10	
BRANDING_KEYS	variable	settings	false		netlify/functions/lib/settings.ts	11	
_cache	variable	settings	false		netlify/functions/lib/settings.ts	13	
_fetchedAt	variable	settings	false		netlify/functions/lib/settings.ts	14	
_inflight	variable	settings	false		netlify/functions/lib/settings.ts	15	
_load	function	settings	false		netlify/functions/lib/settings.ts	17	
_cacheAge	function	settings	false		netlify/functions/lib/settings.ts	22	
getAllSettings	function	settings	false		netlify/functions/lib/settings.ts	26	
setting	function	settings	false		netlify/functions/lib/settings.ts	35	
invalidateSettingsCache	function	settings	false		netlify/functions/lib/settings.ts	42	
settingFolded	function	settings	false		netlify/functions/lib/settings.ts	53	
GovernanceCatalogRow	interface	settings	true		netlify/functions/lib/settings/assertCanUpdateSetting.ts	12	
SettingUpdateRequest	interface	settings	true		netlify/functions/lib/settings/assertCanUpdateSetting.ts	32	
GovernanceParams	interface	settings	true		netlify/functions/lib/settings/assertCanUpdateSetting.ts	39	
assertCanUpdateSetting	function	settings	true		netlify/functions/lib/settings/assertCanUpdateSetting.ts	48	
can	function	settings	false		netlify/functions/lib/settings/assertCanUpdateSetting.ts	50	assertCanUpdateSetting
assertScopeAllowed	function	settings	false		netlify/functions/lib/settings/assertCanUpdateSetting.ts	81	
assertDoesNotReduceStrictness	function	settings	false		netlify/functions/lib/settings/assertCanUpdateSetting.ts	99	
PartialSetting	type	settings	false		netlify/functions/lib/settings/catalogHelpers.ts	10	
modulePolicy	function	settings	true		netlify/functions/lib/settings/catalogHelpers.ts	17	
safetyRule	function	settings	true		netlify/functions/lib/settings/catalogHelpers.ts	31	
workflowRule	function	settings	true		netlify/functions/lib/settings/catalogHelpers.ts	46	
notificationRule	function	settings	true		netlify/functions/lib/settings/catalogHelpers.ts	60	
messagePolicy	function	settings	true		netlify/functions/lib/settings/catalogHelpers.ts	74	
filePolicy	function	settings	true		netlify/functions/lib/settings/catalogHelpers.ts	88	
auditPolicy	function	settings	true		netlify/functions/lib/settings/catalogHelpers.ts	102	
personalPreference	function	settings	true		netlify/functions/lib/settings/catalogHelpers.ts	117	
uiPreference	function	settings	true		netlify/functions/lib/settings/catalogHelpers.ts	137	
systemPolicy	function	settings	true		netlify/functions/lib/settings/catalogHelpers.ts	154	
systemSecurity	function	settings	true		netlify/functions/lib/settings/catalogHelpers.ts	169	
SettingsError	class	settings	true		netlify/functions/lib/settings/errors.ts	4	
badRequest	function	settings	true		netlify/functions/lib/settings/errors.ts	15	
forbidden	function	settings	true		netlify/functions/lib/settings/errors.ts	17	
notFound	function	settings	true		netlify/functions/lib/settings/errors.ts	18	
M	variable	settings	false		netlify/functions/lib/settings/manifests/admin.manifest.ts	5	
adminManifest	object	settings	true		netlify/functions/lib/settings/manifests/admin.manifest.ts	7	
M	variable	settings	false		netlify/functions/lib/settings/manifests/attendance.manifest.ts	10	
G	variable	settings	false		netlify/functions/lib/settings/manifests/attendance.manifest.ts	11	
attendanceManifest	object	settings	true		netlify/functions/lib/settings/manifests/attendance.manifest.ts	13	
M	variable	hse	false		netlify/functions/lib/settings/manifests/capaJsaInspections.manifest.ts	8	
CAPA	variable	hse	false		netlify/functions/lib/settings/manifests/capaJsaInspections.manifest.ts	9	
JSA	variable	hse	false		netlify/functions/lib/settings/manifests/capaJsaInspections.manifest.ts	10	
INSP	variable	hse	false		netlify/functions/lib/settings/manifests/capaJsaInspections.manifest.ts	11	
capaJsaInspectionsManifest	object	hse	true		netlify/functions/lib/settings/manifests/capaJsaInspections.manifest.ts	13	
M	variable	settings	false		netlify/functions/lib/settings/manifests/commandCenter.manifest.ts	5	
commandCenterManifest	object	settings	true		netlify/functions/lib/settings/manifests/commandCenter.manifest.ts	7	
M	variable	settings	false		netlify/functions/lib/settings/manifests/company.manifest.ts	8	
companyManifest	object	settings	true		netlify/functions/lib/settings/manifests/company.manifest.ts	10	
M	variable	settings	false		netlify/functions/lib/settings/manifests/documentsPpe.manifest.ts	7	
DOC	variable	settings	false		netlify/functions/lib/settings/manifests/documentsPpe.manifest.ts	8	
PPE	variable	settings	false		netlify/functions/lib/settings/manifests/documentsPpe.manifest.ts	9	
documentsPpeManifest	object	settings	true		netlify/functions/lib/settings/manifests/documentsPpe.manifest.ts	11	
M	variable	settings	false		netlify/functions/lib/settings/manifests/employees.manifest.ts	5	
employeesManifest	object	settings	true		netlify/functions/lib/settings/manifests/employees.manifest.ts	7	
M	variable	settings	false		netlify/functions/lib/settings/manifests/files.manifest.ts	5	
filesManifest	object	settings	true		netlify/functions/lib/settings/manifests/files.manifest.ts	7	
M	variable	payroll	false		netlify/functions/lib/settings/manifests/financePayroll.manifest.ts	7	
MANAGE	variable	payroll	false		netlify/functions/lib/settings/manifests/financePayroll.manifest.ts	8	
financePayrollManifest	object	payroll	true		netlify/functions/lib/settings/manifests/financePayroll.manifest.ts	10	
M	variable	finance	false		netlify/functions/lib/settings/manifests/financeStatutory.manifest.ts	7	
MANAGE	variable	finance	false		netlify/functions/lib/settings/manifests/financeStatutory.manifest.ts	8	
financeStatutoryManifest	object	finance	true		netlify/functions/lib/settings/manifests/financeStatutory.manifest.ts	10	
M	variable	settings	false		netlify/functions/lib/settings/manifests/hrAttendance.manifest.ts	6	
MANAGE	variable	settings	false		netlify/functions/lib/settings/manifests/hrAttendance.manifest.ts	7	
hrAttendanceManifest	object	settings	true		netlify/functions/lib/settings/manifests/hrAttendance.manifest.ts	9	
M	variable	settings	false		netlify/functions/lib/settings/manifests/hrDocuments.manifest.ts	11	
MANAGE	variable	settings	false		netlify/functions/lib/settings/manifests/hrDocuments.manifest.ts	12	
hrDocumentsManifest	object	settings	true		netlify/functions/lib/settings/manifests/hrDocuments.manifest.ts	14	
M	variable	settings	false		netlify/functions/lib/settings/manifests/hrLeave.manifest.ts	6	
MANAGE	variable	settings	false		netlify/functions/lib/settings/manifests/hrLeave.manifest.ts	7	
hrLeaveManifest	object	settings	true		netlify/functions/lib/settings/manifests/hrLeave.manifest.ts	9	
M	variable	hse	false		netlify/functions/lib/settings/manifests/incidents.manifest.ts	5	
incidentsManifest	object	hse	true		netlify/functions/lib/settings/manifests/incidents.manifest.ts	7	
moduleSettingsManifests	array	settings	true		netlify/functions/lib/settings/manifests/index.ts	27	
M	variable	communications	false		netlify/functions/lib/settings/manifests/messages.manifest.ts	5	
messagesManifest	object	communications	true		netlify/functions/lib/settings/manifests/messages.manifest.ts	7	
M	variable	communications	false		netlify/functions/lib/settings/manifests/notifications.manifest.ts	5	
notificationsManifest	object	communications	true		netlify/functions/lib/settings/manifests/notifications.manifest.ts	7	
M	variable	settings	false		netlify/functions/lib/settings/manifests/onboarding.manifest.ts	15	
MANAGE	variable	settings	false		netlify/functions/lib/settings/manifests/onboarding.manifest.ts	16	
onboardingManifest	object	settings	true		netlify/functions/lib/settings/manifests/onboarding.manifest.ts	18	
M	variable	hse	false		netlify/functions/lib/settings/manifests/ptw.manifest.ts	5	
ptwManifest	object	hse	true		netlify/functions/lib/settings/manifests/ptw.manifest.ts	7	
M	variable	settings	false		netlify/functions/lib/settings/manifests/sds.manifest.ts	5	
sdsManifest	object	settings	true		netlify/functions/lib/settings/manifests/sds.manifest.ts	7	
M	variable	settings	false		netlify/functions/lib/settings/manifests/system.manifest.ts	5	
systemManifest	object	settings	true		netlify/functions/lib/settings/manifests/system.manifest.ts	7	
M	variable	settings	false		netlify/functions/lib/settings/manifests/training.manifest.ts	5	
trainingManifest	object	settings	true		netlify/functions/lib/settings/manifests/training.manifest.ts	7	
M	variable	workflow	false		netlify/functions/lib/settings/manifests/workflow.manifest.ts	5	
workflowManifest	object	workflow	true		netlify/functions/lib/settings/manifests/workflow.manifest.ts	7	
CatalogRow	interface	settings	false		netlify/functions/lib/settings/resolveSetting.ts	12	
getScopedSetting	function	settings	false		netlify/functions/lib/settings/resolveSetting.ts	23	
resolveSetting	function	settings	true		netlify/functions/lib/settings/resolveSetting.ts	42	
BatchCatalogRow	interface	settings	false		netlify/functions/lib/settings/resolveSetting.ts	91	
resolveSettingsBatch	function	settings	true		netlify/functions/lib/settings/resolveSetting.ts	112	
pick	function	settings	false		netlify/functions/lib/settings/resolveSetting.ts	133	resolveSettingsBatch
resolveSettingValue	function	settings	true		netlify/functions/lib/settings/resolveSetting.ts	174	
resolveOverride	function	settings	true		netlify/functions/lib/settings/resolveSetting.ts	194	
catalogRow	function	settings	false		netlify/functions/lib/settings/seedSettingsFromManifests.ts	14	
PREF_CLASSES	variable	settings	false		netlify/functions/lib/settings/seedSettingsFromManifests.ts	44	
syncManifest	function	settings	false		netlify/functions/lib/settings/seedSettingsFromManifests.ts	46	
seedSettingsFromManifests	function	settings	true		netlify/functions/lib/settings/seedSettingsFromManifests.ts	75	
SettingDataType	type	settings	true		netlify/functions/lib/settings/types.ts	8	
SettingClass	type	settings	true		netlify/functions/lib/settings/types.ts	20	
SettingScopeType	type	settings	true		netlify/functions/lib/settings/types.ts	33	
SettingCatalogEntry	interface	settings	true		netlify/functions/lib/settings/types.ts	41	
ModuleSettingsReviewer	type	settings	true		netlify/functions/lib/settings/types.ts	78	
ModuleSettingSection	type	settings	true		netlify/functions/lib/settings/types.ts	87	
ModuleCategory	type	settings	true		netlify/functions/lib/settings/types.ts	104	
ModuleSettingSectionReview	interface	settings	true		netlify/functions/lib/settings/types.ts	115	
ModuleSettingsManifest	interface	settings	true		netlify/functions/lib/settings/types.ts	121	
SettingScope	interface	settings	true		netlify/functions/lib/settings/types.ts	145	
SettingSource	type	settings	true		netlify/functions/lib/settings/types.ts	153	
ResolvedSetting	interface	settings	true		netlify/functions/lib/settings/types.ts	162	
validateModuleSettingsManifest	function	settings	true		netlify/functions/lib/settings/validateManifest.ts	11	
CatalogValidationRow	interface	settings	true		netlify/functions/lib/settings/validateSettingValue.ts	10	
validateSettingValue	function	settings	true		netlify/functions/lib/settings/validateSettingValue.ts	17	
requireStepUp	function	platform	true		netlify/functions/lib/stepUp.ts	36	
throwStepUpRequired	function	platform	false		netlify/functions/lib/stepUp.ts	75	
ENCRYPTION_KEY_HEX	variable	platform	false		netlify/functions/lib/totp.ts	19	
CHALLENGE_TTL_MS	variable	platform	false		netlify/functions/lib/totp.ts	20	
MAX_ATTEMPTS	variable	platform	false		netlify/functions/lib/totp.ts	21	
BACKUP_CODE_COUNT	variable	platform	false		netlify/functions/lib/totp.ts	22	
BACKUP_CODE_LEN	variable	platform	false		netlify/functions/lib/totp.ts	23	
TOTP_ISSUER	variable	platform	false		netlify/functions/lib/totp.ts	24	
_encryptionKey	function	platform	false		netlify/functions/lib/totp.ts	31	
encryptSecret	function	platform	true		netlify/functions/lib/totp.ts	41	
decryptSecret	function	platform	true		netlify/functions/lib/totp.ts	53	
generateTotpSecret	function	platform	true		netlify/functions/lib/totp.ts	73	
verifyCode	function	platform	true		netlify/functions/lib/totp.ts	83	
buildQrCode	function	platform	true		netlify/functions/lib/totp.ts	98	
generateBackupCodes	function	platform	true		netlify/functions/lib/totp.ts	106	
consumeBackupCode	function	platform	true		netlify/functions/lib/totp.ts	128	
issueChallenge	function	platform	true		netlify/functions/lib/totp.ts	154	
ChallengeRow	type	platform	false		netlify/functions/lib/totp.ts	172	
validateChallenge	function	platform	true		netlify/functions/lib/totp.ts	185	
incrementChallengeAttempt	function	platform	true		netlify/functions/lib/totp.ts	210	
consumeChallenge	function	platform	true		netlify/functions/lib/totp.ts	226	
isTwoFactorMandatory	function	platform	true		netlify/functions/lib/totp.ts	237	
DEV_PEPPER_FALLBACK	variable	security	false		netlify/functions/lib/trustedDevices.ts	27	
getPepper	function	security	false		netlify/functions/lib/trustedDevices.ts	29	
trustedDevicesEnabled	variable	security	true		netlify/functions/lib/trustedDevices.ts	43	
COOKIE_NAME	variable	security	true		netlify/functions/lib/trustedDevices.ts	45	
ttlDaysForRole	function	security	true		netlify/functions/lib/trustedDevices.ts	48	
shouldOfferTrustedDevice	function	security	true		netlify/functions/lib/trustedDevices.ts	53	
isSecureRequest	function	security	true		netlify/functions/lib/trustedDevices.ts	62	
hmacHex	function	security	false		netlify/functions/lib/trustedDevices.ts	70	
hmacHexBuf	function	security	false		netlify/functions/lib/trustedDevices.ts	77	
buildCookieValue	function	security	false		netlify/functions/lib/trustedDevices.ts	87	
ParsedCookie	interface	security	false		netlify/functions/lib/trustedDevices.ts	93	
parseCookieValue	function	security	false		netlify/functions/lib/trustedDevices.ts	103	
ParsedUA	interface	security	false		netlify/functions/lib/trustedDevices.ts	134	
parseUserAgent	function	security	false		netlify/functions/lib/trustedDevices.ts	141	
SecurityState	interface	security	false		netlify/functions/lib/trustedDevices.ts	174	
getUserSecurityState	function	security	true		netlify/functions/lib/trustedDevices.ts	183	
rotateSecurityStamp	function	security	true		netlify/functions/lib/trustedDevices.ts	218	
TrustedDeviceRow	interface	security	true		netlify/functions/lib/trustedDevices.ts	244	
CreateTrustedDeviceInput	interface	security	true		netlify/functions/lib/trustedDevices.ts	267	
CreateTrustedDeviceResult	interface	security	true		netlify/functions/lib/trustedDevices.ts	276	
createTrustedDevice	function	security	true		netlify/functions/lib/trustedDevices.ts	286	
VerifyResult	type	security	true		netlify/functions/lib/trustedDevices.ts	363	
verifyTrustedDevice	function	security	true		netlify/functions/lib/trustedDevices.ts	371	
listTrustedDevices	function	security	true		netlify/functions/lib/trustedDevices.ts	446	
revokeTrustedDevice	function	security	true		netlify/functions/lib/trustedDevices.ts	461	
revokeAllTrustedDevices	function	security	true		netlify/functions/lib/trustedDevices.ts	488	
ALLOWED_IMAGE_TYPES	object	platform	false		netlify/functions/lib/upload.ts	20	
ALLOWED_ATTACHMENT_TYPES	object	platform	false		netlify/functions/lib/upload.ts	28	
MAX_BASE64_BYTES	variable	platform	false		netlify/functions/lib/upload.ts	42	
MAX_BINARY_BYTES	variable	platform	false		netlify/functions/lib/upload.ts	43	
PRESIGN_TTL_SECS	variable	platform	false		netlify/functions/lib/upload.ts	44	
UploadUrlResult	interface	platform	false		netlify/functions/lib/upload.ts	48	
createUploadUrl	function	platform	false		netlify/functions/lib/upload.ts	65	
uploadBase64	function	platform	false		netlify/functions/lib/upload.ts	92	
createAttachmentUploadUrl	function	platform	false		netlify/functions/lib/upload.ts	127	
ZvResult	type	platform	false		netlify/functions/lib/validate.ts	13	
zv	function	platform	true		netlify/functions/lib/validate.ts	22	
zUsername	variable	platform	true		netlify/functions/lib/validate.ts	40	
zPassword	variable	platform	true		netlify/functions/lib/validate.ts	41	
zUuid	variable	platform	true		netlify/functions/lib/validate.ts	42	
zDateStr	variable	platform	true		netlify/functions/lib/validate.ts	43	
zHHMM	variable	platform	true		netlify/functions/lib/validate.ts	44	
zRole	variable	platform	true		netlify/functions/lib/validate.ts	45	
zStatus	variable	platform	true		netlify/functions/lib/validate.ts	46	
zLeaveType	variable	platform	true		netlify/functions/lib/validate.ts	47	
zPayCycle	variable	platform	true		netlify/functions/lib/validate.ts	48	
zPayBasis	variable	platform	true		netlify/functions/lib/validate.ts	49	
zBase64Img	variable	platform	true		netlify/functions/lib/validate.ts	50	
zShortStr	function	platform	true		netlify/functions/lib/validate.ts	51	
zOptStr	function	platform	true		netlify/functions/lib/validate.ts	52	
zPosFloat	variable	platform	true		netlify/functions/lib/validate.ts	53	
zLat	variable	platform	true		netlify/functions/lib/validate.ts	54	
zLng	variable	platform	true		netlify/functions/lib/validate.ts	55	
LoginSchema	variable	platform	true		netlify/functions/lib/validate.ts	59	
zTotpCode	variable	platform	true		netlify/functions/lib/validate.ts	65	
zBackupCode	variable	platform	true		netlify/functions/lib/validate.ts	66	
Verify2faSchema	variable	platform	true		netlify/functions/lib/validate.ts	68	
Setup2faInitSchema	variable	platform	true		netlify/functions/lib/validate.ts	73	
Setup2faConfirmSchema	variable	platform	true		netlify/functions/lib/validate.ts	77	
Disable2faSchema	variable	platform	true		netlify/functions/lib/validate.ts	82	
UpdateColorSchemeSchema	variable	platform	true		netlify/functions/lib/validate.ts	86	
UpdateLayoutModeSchema	variable	platform	true		netlify/functions/lib/validate.ts	91	
UpdateMyProfileSchema	variable	platform	true		netlify/functions/lib/validate.ts	98	
VerifyPasswordSchema	variable	platform	true		netlify/functions/lib/validate.ts	107	
ChangePasswordSchema	variable	platform	true		netlify/functions/lib/validate.ts	112	
AddEmployeeSchema	variable	platform	true		netlify/functions/lib/validate.ts	119	
UpdateEmployeeSchema	variable	platform	true		netlify/functions/lib/validate.ts	139	
DeleteEmployeeSchema	variable	platform	true		netlify/functions/lib/validate.ts	162	
GetEmployeeSchema	variable	platform	true		netlify/functions/lib/validate.ts	166	
AddDepartmentSchema	variable	platform	true		netlify/functions/lib/validate.ts	172	
UpdateDepartmentSchema	variable	platform	true		netlify/functions/lib/validate.ts	177	
DeleteDepartmentSchema	variable	platform	true		netlify/functions/lib/validate.ts	183	
AddSiteSchema	variable	platform	true		netlify/functions/lib/validate.ts	189	
UpdateSiteSchema	variable	platform	true		netlify/functions/lib/validate.ts	199	
DeleteSiteSchema	variable	platform	true		netlify/functions/lib/validate.ts	210	
AssignSiteEmployeesSchema	variable	platform	true		netlify/functions/lib/validate.ts	214	
MarkAttendanceSchema	variable	platform	true		netlify/functions/lib/validate.ts	221	
GetMyStatusSchema	variable	platform	true		netlify/functions/lib/validate.ts	233	
GetMyHistorySchema	variable	platform	true		netlify/functions/lib/validate.ts	237	
GetMyChartSchema	variable	platform	true		netlify/functions/lib/validate.ts	241	
ListAttendanceSchema	variable	platform	true		netlify/functions/lib/validate.ts	246	
ListDailyLogSchema	variable	platform	true		netlify/functions/lib/validate.ts	251	
GetLiveAttendanceSchema	variable	platform	true		netlify/functions/lib/validate.ts	258	
GetRecentAttendanceSchema	variable	platform	true		netlify/functions/lib/validate.ts	262	
GetDeptStatsSchema	variable	platform	true		netlify/functions/lib/validate.ts	266	
SubmitLeaveSchema	variable	platform	true		netlify/functions/lib/validate.ts	272	
GetLeaveByIdSchema	variable	platform	true		netlify/functions/lib/validate.ts	279	
UpdateLeaveSchema	variable	platform	true		netlify/functions/lib/validate.ts	283	
DeleteLeaveSchema	variable	platform	true		netlify/functions/lib/validate.ts	291	
DecideLeaveSchema	variable	platform	true		netlify/functions/lib/validate.ts	295	
RunPayrollSchema	variable	platform	true		netlify/functions/lib/validate.ts	302	
GetPayslipSchema	variable	platform	true		netlify/functions/lib/validate.ts	307	
GetPayrollRunSchema	variable	platform	true		netlify/functions/lib/validate.ts	311	
ListPayrollRunsSchema	variable	platform	true		netlify/functions/lib/validate.ts	315	
ApprovePayrollSchema	variable	platform	true		netlify/functions/lib/validate.ts	319	
GetEmployeePayrollSchema	variable	platform	true		netlify/functions/lib/validate.ts	323	
UpdateSettingSchema	variable	platform	true		netlify/functions/lib/validate.ts	332	
SaveWorkHoursSchema	variable	platform	true		netlify/functions/lib/validate.ts	337	
UpdateHourlyRateSchema	variable	platform	true		netlify/functions/lib/validate.ts	342	
BulkImportRatesSchema	variable	platform	true		netlify/functions/lib/validate.ts	347	
UploadLogoSchema	variable	platform	true		netlify/functions/lib/validate.ts	354	
SendMessageSchema	variable	platform	true		netlify/functions/lib/validate.ts	360	
GetMessagesSchema	variable	platform	true		netlify/functions/lib/validate.ts	365	
MarkMessageReadSchema	variable	platform	true		netlify/functions/lib/validate.ts	370	
CreateTicketSchema	variable	platform	true		netlify/functions/lib/validate.ts	376	
UpdateTicketSchema	variable	platform	true		netlify/functions/lib/validate.ts	382	
GetTicketSchema	variable	platform	true		netlify/functions/lib/validate.ts	389	
ReplyTicketSchema	variable	platform	true		netlify/functions/lib/validate.ts	393	
GetNotificationsSchema	variable	platform	true		netlify/functions/lib/validate.ts	400	
MarkNotificationReadSchema	variable	platform	true		netlify/functions/lib/validate.ts	405	
SendNotificationSchema	variable	platform	true		netlify/functions/lib/validate.ts	409	
WEBAUTHN_RP_ID	variable	security	true		netlify/functions/lib/webauthn.ts	28	
WEBAUTHN_RP_NAME	variable	security	true		netlify/functions/lib/webauthn.ts	29	
WEBAUTHN_ORIGINS	variable	security	true		netlify/functions/lib/webauthn.ts	35	
CHALLENGE_TTL_MS	variable	security	false		netlify/functions/lib/webauthn.ts	39	
CredentialRow	interface	security	false		netlify/functions/lib/webauthn.ts	43	
ChallengeRow	interface	security	false		netlify/functions/lib/webauthn.ts	58	
CredentialSummary	interface	security	true		netlify/functions/lib/webauthn.ts	67	
b64UrlToBytes	function	security	false		netlify/functions/lib/webauthn.ts	81	
bytesToB64Url	function	security	false		netlify/functions/lib/webauthn.ts	88	
_pruneExpiredChallenges	function	security	false		netlify/functions/lib/webauthn.ts	93	
_getCredentialRows	function	security	false		netlify/functions/lib/webauthn.ts	103	
_consumeChallenge	function	security	false		netlify/functions/lib/webauthn.ts	113	
generateRegistrationOptions	function	security	true		netlify/functions/lib/webauthn.ts	139	
verifyRegistration	function	security	true		netlify/functions/lib/webauthn.ts	186	
generateAuthenticationOptions	function	security	true		netlify/functions/lib/webauthn.ts	261	
verifyAuthentication	function	security	true		netlify/functions/lib/webauthn.ts	304	
listCredentials	function	security	true		netlify/functions/lib/webauthn.ts	392	
renameCredential	function	security	true		netlify/functions/lib/webauthn.ts	407	
deleteCredential	function	security	true		netlify/functions/lib/webauthn.ts	426	
hasStrongFactor	function	security	true		netlify/functions/lib/webauthn.ts	446	
getFactorMethods	function	security	true		netlify/functions/lib/webauthn.ts	469	
registry	variable	workflow	false		netlify/functions/lib/workflow/adapterRegistry.ts	17	
registerWorkflowAdapter	function	workflow	true		netlify/functions/lib/workflow/adapterRegistry.ts	19	
getWorkflowAdapter	function	workflow	true		netlify/functions/lib/workflow/adapterRegistry.ts	29	
ResolvedAssignee	interface	workflow	true		netlify/functions/lib/workflow/assigneeResolver.ts	13	
resolveStepAssignee	function	workflow	true		netlify/functions/lib/workflow/assigneeResolver.ts	15	
str	function	workflow	false		netlify/functions/lib/workflow/assigneeResolver.ts	17	resolveStepAssignee
WorkflowBindingRow	interface	workflow	true		netlify/functions/lib/workflow/bindingResolver.ts	14	
scopeRank	function	workflow	true		netlify/functions/lib/workflow/bindingResolver.ts	28	
scopeMatches	function	workflow	true		netlify/functions/lib/workflow/bindingResolver.ts	33	
pickBinding	function	workflow	true		netlify/functions/lib/workflow/bindingResolver.ts	44	
selectWorkflowBinding	function	workflow	true		netlify/functions/lib/workflow/bindingResolver.ts	58	
getPathValue	function	workflow	true		netlify/functions/lib/workflow/conditionEvaluator.ts	10	
evaluateWorkflowConditions	function	workflow	true		netlify/functions/lib/workflow/conditionEvaluator.ts	17	
WorkflowStepType	type	workflow	true		netlify/functions/lib/workflow/definitionTypes.ts	7	
WorkflowAssignmentType	type	workflow	true		netlify/functions/lib/workflow/definitionTypes.ts	11	
WorkflowConditionOperator	type	workflow	true		netlify/functions/lib/workflow/definitionTypes.ts	16	
WorkflowCondition	interface	workflow	true		netlify/functions/lib/workflow/definitionTypes.ts	21	
WorkflowStepDefinition	interface	workflow	true		netlify/functions/lib/workflow/definitionTypes.ts	27	
WorkflowTransitionRule	interface	workflow	true		netlify/functions/lib/workflow/definitionTypes.ts	45	
WorkflowNotificationEvent	type	workflow	true		netlify/functions/lib/workflow/definitionTypes.ts	53	
WorkflowNotificationRecipient	type	workflow	true		netlify/functions/lib/workflow/definitionTypes.ts	58	
WorkflowNotificationCriticality	type	workflow	true		netlify/functions/lib/workflow/definitionTypes.ts	63	
WorkflowNotificationRule	interface	workflow	true		netlify/functions/lib/workflow/definitionTypes.ts	66	
WorkflowHandoffEvent	type	workflow	true		netlify/functions/lib/workflow/definitionTypes.ts	75	
WorkflowHandoffRule	interface	workflow	true		netlify/functions/lib/workflow/definitionTypes.ts	78	
WorkflowSourceStatusMap	interface	workflow	true		netlify/functions/lib/workflow/definitionTypes.ts	87	
WorkflowTemplateDefinition	interface	workflow	true		netlify/functions/lib/workflow/definitionTypes.ts	96	
ModuleWorkflowContext	interface	workflow	true		netlify/functions/lib/workflow/definitionTypes.ts	114	
ModuleWorkflowAdapter	interface	workflow	true		netlify/functions/lib/workflow/definitionTypes.ts	129	
rollBackToDraft	function	finance	false		netlify/functions/lib/workflow/financeAdapters.ts	22	
financeStatutoryAdapter	object	finance	false		netlify/functions/lib/workflow/financeAdapters.ts	47	
buildWorkflowContext	method	finance	false		netlify/functions/lib/workflow/financeAdapters.ts	50	financeStatutoryAdapter
registerFinanceWorkflowAdapters	function	finance	true		netlify/functions/lib/workflow/financeAdapters.ts	79	
setLoanStatus	function	finance	false		netlify/functions/lib/workflow/financeLoanAdapter.ts	17	
financeLoanAdapter	object	finance	false		netlify/functions/lib/workflow/financeLoanAdapter.ts	22	
buildWorkflowContext	method	finance	false		netlify/functions/lib/workflow/financeLoanAdapter.ts	26	financeLoanAdapter
registerFinanceLoanAdapter	function	finance	true		netlify/functions/lib/workflow/financeLoanAdapter.ts	60	
decidedBy	function	finance	false		netlify/functions/lib/workflow/financeNisProfileAdapter.ts	30	
financeNisProfileAdapter	object	finance	false		netlify/functions/lib/workflow/financeNisProfileAdapter.ts	41	
buildWorkflowContext	method	finance	false		netlify/functions/lib/workflow/financeNisProfileAdapter.ts	45	financeNisProfileAdapter
registerFinanceNisProfileAdapter	function	finance	true		netlify/functions/lib/workflow/financeNisProfileAdapter.ts	125	
CrRow	interface	finance	false		netlify/functions/lib/workflow/financePayComponentAdapter.ts	33	
ComponentRow	interface	finance	false		netlify/functions/lib/workflow/financePayComponentAdapter.ts	41	
decidedBy	function	finance	false		netlify/functions/lib/workflow/financePayComponentAdapter.ts	56	
applyChangeRequest	function	finance	false		netlify/functions/lib/workflow/financePayComponentAdapter.ts	72	
financePayComponentAdapter	object	finance	false		netlify/functions/lib/workflow/financePayComponentAdapter.ts	233	
buildWorkflowContext	method	finance	false		netlify/functions/lib/workflow/financePayComponentAdapter.ts	237	financePayComponentAdapter
registerFinancePayComponentAdapter	function	finance	true		netlify/functions/lib/workflow/financePayComponentAdapter.ts	339	
setRunStatus	function	payroll	false		netlify/functions/lib/workflow/financePayrollAdapter.ts	25	
financePayrollAdapter	object	payroll	false		netlify/functions/lib/workflow/financePayrollAdapter.ts	41	
buildWorkflowContext	method	payroll	false		netlify/functions/lib/workflow/financePayrollAdapter.ts	45	financePayrollAdapter
registerFinancePayrollAdapter	function	payroll	true		netlify/functions/lib/workflow/financePayrollAdapter.ts	91	
SUBMODULE	variable	payroll	false		netlify/functions/lib/workflow/financePayslipTemplateAdapter.ts	26	
ENTITY	variable	payroll	false		netlify/functions/lib/workflow/financePayslipTemplateAdapter.ts	27	
decidedBy	function	payroll	false		netlify/functions/lib/workflow/financePayslipTemplateAdapter.ts	30	
getSubmittedBy	function	payroll	false		netlify/functions/lib/workflow/financePayslipTemplateAdapter.ts	42	
getTemplateName	function	payroll	false		netlify/functions/lib/workflow/financePayslipTemplateAdapter.ts	52	
setTemplateStatus	function	payroll	false		netlify/functions/lib/workflow/financePayslipTemplateAdapter.ts	62	
financePayslipTemplateAdapter	object	payroll	false		netlify/functions/lib/workflow/financePayslipTemplateAdapter.ts	77	
buildWorkflowContext	method	payroll	false		netlify/functions/lib/workflow/financePayslipTemplateAdapter.ts	81	financePayslipTemplateAdapter
registerFinancePayslipTemplateAdapter	function	payroll	true		netlify/functions/lib/workflow/financePayslipTemplateAdapter.ts	235	
rollBackToDraft	function	finance	false		netlify/functions/lib/workflow/financeRemittancesAdapter.ts	20	
financeRemittancesAdapter	object	finance	false		netlify/functions/lib/workflow/financeRemittancesAdapter.ts	48	
buildWorkflowContext	method	finance	false		netlify/functions/lib/workflow/financeRemittancesAdapter.ts	51	financeRemittancesAdapter
registerFinanceRemittancesAdapter	function	finance	true		netlify/functions/lib/workflow/financeRemittancesAdapter.ts	81	
decidedBy	function	workflow	false		netlify/functions/lib/workflow/hrAdapters.ts	25	
hrEmployeeMasterAdapter	object	workflow	false		netlify/functions/lib/workflow/hrAdapters.ts	33	
buildWorkflowContext	method	workflow	false		netlify/functions/lib/workflow/hrAdapters.ts	35	hrEmployeeMasterAdapter
hrOrgStructureAdapter	object	workflow	false		netlify/functions/lib/workflow/hrAdapters.ts	50	
buildWorkflowContext	method	workflow	false		netlify/functions/lib/workflow/hrAdapters.ts	52	hrOrgStructureAdapter
hrLeaveAdapter	object	workflow	false		netlify/functions/lib/workflow/hrAdapters.ts	70	
buildWorkflowContext	method	workflow	false		netlify/functions/lib/workflow/hrAdapters.ts	72	hrLeaveAdapter
hrTransferPromotionAdapter	object	workflow	false		netlify/functions/lib/workflow/hrAdapters.ts	87	
buildWorkflowContext	method	workflow	false		netlify/functions/lib/workflow/hrAdapters.ts	89	hrTransferPromotionAdapter
setRequestStatus	function	workflow	false		netlify/functions/lib/workflow/hrAdapters.ts	104	
hrRequestsAdapter	object	workflow	false		netlify/functions/lib/workflow/hrAdapters.ts	116	
buildWorkflowContext	method	workflow	false		netlify/functions/lib/workflow/hrAdapters.ts	118	hrRequestsAdapter
setTimesheetStatus	function	workflow	false		netlify/functions/lib/workflow/hrAdapters.ts	135	
hrAttendanceAdapter	object	workflow	false		netlify/functions/lib/workflow/hrAdapters.ts	151	
buildWorkflowContext	method	workflow	false		netlify/functions/lib/workflow/hrAdapters.ts	153	hrAttendanceAdapter
registerHrWorkflowAdapters	function	workflow	true		netlify/functions/lib/workflow/hrAdapters.ts	179	
decidedBy	function	workflow	false		netlify/functions/lib/workflow/hrCompensationAdapter.ts	22	
rollPayItemToDraft	function	workflow	false		netlify/functions/lib/workflow/hrCompensationAdapter.ts	30	
hrCompensationAdapter	object	workflow	false		netlify/functions/lib/workflow/hrCompensationAdapter.ts	50	
buildWorkflowContext	method	workflow	false		netlify/functions/lib/workflow/hrCompensationAdapter.ts	53	hrCompensationAdapter
registerHrCompensationAdapter	function	workflow	true		netlify/functions/lib/workflow/hrCompensationAdapter.ts	90	
decidedBy	function	workflow	false		netlify/functions/lib/workflow/hrOvertimeAdapter.ts	23	
hrOvertimeAdapter	object	workflow	false		netlify/functions/lib/workflow/hrOvertimeAdapter.ts	31	
buildWorkflowContext	method	workflow	false		netlify/functions/lib/workflow/hrOvertimeAdapter.ts	34	hrOvertimeAdapter
registerHrOvertimeAdapter	function	workflow	true		netlify/functions/lib/workflow/hrOvertimeAdapter.ts	82	
makeStatusSyncAdapter	function	workflow	false		netlify/functions/lib/workflow/hseAdapters.ts	23	
apply	function	workflow	false		netlify/functions/lib/workflow/hseAdapters.ts	24	makeStatusSyncAdapter
buildWorkflowContext	method	workflow	false		netlify/functions/lib/workflow/hseAdapters.ts	36	makeStatusSyncAdapter
registerHseWorkflowAdapters	function	workflow	true		netlify/functions/lib/workflow/hseAdapters.ts	48	
OutboxJob	interface	workflow	false		netlify/functions/lib/workflow/outboxWorker.ts	40	
TransitionRow	interface	workflow	false		netlify/functions/lib/workflow/outboxWorker.ts	44	
ReceiptOutcome	type	workflow	false		netlify/functions/lib/workflow/outboxWorker.ts	54	
SourceTransitionHandler	interface	workflow	false		netlify/functions/lib/workflow/outboxWorker.ts	55	
RECEIPT_HANDLERS	object	workflow	false		netlify/functions/lib/workflow/outboxWorker.ts	63	
commit	method	workflow	false		netlify/functions/lib/workflow/outboxWorker.ts	65	RECEIPT_HANDLERS
afterCommit	method	workflow	false		netlify/functions/lib/workflow/outboxWorker.ts	72	RECEIPT_HANDLERS
commit	method	workflow	false		netlify/functions/lib/workflow/outboxWorker.ts	103	RECEIPT_HANDLERS
afterCommit	method	workflow	false		netlify/functions/lib/workflow/outboxWorker.ts	110	RECEIPT_HANDLERS
commit	method	workflow	false		netlify/functions/lib/workflow/outboxWorker.ts	129	RECEIPT_HANDLERS
afterCommit	method	workflow	false		netlify/functions/lib/workflow/outboxWorker.ts	136	RECEIPT_HANDLERS
commit	method	workflow	false		netlify/functions/lib/workflow/outboxWorker.ts	160	RECEIPT_HANDLERS
afterCommit	method	workflow	false		netlify/functions/lib/workflow/outboxWorker.ts	167	RECEIPT_HANDLERS
runSourceTransition	function	workflow	false		netlify/functions/lib/workflow/outboxWorker.ts	220	
finalize	function	workflow	false		netlify/functions/lib/workflow/outboxWorker.ts	265	
finalizeCancel	function	workflow	false		netlify/functions/lib/workflow/outboxWorker.ts	281	
TERMINAL	object	workflow	false		netlify/functions/lib/workflow/outboxWorker.ts	292	
processTerminal	function	workflow	false		netlify/functions/lib/workflow/outboxWorker.ts	302	
processCancel	function	workflow	false		netlify/functions/lib/workflow/outboxWorker.ts	339	
processAdvance	function	workflow	false		netlify/functions/lib/workflow/outboxWorker.ts	363	
taskStepKey	function	workflow	false		netlify/functions/lib/workflow/outboxWorker.ts	384	
OutboxRunSummary	interface	workflow	true		netlify/functions/lib/workflow/outboxWorker.ts	393	
processWorkflowOutbox	function	workflow	true		netlify/functions/lib/workflow/outboxWorker.ts	399	
processTransitionInline	function	workflow	true		netlify/functions/lib/workflow/outboxWorker.ts	460	
MODULE_START_PERMISSION	object	workflow	false		netlify/functions/lib/workflow/service.ts	36	
getModuleStartPermission	function	workflow	true		netlify/functions/lib/workflow/service.ts	57	
WorkflowActor	interface	workflow	true		netlify/functions/lib/workflow/service.ts	61	
addHoursIso	function	workflow	false		netlify/functions/lib/workflow/service.ts	64	
normalizePriority	function	workflow	false		netlify/functions/lib/workflow/service.ts	71	
writeWorkflowAudit	function	workflow	false		netlify/functions/lib/workflow/service.ts	75	
WfRecipient	interface	workflow	false		netlify/functions/lib/workflow/service.ts	86	
EmitWfOpts	interface	workflow	false		netlify/functions/lib/workflow/service.ts	88	
emitWf	function	workflow	false		netlify/functions/lib/workflow/service.ts	95	
assigneeRecipients	function	workflow	false		netlify/functions/lib/workflow/service.ts	106	
MODULE_ROUTE	object	workflow	false		netlify/functions/lib/workflow/service.ts	117	
moduleRoute	function	workflow	true		netlify/functions/lib/workflow/service.ts	128	
ownerRecipients	function	workflow	true		netlify/functions/lib/workflow/service.ts	136	
WorkflowRow	interface	workflow	true		netlify/functions/lib/workflow/service.ts	143	
getWorkflow	function	workflow	false		netlify/functions/lib/workflow/service.ts	151	
resolveDefinition	function	workflow	false		netlify/functions/lib/workflow/service.ts	157	
buildTaskRowForStep	function	workflow	true		netlify/functions/lib/workflow/service.ts	171	
notifyTaskAssigned	function	workflow	true		netlify/functions/lib/workflow/service.ts	184	
createTaskForStep	function	workflow	false		netlify/functions/lib/workflow/service.ts	201	
UUID_RE	variable	workflow	false		netlify/functions/lib/workflow/service.ts	208	
resolveDefinitionByTemplateRef	function	workflow	false		netlify/functions/lib/workflow/service.ts	214	
instantiateWorkflow	function	workflow	false		netlify/functions/lib/workflow/service.ts	226	
startWorkflowForRecord	function	workflow	true		netlify/functions/lib/workflow/service.ts	257	
startWorkflowExplicit	function	workflow	true		netlify/functions/lib/workflow/service.ts	271	
startWorkflowByTemplate	function	workflow	true		netlify/functions/lib/workflow/service.ts	320	
WF_SQLSTATE_HTTP	object	workflow	false		netlify/functions/lib/workflow/service.ts	349	
rpcHttpError	function	workflow	true		netlify/functions/lib/workflow/service.ts	354	
decideTask	function	workflow	true		netlify/functions/lib/workflow/service.ts	361	
commandKey	function	workflow	false		netlify/functions/lib/workflow/service.ts	398	
publishWorkflowTemplateVersion	function	workflow	true		netlify/functions/lib/workflow/service.ts	402	
cancelWorkflow	function	workflow	true		netlify/functions/lib/workflow/service.ts	411	
delegateTask	function	workflow	true		netlify/functions/lib/workflow/service.ts	435	
reassignTask	function	workflow	true		netlify/functions/lib/workflow/service.ts	444	
workflowToContext	function	workflow	true		netlify/functions/lib/workflow/service.ts	457	
SourceSpec	interface	workflow	false		netlify/functions/lib/workflow/sourceContext.ts	13	
SOURCE_SPECS	object	workflow	false		netlify/functions/lib/workflow/sourceContext.ts	24	
UUID_RE	variable	workflow	false		netlify/functions/lib/workflow/sourceContext.ts	96	
SENSITIVE_KEYS	variable	workflow	false		netlify/functions/lib/workflow/sourceContext.ts	97	
SourceRow	type	workflow	false		netlify/functions/lib/workflow/sourceContext.ts	102	
workflowError	function	workflow	false		netlify/functions/lib/workflow/sourceContext.ts	104	
asObject	function	workflow	false		netlify/functions/lib/workflow/sourceContext.ts	108	
firstText	function	workflow	false		netlify/functions/lib/workflow/sourceContext.ts	114	
camelCase	function	workflow	false		netlify/functions/lib/workflow/sourceContext.ts	124	
sourceSnapshot	function	workflow	false		netlify/functions/lib/workflow/sourceContext.ts	128	
loadUser	function	workflow	false		netlify/functions/lib/workflow/sourceContext.ts	140	
departmentManager	function	workflow	false		netlify/functions/lib/workflow/sourceContext.ts	150	
siteManager	function	workflow	false		netlify/functions/lib/workflow/sourceContext.ts	159	
hseManager	function	workflow	false		netlify/functions/lib/workflow/sourceContext.ts	168	
CanonicalStartInput	interface	workflow	true		netlify/functions/lib/workflow/sourceContext.ts	177	
sourcePriority	function	workflow	false		netlify/functions/lib/workflow/sourceContext.ts	186	
buildCanonicalStartContext	function	workflow	true		netlify/functions/lib/workflow/sourceContext.ts	198	
firstSteps	function	workflow	true		netlify/functions/lib/workflow/transitions.ts	13	
NextResolution	interface	workflow	true		netlify/functions/lib/workflow/transitions.ts	19	
resolveNext	function	workflow	true		netlify/functions/lib/workflow/transitions.ts	21	
validateWorkflowDefinition	function	workflow	true		netlify/functions/lib/workflow/validateDefinition.ts	10	
router	variable	security	false		netlify/functions/routes/adminSecurity.ts	31	
UserIdSchema	variable	security	false		netlify/functions/routes/adminSecurity.ts	35	
policyReadRouter	variable	security	true		netlify/functions/routes/adminSecurity.ts	199	
PolicyUpdateSchema	variable	security	false		netlify/functions/routes/adminSecurity.ts	221	
router	variable	hr	false		netlify/functions/routes/attendance.ts	14	
haversine	function	hr	false		netlify/functions/routes/attendance.ts	16	
toRad	function	hr	false		netlify/functions/routes/attendance.ts	18	haversine
nearestSite	function	hr	false		netlify/functions/routes/attendance.ts	24	
router	variable	security	false		netlify/functions/routes/auth.ts	38	
IDLE_DEFAULT_MIN	object	security	false		netlify/functions/routes/auth.ts	43	
resolveIdleTimeoutMs	function	security	false		netlify/functions/routes/auth.ts	48	
deviceFrom	function	security	false		netlify/functions/routes/auth.ts	58	
PASSKEY_PROMPT_INTERVAL_MS	variable	security	false		netlify/functions/routes/auth.ts	67	
shouldPromptForPasskey	function	security	false		netlify/functions/routes/auth.ts	74	
buildSessionPayload	function	security	true		netlify/functions/routes/auth.ts	84	
Verify2faExtSchema	variable	security	false		netlify/functions/routes/auth.ts	349	
checkPasswordChangeLimit	variable	security	false		netlify/functions/routes/auth.ts	720	
router	variable	security	false		netlify/functions/routes/auth2fa.ts	29	
zAnyTotpCode	variable	security	false		netlify/functions/routes/auth2fa.ts	34	
ConfirmSchema	variable	security	false		netlify/functions/routes/auth2fa.ts	38	
DisableSchema	variable	security	false		netlify/functions/routes/auth2fa.ts	42	
RegenSchema	variable	security	false		netlify/functions/routes/auth2fa.ts	43	
verifyAnyCode	function	security	false		netlify/functions/routes/auth2fa.ts	47	
router	variable	security	false		netlify/functions/routes/authStepUp.ts	30	
VerifySchema	variable	security	false		netlify/functions/routes/authStepUp.ts	34	
issueStepUpToken	function	security	false		netlify/functions/routes/authStepUp.ts	149	
emitStepUpEvent	function	security	false		netlify/functions/routes/authStepUp.ts	161	
router	variable	platform	false		netlify/functions/routes/calendar.ts	38	
DATE_RE	variable	platform	false		netlify/functions/routes/calendar.ts	42	
OCC_SEP	variable	platform	false		netlify/functions/routes/calendar.ts	43	
effectiveCan	function	platform	false		netlify/functions/routes/calendar.ts	46	
EntryRow	interface	platform	false		netlify/functions/routes/calendar.ts	55	
Caps	interface	platform	false		netlify/functions/routes/calendar.ts	65	
entryCaps	function	platform	false		netlify/functions/routes/calendar.ts	68	
entryToDto	function	platform	false		netlify/functions/routes/calendar.ts	84	
hydrateNames	function	platform	false		netlify/functions/routes/calendar.ts	121	
parseEntryId	function	platform	false		netlify/functions/routes/calendar.ts	133	
ListSchema	variable	platform	false		netlify/functions/routes/calendar.ts	140	
wantType	function	platform	false		netlify/functions/routes/calendar.ts	177	
wantModule	function	platform	false		netlify/functions/routes/calendar.ts	260	
GetSchema	variable	platform	false		netlify/functions/routes/calendar.ts	284	
VISIBILITY	variable	platform	false		netlify/functions/routes/calendar.ts	314	
normalizeWhen	function	platform	false		netlify/functions/routes/calendar.ts	317	
validAssignee	function	platform	false		netlify/functions/routes/calendar.ts	329	
CreateTaskSchema	variable	platform	false		netlify/functions/routes/calendar.ts	336	
CreateActivitySchema	variable	platform	false		netlify/functions/routes/calendar.ts	419	
isAttendee	function	platform	false		netlify/functions/routes/calendar.ts	507	
canReadEntry	function	platform	false		netlify/functions/routes/calendar.ts	519	
loadEditable	function	platform	false		netlify/functions/routes/calendar.ts	535	
writeException	function	platform	false		netlify/functions/routes/calendar.ts	560	
UpdateSchema	variable	platform	false		netlify/functions/routes/calendar.ts	581	
StatusSchema	variable	platform	false		netlify/functions/routes/calendar.ts	664	
CancelSchema	variable	platform	false		netlify/functions/routes/calendar.ts	714	
router	variable	communications	false		netlify/functions/routes/communications.ts	80	
NotifListSchema	variable	communications	false		netlify/functions/routes/communications.ts	92	
PrefSetSchema	variable	communications	false		netlify/functions/routes/communications.ts	216	
MuteSchema	variable	communications	false		netlify/functions/routes/communications.ts	243	
BroadcastSchema	variable	communications	false		netlify/functions/routes/communications.ts	270	
ThreadsListSchema	variable	communications	false		netlify/functions/routes/communications.ts	331	
ThreadGetSchema	variable	communications	false		netlify/functions/routes/communications.ts	358	
PostsSchema	variable	communications	false		netlify/functions/routes/communications.ts	382	
MessageSearchSchema	variable	communications	false		netlify/functions/routes/communications.ts	413	
RecordThreadSchema	variable	communications	false		netlify/functions/routes/communications.ts	455	
CreateThreadSchema	variable	communications	false		netlify/functions/routes/communications.ts	486	
PostMessageSchema	variable	communications	false		netlify/functions/routes/communications.ts	526	
AttachUploadUrlSchema	variable	communications	false		netlify/functions/routes/communications.ts	569	
AttachCreateSchema	variable	communications	false		netlify/functions/routes/communications.ts	591	
MarkReadSchema	variable	communications	false		netlify/functions/routes/communications.ts	617	
ArchiveSchema	variable	communications	false		netlify/functions/routes/communications.ts	633	
MuteThreadSchema	variable	communications	false		netlify/functions/routes/communications.ts	650	
FavouriteThreadSchema	variable	communications	false		netlify/functions/routes/communications.ts	664	
ParticipantsAddSchema	variable	communications	false		netlify/functions/routes/communications.ts	684	
ParticipantsRemoveSchema	variable	communications	false		netlify/functions/routes/communications.ts	704	
SearchSchema	variable	communications	false		netlify/functions/routes/communications.ts	740	
RecipientsSchema	variable	communications	false		netlify/functions/routes/communications.ts	756	
AttachUrlSchema	variable	communications	false		netlify/functions/routes/communications.ts	772	
PinSchema	variable	communications	false		netlify/functions/routes/communications.ts	796	
UnpinSchema	variable	communications	false		netlify/functions/routes/communications.ts	827	
DeleteMessageSchema	variable	communications	false		netlify/functions/routes/communications.ts	844	
ToggleReactionSchema	variable	communications	false		netlify/functions/routes/communications.ts	872	
PinsListSchema	variable	communications	false		netlify/functions/routes/communications.ts	892	
DraftSaveSchema	variable	communications	false		netlify/functions/routes/communications.ts	915	
DraftGetSchema	variable	communications	false		netlify/functions/routes/communications.ts	931	
PresenceSchema	variable	communications	false		netlify/functions/routes/communications.ts	956	
CreateTicketSchema	variable	communications	false		netlify/functions/routes/communications.ts	981	
TicketListSchema	variable	communications	false		netlify/functions/routes/communications.ts	1002	
CommentSchema	variable	communications	false		netlify/functions/routes/communications.ts	1051	
UpdateTicketSchema	variable	communications	false		netlify/functions/routes/communications.ts	1093	
router	variable	communications	false		netlify/functions/routes/communicationsCompliance.ts	36	
args	function	communications	false		netlify/functions/routes/communicationsCompliance.ts	37	
CASE_TYPES	variable	communications	false		netlify/functions/routes/communicationsCompliance.ts	40	
ACCESS_EVENT_TYPES	variable	communications	false		netlify/functions/routes/communicationsCompliance.ts	48	
SummaryGetSchema	variable	communications	false		netlify/functions/routes/communicationsCompliance.ts	61	
CasesListSchema	variable	communications	false		netlify/functions/routes/communicationsCompliance.ts	63	
CaseGetSchema	variable	communications	false		netlify/functions/routes/communicationsCompliance.ts	79	
CaseRequestSchema	variable	communications	false		netlify/functions/routes/communicationsCompliance.ts	81	
CaseDecisionSchema	variable	communications	false		netlify/functions/routes/communicationsCompliance.ts	93	
ConversationSearchSchema	variable	communications	false		netlify/functions/routes/communicationsCompliance.ts	100	
ConversationReadSchema	variable	communications	false		netlify/functions/routes/communicationsCompliance.ts	119	
GrantRevokeSchema	variable	communications	false		netlify/functions/routes/communicationsCompliance.ts	127	
CaseCloseSchema	variable	communications	false		netlify/functions/routes/communicationsCompliance.ts	133	
AccessEventsListSchema	variable	communications	false		netlify/functions/routes/communicationsCompliance.ts	139	
ExportsListSchema	variable	communications	false		netlify/functions/routes/communicationsCompliance.ts	158	
ExportCreateSchema	variable	communications	false		netlify/functions/routes/communicationsCompliance.ts	164	
ExportDownloadSchema	variable	communications	false		netlify/functions/routes/communicationsCompliance.ts	191	
notifyCompliance	function	communications	false		netlify/functions/routes/communicationsCompliance.ts	196	
router	variable	hr	false		netlify/functions/routes/departments.ts	7	
DeptRow	interface	hr	false		netlify/functions/routes/departments.ts	9	
UserRow	interface	hr	false		netlify/functions/routes/departments.ts	17	
_listDepartments	function	hr	false		netlify/functions/routes/departments.ts	24	
router	variable	hr	false		netlify/functions/routes/employees.ts	13	
_nextEmployeeNumber	function	hr	false		netlify/functions/routes/employees.ts	15	
router	variable	finance	false		netlify/functions/routes/financeAccountsPayable.ts	20	
b	function	finance	false		netlify/functions/routes/financeAccountsPayable.ts	21	
BILL_STATUS	variable	finance	false		netlify/functions/routes/financeAccountsPayable.ts	23	
BILL_FILTER_STATUS	variable	finance	false		netlify/functions/routes/financeAccountsPayable.ts	24	
VENDOR_STATUS	variable	finance	false		netlify/functions/routes/financeAccountsPayable.ts	25	
PAYMENT_METHOD	variable	finance	false		netlify/functions/routes/financeAccountsPayable.ts	26	
fail	function	finance	false		netlify/functions/routes/financeAccountsPayable.ts	28	
VendorCoreSchema	variable	finance	false		netlify/functions/routes/financeAccountsPayable.ts	112	
PAYMENT_RUN_STATUS	variable	finance	false		netlify/functions/routes/financeAccountsPayable.ts	292	
router	variable	finance	false		netlify/functions/routes/financeAttachments.ts	71	
b	function	finance	false		netlify/functions/routes/financeAttachments.ts	73	
fail	function	finance	false		netlify/functions/routes/financeAttachments.ts	76	
EntityTypeEnum	variable	finance	false		netlify/functions/routes/financeAttachments.ts	85	
UploadUrlSchema	variable	finance	false		netlify/functions/routes/financeAttachments.ts	87	
CompleteSchema	variable	finance	false		netlify/functions/routes/financeAttachments.ts	94	
ListSchema	variable	finance	false		netlify/functions/routes/financeAttachments.ts	103	
SignedUrlSchema	variable	finance	false		netlify/functions/routes/financeAttachments.ts	108	
DeleteSchema	variable	finance	false		netlify/functions/routes/financeAttachments.ts	114	
UPLOAD_PERMS	object	finance	false		netlify/functions/routes/financeAttachments.ts	121	
VIEW_PERMS	object	finance	false		netlify/functions/routes/financeAttachments.ts	128	
MANAGE_PERMS	object	finance	false		netlify/functions/routes/financeAttachments.ts	135	
router	variable	finance	false		netlify/functions/routes/financeBankAccounts.ts	11	
b	function	finance	false		netlify/functions/routes/financeBankAccounts.ts	12	
FINANCE_ROLES	array	finance	false		netlify/functions/routes/financeBankAccounts.ts	13	
MANAGE_ROLES	array	finance	false		netlify/functions/routes/financeBankAccounts.ts	14	
router	variable	finance	false		netlify/functions/routes/financeBridges.ts	35	
b	function	finance	false		netlify/functions/routes/financeBridges.ts	37	
fail	function	finance	false		netlify/functions/routes/financeBridges.ts	40	
router	variable	finance	false		netlify/functions/routes/financeBudgets.ts	35	
b	function	finance	false		netlify/functions/routes/financeBudgets.ts	37	
router	variable	finance	false		netlify/functions/routes/financeDisbursements.ts	24	
b	function	finance	false		netlify/functions/routes/financeDisbursements.ts	25	
STATUS_VALUES	variable	finance	false		netlify/functions/routes/financeDisbursements.ts	27	
router	variable	finance	false		netlify/functions/routes/financeExpenses.ts	34	
b	function	finance	false		netlify/functions/routes/financeExpenses.ts	37	
STATUS_VALUES	variable	finance	false		netlify/functions/routes/financeExpenses.ts	40	
CATEGORY_VALUES	variable	finance	false		netlify/functions/routes/financeExpenses.ts	41	
REPORT_TYPES	variable	finance	false		netlify/functions/routes/financeExpenses.ts	42	
handleErr	function	finance	false		netlify/functions/routes/financeExpenses.ts	44	
router	variable	finance	false		netlify/functions/routes/financeLookups.ts	21	
b	function	finance	false		netlify/functions/routes/financeLookups.ts	24	
fail	function	finance	false		netlify/functions/routes/financeLookups.ts	28	
router	variable	finance	false		netlify/functions/routes/financeNis.ts	22	
b	function	finance	false		netlify/functions/routes/financeNis.ts	25	
router	variable	finance	false		netlify/functions/routes/financeOverview.ts	24	
b	function	finance	false		netlify/functions/routes/financeOverview.ts	26	
fail	function	finance	false		netlify/functions/routes/financeOverview.ts	29	
router	variable	payroll	false		netlify/functions/routes/financePayroll.ts	122	
b	function	payroll	false		netlify/functions/routes/financePayroll.ts	125	
routeErr	function	payroll	false		netlify/functions/routes/financePayroll.ts	129	
router	variable	payroll	false		netlify/functions/routes/financePayslipTemplates.ts	18	
b	function	payroll	false		netlify/functions/routes/financePayslipTemplates.ts	19	
P	variable	payroll	false		netlify/functions/routes/financePayslipTemplates.ts	22	
zDesign	variable	payroll	false		netlify/functions/routes/financePayslipTemplates.ts	23	
fail	function	payroll	false		netlify/functions/routes/financePayslipTemplates.ts	25	
zOpenRef	variable	payroll	false		netlify/functions/routes/financePayslipTemplates.ts	162	
router	variable	finance	false		netlify/functions/routes/financePickers.ts	17	
b	function	finance	false		netlify/functions/routes/financePickers.ts	18	
fail	function	finance	false		netlify/functions/routes/financePickers.ts	20	
router	variable	finance	false		netlify/functions/routes/financeRemittances.ts	33	
b	function	finance	false		netlify/functions/routes/financeRemittances.ts	36	
AUTHORITY_VALUES	variable	finance	false		netlify/functions/routes/financeRemittances.ts	39	
STATUS_VALUES	variable	finance	false		netlify/functions/routes/financeRemittances.ts	40	
FILING_METHOD_VALUES	variable	finance	false		netlify/functions/routes/financeRemittances.ts	42	
router	variable	finance	false		netlify/functions/routes/financeStatutory.ts	40	
b	function	finance	false		netlify/functions/routes/financeStatutory.ts	43	
err	function	finance	false		netlify/functions/routes/financeStatutory.ts	47	
router	variable	finance	false		netlify/functions/routes/financeStatutoryForms.ts	18	
b	function	finance	false		netlify/functions/routes/financeStatutoryForms.ts	19	
FORM_TYPES	variable	finance	false		netlify/functions/routes/financeStatutoryForms.ts	21	
router	variable	workflow	false		netlify/functions/routes/handoffs.ts	17	
IntakeSchema	variable	workflow	false		netlify/functions/routes/handoffs.ts	84	
_processHandoff	function	workflow	false		netlify/functions/routes/handoffs.ts	112	
router	variable	hr	false		netlify/functions/routes/hr.ts	46	
HR_COLS	variable	hr	false		netlify/functions/routes/hr.ts	48	
EmpRow	interface	hr	false		netlify/functions/routes/hr.ts	56	
loadEmployee	function	hr	false		netlify/functions/routes/hr.ts	58	
TRAINING_TERMINAL	variable	hr	false		netlify/functions/routes/hr.ts	63	
rollupTrainingStatus	function	hr	false		netlify/functions/routes/hr.ts	65	
EMPLOYEE_SORT_COLS	variable	hr	false		netlify/functions/routes/hr.ts	76	
TRAINING_STATUSES	variable	hr	false		netlify/functions/routes/hr.ts	77	
escapeLike	function	hr	false		netlify/functions/routes/hr.ts	80	
HR_STATUSES	variable	hr	false		netlify/functions/routes/hr.ts	715	
BLOCKING_STATUSES	variable	hr	false		netlify/functions/routes/hr.ts	716	
isExpired	function	hr	false		netlify/functions/routes/hr.ts	820	
orgBody	function	hr	false		netlify/functions/routes/hr.ts	855	
orgErr	function	hr	false		netlify/functions/routes/hr.ts	856	
ORG_UNIT_TYPES	variable	hr	false		netlify/functions/routes/hr.ts	860	
GATED	object	hr	false		netlify/functions/routes/hr.ts	862	
CHANGE_PERM	object	hr	false		netlify/functions/routes/hr.ts	1135	
snapshotForChange	function	hr	false		netlify/functions/routes/hr.ts	1147	
createChangeRequest	function	hr	false		netlify/functions/routes/hr.ts	1177	
GENERIC_CHANGE_TYPES	variable	hr	false		netlify/functions/routes/hr.ts	1252	
router	variable	hr	false		netlify/functions/routes/hrAttendance.ts	21	
body	function	hr	false		netlify/functions/routes/hrAttendance.ts	22	
router	variable	hr	false		netlify/functions/routes/hrCompensation.ts	22	
b	function	hr	false		netlify/functions/routes/hrCompensation.ts	25	
router	variable	platform	false		netlify/functions/routes/hrContracts.ts	18	
body	function	platform	false		netlify/functions/routes/hrContracts.ts	19	
fail	function	platform	false		netlify/functions/routes/hrContracts.ts	20	
CONTRACT_TYPES	variable	platform	false		netlify/functions/routes/hrContracts.ts	25	
PERIODS	variable	platform	false		netlify/functions/routes/hrContracts.ts	26	
PARTIES	variable	platform	false		netlify/functions/routes/hrContracts.ts	27	
METHODS	variable	platform	false		netlify/functions/routes/hrContracts.ts	28	
signatoryInput	variable	platform	false		netlify/functions/routes/hrContracts.ts	30	
clauseInput	variable	platform	false		netlify/functions/routes/hrContracts.ts	36	
router	variable	hr	false		netlify/functions/routes/hrEmployeeImport.ts	27	
body	function	hr	false		netlify/functions/routes/hrEmployeeImport.ts	28	
REQUIRED_FIELDS	variable	hr	false		netlify/functions/routes/hrEmployeeImport.ts	32	
ImportPolicy	interface	hr	false		netlify/functions/routes/hrEmployeeImport.ts	34	
DEFAULT_POLICY	object	hr	false		netlify/functions/routes/hrEmployeeImport.ts	48	
PolicySchema	variable	hr	false		netlify/functions/routes/hrEmployeeImport.ts	56	
STATUTORY_KEYS	variable	hr	false		netlify/functions/routes/hrEmployeeImport.ts	70	
parseBool	function	hr	false		netlify/functions/routes/hrEmployeeImport.ts	71	
norm	function	hr	false		netlify/functions/routes/hrEmployeeImport.ts	75	
applyMapping	function	hr	false		netlify/functions/routes/hrEmployeeImport.ts	78	
deriveUsername	function	hr	false		netlify/functions/routes/hrEmployeeImport.ts	87	
LookupCtx	interface	hr	false		netlify/functions/routes/hrEmployeeImport.ts	94	
RowVerdict	interface	hr	false		netlify/functions/routes/hrEmployeeImport.ts	102	
validateRow	function	hr	false		netlify/functions/routes/hrEmployeeImport.ts	111	
loadLookups	function	hr	false		netlify/functions/routes/hrEmployeeImport.ts	185	
loadBatch	function	hr	false		netlify/functions/routes/hrEmployeeImport.ts	208	
toProvisionInput	function	hr	false		netlify/functions/routes/hrEmployeeImport.ts	366	
updateFromImport	function	hr	false		netlify/functions/routes/hrEmployeeImport.ts	396	
router	variable	hr	false		netlify/functions/routes/hrLeave.ts	15	
body	function	hr	false		netlify/functions/routes/hrLeave.ts	17	
mutate	function	hr	false		netlify/functions/routes/hrLeave.ts	23	
router	variable	hr	false		netlify/functions/routes/hrOffboarding.ts	19	
body	function	hr	false		netlify/functions/routes/hrOffboarding.ts	20	
fail	function	hr	false		netlify/functions/routes/hrOffboarding.ts	21	
REASONS	variable	hr	false		netlify/functions/routes/hrOffboarding.ts	25	
router	variable	hr	false		netlify/functions/routes/hrOnboarding.ts	31	
body	function	hr	false		netlify/functions/routes/hrOnboarding.ts	32	
StrArr	variable	hr	false		netlify/functions/routes/hrOnboarding.ts	198	
DueEnum	variable	hr	false		netlify/functions/routes/hrOnboarding.ts	199	
DashSchema	variable	hr	false		netlify/functions/routes/hrOnboarding.ts	201	
CaseListSchema	variable	hr	false		netlify/functions/routes/hrOnboarding.ts	202	
TaskListSchema	variable	hr	false		netlify/functions/routes/hrOnboarding.ts	213	
HandoffListSchema	variable	hr	false		netlify/functions/routes/hrOnboarding.ts	217	
BlockerListSchema	variable	hr	false		netlify/functions/routes/hrOnboarding.ts	218	
mutate	function	hr	false		netlify/functions/routes/hrOnboarding.ts	269	
Sev	variable	hr	false		netlify/functions/routes/hrOnboarding.ts	273	
TASK_EVIDENCE_BUCKET	variable	hr	false		netlify/functions/routes/hrOnboarding.ts	285	
requireTaskActor	function	hr	false		netlify/functions/routes/hrOnboarding.ts	286	
HandoffAction	variable	hr	false		netlify/functions/routes/hrOnboarding.ts	431	
CommType	variable	hr	false		netlify/functions/routes/hrOnboarding.ts	458	
ReportKey	variable	hr	false		netlify/functions/routes/hrOnboarding.ts	485	
RunReportSchema	variable	hr	false		netlify/functions/routes/hrOnboarding.ts	486	
ActionType	variable	hr	false		netlify/functions/routes/hrOnboarding.ts	521	
OwnerType	variable	hr	false		netlify/functions/routes/hrOnboarding.ts	522	
Priority	variable	hr	false		netlify/functions/routes/hrOnboarding.ts	523	
nstr	variable	hr	false		netlify/functions/routes/hrOnboarding.ts	524	
nuuid	variable	hr	false		netlify/functions/routes/hrOnboarding.ts	525	
router	variable	hr	false		netlify/functions/routes/hrOvertime.ts	21	
b	function	hr	false		netlify/functions/routes/hrOvertime.ts	24	
router	variable	hr	false		netlify/functions/routes/hrRequests.ts	16	
body	function	hr	false		netlify/functions/routes/hrRequests.ts	18	
fail	function	hr	false		netlify/functions/routes/hrRequests.ts	21	
VALID_TYPE_KEYS	variable	hr	false		netlify/functions/routes/hrRequests.ts	26	
PRIORITIES	variable	hr	false		netlify/functions/routes/hrRequests.ts	27	
DECISIONS	variable	hr	false		netlify/functions/routes/hrRequests.ts	28	
router	variable	hr	false		netlify/functions/routes/hrRoster.ts	32	
HCtx	type	hr	false		netlify/functions/routes/hrRoster.ts	34	
body	function	hr	false		netlify/functions/routes/hrRoster.ts	35	
routeErr	function	hr	false		netlify/functions/routes/hrRoster.ts	36	
router	variable	platform	false		netlify/functions/routes/hrStatutoryProfile.ts	20	
b	function	platform	false		netlify/functions/routes/hrStatutoryProfile.ts	23	
router	variable	platform	false		netlify/functions/routes/hseCapa.ts	22	
ListCapaSchema	variable	platform	false		netlify/functions/routes/hseCapa.ts	26	
CreateCapaSchema	variable	platform	false		netlify/functions/routes/hseCapa.ts	86	
UpdateCapaSchema	variable	platform	false		netlify/functions/routes/hseCapa.ts	246	
router	variable	hse	false		netlify/functions/routes/hseIncidents.ts	22	
oshDeadlines	function	hse	false		netlify/functions/routes/hseIncidents.ts	29	
ListSchema	variable	hse	false		netlify/functions/routes/hseIncidents.ts	44	
PersonSchema	variable	hse	false		netlify/functions/routes/hseIncidents.ts	113	
OSH_CLASSES	variable	hse	false		netlify/functions/routes/hseIncidents.ts	121	
CreateSchema	variable	hse	false		netlify/functions/routes/hseIncidents.ts	126	
UpdateSchema	variable	hse	false		netlify/functions/routes/hseIncidents.ts	250	
router	variable	hse	false		netlify/functions/routes/hseInspections.ts	56	
EVIDENCE_BUCKET	variable	hse	false		netlify/functions/routes/hseInspections.ts	59	
signEvidence	function	hse	false		netlify/functions/routes/hseInspections.ts	62	
INSPECTION_TRANSITIONS	object	hse	false		netlify/functions/routes/hseInspections.ts	71	
canInspectionTransition	function	hse	false		netlify/functions/routes/hseInspections.ts	84	
FINDING_TRANSITIONS	object	hse	false		netlify/functions/routes/hseInspections.ts	88	
canFindingTransition	function	hse	false		netlify/functions/routes/hseInspections.ts	99	
AuditEntity	type	hse	false		netlify/functions/routes/hseInspections.ts	105	
writeAudit	function	hse	false		netlify/functions/routes/hseInspections.ts	110	
InspectionListSchema	variable	hse	false		netlify/functions/routes/hseInspections.ts	124	
INSPECTION_COLS	variable	hse	false		netlify/functions/routes/hseInspections.ts	135	
GetInspectionSchema	variable	hse	false		netlify/functions/routes/hseInspections.ts	171	
InspectionCreateSchema	variable	hse	false		netlify/functions/routes/hseInspections.ts	216	
InspectionUpdateSchema	variable	hse	false		netlify/functions/routes/hseInspections.ts	322	
TransitionSchema	variable	hse	false		netlify/functions/routes/hseInspections.ts	358	
applyInspectionTransition	function	hse	false		netlify/functions/routes/hseInspections.ts	363	
RescheduleSchema	variable	hse	false		netlify/functions/routes/hseInspections.ts	440	
requiredItemsAnswered	function	hse	false		netlify/functions/routes/hseInspections.ts	475	
ResponseSaveSchema	variable	hse	false		netlify/functions/routes/hseInspections.ts	494	
createFindingRecord	function	hse	false		netlify/functions/routes/hseInspections.ts	550	
CreateFindingSchema	variable	hse	false		netlify/functions/routes/hseInspections.ts	610	
FindingListSchema	variable	hse	false		netlify/functions/routes/hseInspections.ts	635	
AssignActionSchema	variable	hse	false		netlify/functions/routes/hseInspections.ts	691	
ActionUpdateSchema	variable	hse	false		netlify/functions/routes/hseInspections.ts	727	
applyFindingTransition	function	hse	false		netlify/functions/routes/hseInspections.ts	747	
FindingTransitionSchema	variable	hse	false		netlify/functions/routes/hseInspections.ts	776	
EvidenceSchema	variable	hse	false		netlify/functions/routes/hseInspections.ts	822	
TemplateItemSchema	variable	hse	false		netlify/functions/routes/hseInspections.ts	900	
TemplateCreateSchema	variable	hse	false		netlify/functions/routes/hseInspections.ts	911	
computeStats	function	hse	false		netlify/functions/routes/hseInspections.ts	994	
router	variable	hse	false		netlify/functions/routes/hseInvestigations.ts	21	
CreateInvSchema	variable	hse	false		netlify/functions/routes/hseInvestigations.ts	73	
UpdateInvSchema	variable	hse	false		netlify/functions/routes/hseInvestigations.ts	152	
AddEvidenceSchema	variable	hse	false		netlify/functions/routes/hseInvestigations.ts	197	
AddRootCauseSchema	variable	hse	false		netlify/functions/routes/hseInvestigations.ts	233	
router	variable	platform	false		netlify/functions/routes/hsePtw.ts	50	
PERMIT_TRANSITIONS	object	platform	false		netlify/functions/routes/hsePtw.ts	55	
canTransition	function	platform	false		netlify/functions/routes/hsePtw.ts	73	
PermitTypeConfig	interface	platform	false		netlify/functions/routes/hsePtw.ts	79	
PermitRow	interface	platform	false		netlify/functions/routes/hsePtw.ts	98	
canActivatePermit	function	platform	false		netlify/functions/routes/hsePtw.ts	112	
applyPermitTransition	function	platform	false		netlify/functions/routes/hsePtw.ts	194	
PermitListSchema	variable	platform	false		netlify/functions/routes/hsePtw.ts	354	
PermitControlSchema	variable	platform	false		netlify/functions/routes/hsePtw.ts	404	
PermitHazardSchema	variable	platform	false		netlify/functions/routes/hsePtw.ts	411	
PermitIsolationSchema	variable	platform	false		netlify/functions/routes/hsePtw.ts	420	
PermitCreateSchema	variable	platform	false		netlify/functions/routes/hsePtw.ts	426	
PermitUpdateSchema	variable	platform	false		netlify/functions/routes/hsePtw.ts	757	
TransitionSchema	variable	platform	false		netlify/functions/routes/hsePtw.ts	882	
ExtensionRequestSchema	variable	platform	false		netlify/functions/routes/hsePtw.ts	994	
PermitMeta	interface	platform	false		netlify/functions/routes/hsePtw.ts	1267	
getPermitMeta	function	platform	false		netlify/functions/routes/hsePtw.ts	1278	
IsolationListSchema	variable	platform	false		netlify/functions/routes/hsePtw.ts	1290	
IsolationCreateSchema	variable	platform	false		netlify/functions/routes/hsePtw.ts	1312	
IsolationIdSchema	variable	platform	false		netlify/functions/routes/hsePtw.ts	1376	
IsolationRejectSchema	variable	platform	false		netlify/functions/routes/hsePtw.ts	1487	
SimopsListSchema	variable	platform	false		netlify/functions/routes/hsePtw.ts	1610	
SimopsCheckSchema	variable	platform	false		netlify/functions/routes/hsePtw.ts	1632	
SimopsConflictActionSchema	variable	platform	false		netlify/functions/routes/hsePtw.ts	1772	
ApprovalListSchema	variable	platform	false		netlify/functions/routes/hsePtw.ts	1890	
ApprovalDecideSchema	variable	platform	false		netlify/functions/routes/hsePtw.ts	1912	
TemplateListSchema	variable	platform	false		netlify/functions/routes/hsePtw.ts	2102	
TemplateCreateSchema	variable	platform	false		netlify/functions/routes/hsePtw.ts	2127	
TemplateUpdateSchema	variable	platform	false		netlify/functions/routes/hsePtw.ts	2189	
TemplateDuplicateSchema	variable	platform	false		netlify/functions/routes/hsePtw.ts	2254	
TemplateDeactivateSchema	variable	platform	false		netlify/functions/routes/hsePtw.ts	2328	
ATTACH_BUCKET	variable	hse	false		netlify/functions/routes/hseRiskJsa.ts	53	
router	variable	hse	false		netlify/functions/routes/hseRiskJsa.ts	55	
RiskJsaEntity	type	hse	false		netlify/functions/routes/hseRiskJsa.ts	63	
RISK_JSA_SUBMIT	variable	hse	false		netlify/functions/routes/hseRiskJsa.ts	64	
submitRiskJsaRecord	function	hse	false		netlify/functions/routes/hseRiskJsa.ts	79	
riskLevel	function	hse	false		netlify/functions/routes/hseRiskJsa.ts	124	
HazardListSchema	variable	hse	false		netlify/functions/routes/hseRiskJsa.ts	217	
HazardCreateSchema	variable	hse	false		netlify/functions/routes/hseRiskJsa.ts	253	
applyVersionedUpdate	function	hse	false		netlify/functions/routes/hseRiskJsa.ts	499	
HazardUpdateSchema	variable	hse	false		netlify/functions/routes/hseRiskJsa.ts	579	
RaListSchema	variable	hse	false		netlify/functions/routes/hseRiskJsa.ts	633	
RaCreateSchema	variable	hse	false		netlify/functions/routes/hseRiskJsa.ts	663	
AssessmentSubmitSchema	variable	hse	false		netlify/functions/routes/hseRiskJsa.ts	826	
JsaListSchema	variable	hse	false		netlify/functions/routes/hseRiskJsa.ts	844	
JsaCreateSchema	variable	hse	false		netlify/functions/routes/hseRiskJsa.ts	887	
JsaSubmitSchema	variable	hse	false		netlify/functions/routes/hseRiskJsa.ts	1235	
ControlCreateSchema	variable	hse	false		netlify/functions/routes/hseRiskJsa.ts	1253	
TABLE_MAP	variable	hse	false		netlify/functions/routes/hseRiskJsa.ts	1310	
STATUS_TRANSITIONS	object	hse	false		netlify/functions/routes/hseRiskJsa.ts	1316	
canTransition	function	hse	false		netlify/functions/routes/hseRiskJsa.ts	1335	
ActionSchema	variable	hse	false		netlify/functions/routes/hseRiskJsa.ts	1339	
jsaActivationGate	function	hse	false		netlify/functions/routes/hseRiskJsa.ts	1353	
applyTransition	function	hse	false		netlify/functions/routes/hseRiskJsa.ts	1375	
APPROVAL_DECISION	object	hse	false		netlify/functions/routes/hseRiskJsa.ts	1438	
APPROVAL_ACTION	object	hse	false		netlify/functions/routes/hseRiskJsa.ts	1442	
decideRecordViaWorkflow	function	hse	false		netlify/functions/routes/hseRiskJsa.ts	1446	
path	variable	hse	false		netlify/functions/routes/hseRiskJsa.ts	1495	
LIFECYCLE	array	hse	false		netlify/functions/routes/hseRiskJsa.ts	1510	
L	variable	hse	false		netlify/functions/routes/hseRiskJsa.ts	1516	
AckSchema	variable	hse	false		netlify/functions/routes/hseRiskJsa.ts	1540	
ReviewSchema	variable	hse	false		netlify/functions/routes/hseRiskJsa.ts	1575	
QueueSchema	variable	hse	false		netlify/functions/routes/hseRiskJsa.ts	1611	
Row	type	hse	false		netlify/functions/routes/hseRiskJsa.ts	1633	
tag	function	hse	false		netlify/functions/routes/hseRiskJsa.ts	1634	
HazardLibrarySchema	variable	hse	false		netlify/functions/routes/hseRiskJsa.ts	1647	
HazardLibraryCreateSchema	variable	hse	false		netlify/functions/routes/hseRiskJsa.ts	1672	
ControlLibrarySchema	variable	hse	false		netlify/functions/routes/hseRiskJsa.ts	1710	
AttachEntity	variable	hse	false		netlify/functions/routes/hseRiskJsa.ts	1734	
HazardSubmitSchema	variable	hse	false		netlify/functions/routes/hseRiskJsa.ts	1823	
ControlVerifySchema	variable	hse	false		netlify/functions/routes/hseRiskJsa.ts	1842	
TemplateDuplicateSchema	variable	hse	false		netlify/functions/routes/hseRiskJsa.ts	1900	
router	variable	platform	false		netlify/functions/routes/hseTraining.ts	30	
EVIDENCE_BUCKET	variable	platform	false		netlify/functions/routes/hseTraining.ts	31	
TAuditEntity	type	platform	false		netlify/functions/routes/hseTraining.ts	34	
writeAudit	function	platform	false		netlify/functions/routes/hseTraining.ts	35	
signEvidence	function	platform	false		netlify/functions/routes/hseTraining.ts	42	
CERT_TRANSITIONS	object	platform	false		netlify/functions/routes/hseTraining.ts	47	
isValidCert	function	platform	false		netlify/functions/routes/hseTraining.ts	59	
WorkerRow	interface	platform	false		netlify/functions/routes/hseTraining.ts	69	
ReqRow	interface	platform	false		netlify/functions/routes/hseTraining.ts	70	
CompRow	interface	platform	false		netlify/functions/routes/hseTraining.ts	71	
CertRow	interface	platform	false		netlify/functions/routes/hseTraining.ts	72	
REQUIRED_LEVELS	variable	platform	false		netlify/functions/routes/hseTraining.ts	74	
reqAppliesTo	function	platform	false		netlify/functions/routes/hseTraining.ts	77	
CellStatus	type	platform	false		netlify/functions/routes/hseTraining.ts	83	
buildMatrix	function	platform	false		netlify/functions/routes/hseTraining.ts	85	
cellFor	function	platform	false		netlify/functions/routes/hseTraining.ts	110	buildMatrix
computeStats	function	platform	false		netlify/functions/routes/hseTraining.ts	168	
CompetencyCreateSchema	variable	platform	false		netlify/functions/routes/hseTraining.ts	214	
RequirementCreateSchema	variable	platform	false		netlify/functions/routes/hseTraining.ts	284	
CERT_COLS	variable	platform	false		netlify/functions/routes/hseTraining.ts	319	
CertCreateSchema	variable	platform	false		netlify/functions/routes/hseTraining.ts	348	
RenewSchema	variable	platform	false		netlify/functions/routes/hseTraining.ts	397	
certTransition	function	platform	false		netlify/functions/routes/hseTraining.ts	420	
AssignCreateSchema	variable	platform	false		netlify/functions/routes/hseTraining.ts	499	
router	variable	communications	false		netlify/functions/routes/notifications.ts	8	
Notif	interface	communications	false		netlify/functions/routes/notifications.ts	10	
fmt	function	communications	false		netlify/functions/routes/notifications.ts	115	
router	variable	platform	false		netlify/functions/routes/notify.ts	25	
UpdatePrefSchema	variable	platform	false		netlify/functions/routes/notify.ts	29	
MarkReadSchema	variable	platform	false		netlify/functions/routes/notify.ts	39	
SendNotifSchema	variable	platform	false		netlify/functions/routes/notify.ts	43	
GetNotifSchema	variable	platform	false		netlify/functions/routes/notify.ts	51	
router	variable	workflow	false		netlify/functions/routes/orchestration.ts	16	
TimelineSchema	variable	workflow	false		netlify/functions/routes/orchestration.ts	18	
recordRefSchema	variable	workflow	false		netlify/functions/routes/orchestration.ts	29	
LinkCreateSchema	variable	workflow	false		netlify/functions/routes/orchestration.ts	38	
LinkListSchema	variable	workflow	false		netlify/functions/routes/orchestration.ts	48	
LinkDeleteSchema	variable	workflow	false		netlify/functions/routes/orchestration.ts	49	
handle	function	workflow	false		netlify/functions/routes/orchestration.ts	52	
router	variable	security	false		netlify/functions/routes/permissionApprovals.ts	37	
ListSchema	variable	security	false		netlify/functions/routes/permissionApprovals.ts	41	
ApproveSchema	variable	security	false		netlify/functions/routes/permissionApprovals.ts	45	
RejectSchema	variable	security	false		netlify/functions/routes/permissionApprovals.ts	49	
CancelSchema	variable	security	false		netlify/functions/routes/permissionApprovals.ts	54	
ApprovalRow	interface	security	false		netlify/functions/routes/permissionApprovals.ts	60	
requireApprovalScope	function	security	false		netlify/functions/routes/permissionApprovals.ts	81	
approvalPermissionKey	function	security	false		netlify/functions/routes/permissionApprovals.ts	94	
enforceApprovalTarget	function	security	false		netlify/functions/routes/permissionApprovals.ts	109	
router	variable	settings	false		netlify/functions/routes/settings.ts	12	
ALLOWED_AVATAR_MIME	variable	settings	false		netlify/functions/routes/settings.ts	83	
ProfilePhotoCommitSchema	variable	settings	false		netlify/functions/routes/settings.ts	119	
ENHANCE_PROMPT_FALLBACK	variable	settings	false		netlify/functions/routes/settings.ts	226	
router	variable	settings	false		netlify/functions/routes/settingsCatalog.ts	22	
ScopeUser	interface	settings	false		netlify/functions/routes/settingsCatalog.ts	24	
scopeOf	function	settings	false		netlify/functions/routes/settingsCatalog.ts	25	
isSuper	function	settings	false		netlify/functions/routes/settingsCatalog.ts	29	
body	function	settings	false		netlify/functions/routes/settingsCatalog.ts	30	
guarded	function	settings	false		netlify/functions/routes/settingsCatalog.ts	33	
canViewModule	function	settings	false		netlify/functions/routes/settingsCatalog.ts	43	
canManage	function	settings	false		netlify/functions/routes/settingsCatalog.ts	79	
canManage	function	settings	false		netlify/functions/routes/settingsCatalog.ts	141	
SCOPE_TYPES	variable	settings	false		netlify/functions/routes/settingsCatalog.ts	178	
REVIEWER_ROLES	variable	settings	false		netlify/functions/routes/settingsCatalog.ts	281	
REVIEW_COL	object	settings	false		netlify/functions/routes/settingsCatalog.ts	282	
setManifestStatus	function	settings	false		netlify/functions/routes/settingsCatalog.ts	312	
router	variable	platform	false		netlify/functions/routes/sites.ts	8	
SiteRow	interface	platform	false		netlify/functions/routes/sites.ts	10	
AssignmentRow	interface	platform	false		netlify/functions/routes/sites.ts	16	
PickerUser	interface	platform	false		netlify/functions/routes/sites.ts	24	
_listProjectSites	function	platform	false		netlify/functions/routes/sites.ts	29	
router	variable	platform	false		netlify/functions/routes/superadmin.ts	28	
PERMISSION_KEY_SET	variable	platform	false		netlify/functions/routes/superadmin.ts	34	
listComplianceGrantApprovers	function	platform	false		netlify/functions/routes/superadmin.ts	42	
requestCriticalGrant	function	platform	false		netlify/functions/routes/superadmin.ts	67	
GetUserPermsSchema	variable	platform	false		netlify/functions/routes/superadmin.ts	202	
SetUserPermSchema	variable	platform	false		netlify/functions/routes/superadmin.ts	203	
ClearUserPermSchema	variable	platform	false		netlify/functions/routes/superadmin.ts	211	
RevokeSessionSchema	variable	platform	false		netlify/functions/routes/superadmin.ts	423	
GetAuditLogsSchema	variable	platform	false		netlify/functions/routes/superadmin.ts	502	
RoleNameSchema	variable	platform	false		netlify/functions/routes/superadmin.ts	587	
RoleCategorySchema	variable	platform	false		netlify/functions/routes/superadmin.ts	590	
CreateRoleSchema	variable	platform	false		netlify/functions/routes/superadmin.ts	591	
UpdateRoleSchema	variable	platform	false		netlify/functions/routes/superadmin.ts	597	
GetRolePermsSchema	variable	platform	false		netlify/functions/routes/superadmin.ts	604	
SetRolePermSchema	variable	platform	false		netlify/functions/routes/superadmin.ts	605	
DeleteRoleSchema	variable	platform	false		netlify/functions/routes/superadmin.ts	611	
slugify	function	platform	false		netlify/functions/routes/superadmin.ts	731	
CreateCategorySchema	variable	platform	false		netlify/functions/routes/superadmin.ts	732	
UpdateCategorySchema	variable	platform	false		netlify/functions/routes/superadmin.ts	733	
DeleteCategorySchema	variable	platform	false		netlify/functions/routes/superadmin.ts	734	
router	variable	communications	false		netlify/functions/routes/tickets.ts	8	
_genTicketNumber	function	communications	false		netlify/functions/routes/tickets.ts	10	
router	variable	security	false		netlify/functions/routes/trustedDevices.ts	25	
RevokeSchema	variable	security	false		netlify/functions/routes/trustedDevices.ts	29	
Ctx	type	widgets	false		netlify/functions/routes/uiPrefs.ts	22	
router	variable	widgets	false		netlify/functions/routes/uiPrefs.ts	24	
getArgs	function	widgets	false		netlify/functions/routes/uiPrefs.ts	26	
cleanTokens	function	widgets	false		netlify/functions/routes/uiPrefs.ts	30	
cleanOrder	function	widgets	false		netlify/functions/routes/uiPrefs.ts	41	
clampInt	function	widgets	false		netlify/functions/routes/uiPrefs.ts	132	
capStr	function	widgets	false		netlify/functions/routes/uiPrefs.ts	134	
safeConfig	function	widgets	false		netlify/functions/routes/uiPrefs.ts	136	
cleanInstanceLayout	function	widgets	false		netlify/functions/routes/uiPrefs.ts	142	
router	variable	security	false		netlify/functions/routes/webauthn.ts	46	
RegisterVerifySchema	variable	security	false		netlify/functions/routes/webauthn.ts	50	
CredentialIdSchema	variable	security	false		netlify/functions/routes/webauthn.ts	63	
RenameSchema	variable	security	false		netlify/functions/routes/webauthn.ts	67	
AuthOptionsSchema	variable	security	false		netlify/functions/routes/webauthn.ts	72	
AuthVerifySchema	variable	security	false		netlify/functions/routes/webauthn.ts	76	
PreauthRegOptionsSchema	variable	security	false		netlify/functions/routes/webauthn.ts	139	
PreauthRegVerifySchema	variable	security	false		netlify/functions/routes/webauthn.ts	140	
loadChallengeUser	function	security	false		netlify/functions/routes/webauthn.ts	153	
Ctx	type	widgets	false		netlify/functions/routes/widgetPackages.ts	21	
router	variable	widgets	false		netlify/functions/routes/widgetPackages.ts	22	
getArgs	function	widgets	false		netlify/functions/routes/widgetPackages.ts	24	
VIEW_KINDS	variable	widgets	false		netlify/functions/routes/widgetPackages.ts	28	
SIZE_KEYS	variable	widgets	false		netlify/functions/routes/widgetPackages.ts	29	
str	function	widgets	false		netlify/functions/routes/widgetPackages.ts	30	
cleanView	function	widgets	false		netlify/functions/routes/widgetPackages.ts	35	
cleanWidgets	function	widgets	false	ui-tile	netlify/functions/routes/widgetPackages.ts	46	
widgetIds	function	widgets	false	ui-tile	netlify/functions/routes/widgetPackages.ts	72	
router	variable	workflow	false		netlify/functions/routes/workflowEngine.ts	22	
body	function	workflow	false		netlify/functions/routes/workflowEngine.ts	23	
actorOf	function	workflow	false		netlify/functions/routes/workflowEngine.ts	24	
router	variable	workflow	false		netlify/functions/routes/workflows.ts	28	
CreateWorkflowSchema	variable	workflow	false		netlify/functions/routes/workflows.ts	34	
ListWorkflowsSchema	variable	workflow	false		netlify/functions/routes/workflows.ts	79	
DecisionSchema	variable	workflow	false		netlify/functions/routes/workflows.ts	161	
ScheduleEvent	interface	workflow	false		netlify/functions/workflow-outbox-worker.ts	22	
handler	variable	workflow	true		netlify/functions/workflow-outbox-worker.ts	24	
getDocs	function	platform	false		scripts/add-jsdoc-refs.mjs	14	
raw	variable	platform	false		scripts/add-jsdoc-refs.mjs	27	
files	variable	platform	false		scripts/add-jsdoc-refs.mjs	32	
updated	variable	platform	false		scripts/add-jsdoc-refs.mjs	33	
file	variable	platform	false		scripts/add-jsdoc-refs.mjs	35	
REQ	array	finance	false		scripts/apply-finance-statutory-owner-seed.mjs	11	
loadEnv	function	finance	false		scripts/apply-finance-statutory-owner-seed.mjs	12	
env	variable	finance	false		scripts/apply-finance-statutory-owner-seed.mjs	22	
sb	variable	finance	false		scripts/apply-finance-statutory-owner-seed.mjs	23	
FINMGR	object	finance	false		scripts/apply-finance-statutory-owner-seed.mjs	25	
main	function	finance	false		scripts/apply-finance-statutory-owner-seed.mjs	32	
REQUIRED_ENV	array	hr	false		scripts/apply-onboarding-seed.mjs	17	
loadEnv	function	hr	false		scripts/apply-onboarding-seed.mjs	18	
env	variable	hr	false		scripts/apply-onboarding-seed.mjs	29	
sb	variable	hr	false		scripts/apply-onboarding-seed.mjs	30	
daysFromNow	function	hr	false		scripts/apply-onboarding-seed.mjs	32	
hoursFromNow	function	hr	false		scripts/apply-onboarding-seed.mjs	33	
daysFromNowIso	function	hr	false		scripts/apply-onboarding-seed.mjs	34	
upsert	function	hr	false		scripts/apply-onboarding-seed.mjs	36	
emp	function	hr	false		scripts/apply-onboarding-seed.mjs	55	
owner	function	hr	false		scripts/apply-onboarding-seed.mjs	56	
startedBy	variable	hr	false		scripts/apply-onboarding-seed.mjs	57	
CASES	array	hr	false		scripts/apply-onboarding-seed.mjs	62	
C	function	hr	false		scripts/apply-onboarding-seed.mjs	76	
T	function	hr	false		scripts/apply-onboarding-seed.mjs	77	
TASKS	array	hr	false		scripts/apply-onboarding-seed.mjs	78	
H	function	hr	false		scripts/apply-onboarding-seed.mjs	114	
REQUIRED_ENV	array	platform	false		scripts/apply-ttd-nis-history-seed.mjs	37	
loadEnv	function	platform	false		scripts/apply-ttd-nis-history-seed.mjs	38	
env	variable	platform	false		scripts/apply-ttd-nis-history-seed.mjs	49	
sb	variable	platform	false		scripts/apply-ttd-nis-history-seed.mjs	50	
seed	variable	platform	false		scripts/apply-ttd-nis-history-seed.mjs	52	
PAYE_BY_DATE	object	platform	false		scripts/apply-ttd-nis-history-seed.mjs	56	
HS	object	platform	false		scripts/apply-ttd-nis-history-seed.mjs	66	
ACTIVE_DATE	variable	platform	false		scripts/apply-ttd-nis-history-seed.mjs	67	
roman	function	platform	false		scripts/apply-ttd-nis-history-seed.mjs	69	
ceilingOf	function	platform	false		scripts/apply-ttd-nis-history-seed.mjs	70	
versionRow	function	platform	false		scripts/apply-ttd-nis-history-seed.mjs	72	
classRows	function	platform	false		scripts/apply-ttd-nis-history-seed.mjs	96	
main	function	platform	false		scripts/apply-ttd-nis-history-seed.mjs	109	
sqlLit	function	platform	false		scripts/apply-ttd-nis-history-seed.mjs	167	
emitSql	function	platform	false		scripts/apply-ttd-nis-history-seed.mjs	168	
args	variable	widgets	false		scripts/build-widget-package.mjs	13	
flags	variable	widgets	false		scripts/build-widget-package.mjs	14	
srcPath	variable	widgets	false		scripts/build-widget-package.mjs	15	
outName	variable	widgets	false		scripts/build-widget-package.mjs	16	
outDir	variable	widgets	false		scripts/build-widget-package.mjs	17	
MIN	variable	widgets	false		scripts/build-widget-package.mjs	18	
ext	variable	widgets	false		scripts/build-widget-package.mjs	19	
min	function	widgets	false		scripts/build-widget-package.mjs	22	
src	variable	widgets	false		scripts/build-widget-package.mjs	30	
css	variable	widgets	false		scripts/build-widget-package.mjs	31	
sections	variable	widgets	false		scripts/build-widget-package.mjs	32	
outside	variable	widgets	false		scripts/build-widget-package.mjs	36	
s	variable	widgets	false		scripts/build-widget-package.mjs	36	
js	variable	widgets	false		scripts/build-widget-package.mjs	37	
pkgName	variable	widgets	false		scripts/build-widget-package.mjs	40	
pkgVer	variable	widgets	false		scripts/build-widget-package.mjs	41	
attr	function	widgets	false		scripts/build-widget-package.mjs	42	
files	object	widgets	false		scripts/build-widget-package.mjs	44	
widgets	variable	widgets	false	ui-tile	scripts/build-widget-package.mjs	46	
manifest	object	widgets	false		scripts/build-widget-package.mjs	68	
archive	variable	widgets	false		scripts/build-widget-package.mjs	74	
__dirname	variable	platform	false		scripts/check-role-perms-schema.mjs	7	
sb	variable	platform	false		scripts/check-role-perms-schema.mjs	10	
__dirname	variable	platform	false		scripts/check-wave2b-migrations.mjs	9	
url	variable	platform	false		scripts/check-wave2b-migrations.mjs	12	
key	variable	platform	false		scripts/check-wave2b-migrations.mjs	13	
sb	variable	platform	false		scripts/check-wave2b-migrations.mjs	20	
check	function	platform	false		scripts/check-wave2b-migrations.mjs	22	
results	variable	platform	false		scripts/check-wave2b-migrations.mjs	39	
allOk	variable	platform	false		scripts/check-wave2b-migrations.mjs	69	
__dirname	variable	platform	false		scripts/check-wave4b-migrations.mjs	9	
url	variable	platform	false		scripts/check-wave4b-migrations.mjs	12	
key	variable	platform	false		scripts/check-wave4b-migrations.mjs	13	
sb	variable	platform	false		scripts/check-wave4b-migrations.mjs	19	
check	function	platform	false		scripts/check-wave4b-migrations.mjs	21	
results	array	platform	false		scripts/check-wave4b-migrations.mjs	38	
allOk	variable	platform	false		scripts/check-wave4b-migrations.mjs	55	
env	function	testing	false		scripts/e2e/audit-migrations.mjs	22	
sb	variable	testing	false		scripts/e2e/audit-migrations.mjs	29	
CONSTRAINT_KW	variable	testing	false		scripts/e2e/audit-migrations.mjs	31	
stripComments	function	testing	false		scripts/e2e/audit-migrations.mjs	33	
splitTopLevel	function	testing	false		scripts/e2e/audit-migrations.mjs	39	
parse	function	testing	false		scripts/e2e/audit-migrations.mjs	55	
add	function	testing	false		scripts/e2e/audit-migrations.mjs	59	parse
_tableCache	variable	testing	false		scripts/e2e/audit-migrations.mjs	86	
probeTable	function	testing	false		scripts/e2e/audit-migrations.mjs	88	
main	function	testing	false		scripts/e2e/audit-migrations.mjs	113	
here	variable	testing	false		scripts/e2e/coverage-gate.mjs	22	
repoRoot	variable	testing	false		scripts/e2e/coverage-gate.mjs	23	
suitesDir	variable	testing	false		scripts/e2e/coverage-gate.mjs	24	
waiversPath	variable	testing	false		scripts/e2e/coverage-gate.mjs	25	
routeIndexPath	variable	testing	false		scripts/e2e/coverage-gate.mjs	26	
error	variable	testing	false		scripts/e2e/coverage-gate.mjs	38	
routePathIndex	variable	testing	false		scripts/e2e/coverage-gate.mjs	51	
routeFileIndex	variable	testing	false		scripts/e2e/coverage-gate.mjs	52	
routes	variable	testing	false		scripts/e2e/coverage-gate.mjs	54	
unresolvedRoutes	variable	testing	false		scripts/e2e/coverage-gate.mjs	57	
called	variable	testing	false		scripts/e2e/coverage-gate.mjs	65	
f	variable	testing	false		scripts/e2e/coverage-gate.mjs	66	
prefixCalls	variable	testing	false		scripts/e2e/coverage-gate.mjs	73	
isCovered	function	testing	false		scripts/e2e/coverage-gate.mjs	75	
wf	variable	testing	false		scripts/e2e/coverage-gate.mjs	85	
flatWaived	variable	testing	false		scripts/e2e/coverage-gate.mjs	86	
deferred	variable	testing	false		scripts/e2e/coverage-gate.mjs	87	
deferredSet	variable	testing	false		scripts/e2e/coverage-gate.mjs	88	
isWaived	function	testing	false		scripts/e2e/coverage-gate.mjs	89	
uniq	variable	testing	false		scripts/e2e/coverage-gate.mjs	91	
covered	variable	testing	false		scripts/e2e/coverage-gate.mjs	92	
gaps	variable	testing	false		scripts/e2e/coverage-gate.mjs	93	
newGaps	variable	testing	false		scripts/e2e/coverage-gate.mjs	94	
realDebt	variable	testing	false		scripts/e2e/coverage-gate.mjs	95	
deferredGaps	variable	testing	false		scripts/e2e/coverage-gate.mjs	96	
staleWaivers	variable	testing	false		scripts/e2e/coverage-gate.mjs	97	
mode	variable	testing	false		scripts/e2e/coverage-gate.mjs	99	
REQUIRED_ENV	array	testing	false		scripts/e2e/harness.mjs	25	
OPTIONAL_ENV	array	testing	false		scripts/e2e/harness.mjs	28	
loadEnv	function	testing	false		scripts/e2e/harness.mjs	31	
Harness	class	testing	true		scripts/e2e/harness.mjs	46	
isServerUp	method	testing	false		scripts/e2e/harness.mjs	155	Harness
ping	method	testing	false		scripts/e2e/harness.mjs	165	Harness
pickUsers	method	testing	false		scripts/e2e/harness.mjs	179	Harness
runCleanup	method	testing	false		scripts/e2e/harness.mjs	384	Harness
report	method	testing	false		scripts/e2e/harness.mjs	392	Harness
addDays	function	payroll	false		scripts/e2e/helpers/payrollRun.mjs	1	
endOfMonth	function	payroll	false		scripts/e2e/helpers/payrollRun.mjs	8	
payrollPeriodEnd	function	payroll	true		scripts/e2e/helpers/payrollRun.mjs	16	
monthStart	function	payroll	false		scripts/e2e/helpers/payrollRun.mjs	26	
payrollContributionWeeks	function	payroll	true		scripts/e2e/helpers/payrollRun.mjs	30	
nisContributionPeriods	function	payroll	true		scripts/e2e/helpers/payrollRun.mjs	61	
payrollRunCommand	function	payroll	true		scripts/e2e/helpers/payrollRun.mjs	82	
payrollCalculationCommand	function	payroll	true		scripts/e2e/helpers/payrollRun.mjs	102	
payrollLockCommand	function	payroll	true		scripts/e2e/helpers/payrollRun.mjs	108	
payrollCertificationCommand	function	payroll	true		scripts/e2e/helpers/payrollRun.mjs	114	
payrollFundingCommand	function	payroll	true		scripts/e2e/helpers/payrollRun.mjs	134	
payrollReleaseCommand	function	payroll	true		scripts/e2e/helpers/payrollRun.mjs	162	
payrollExportCommand	function	payroll	true		scripts/e2e/helpers/payrollRun.mjs	170	
payrollReopenCommand	function	payroll	true		scripts/e2e/helpers/payrollRun.mjs	181	
SALT_DATE_BASE_DAYS	variable	payroll	false		scripts/e2e/helpers/payrollRun.mjs	218	
SALT_WINDOW_DAYS	variable	payroll	false		scripts/e2e/helpers/payrollRun.mjs	219	
seedDateFromTag	function	payroll	true		scripts/e2e/helpers/payrollRun.mjs	220	
PAYROLL_PERIOD_SALTS	variable	payroll	true		scripts/e2e/helpers/payrollRun.mjs	229	
PAYROLL_PERIOD_YEAR_BANDS	variable	payroll	true		scripts/e2e/helpers/payrollRun.mjs	255	
yearOfDayOffset	function	payroll	false		scripts/e2e/helpers/payrollRun.mjs	263	
saltYearWindow	function	payroll	true		scripts/e2e/helpers/payrollRun.mjs	270	
assertPayrollPeriodAllocatorDisjoint	function	payroll	true		scripts/e2e/helpers/payrollRun.mjs	282	
overlaps	function	payroll	false		scripts/e2e/helpers/payrollRun.mjs	283	assertPayrollPeriodAllocatorDisjoint
payrollPeriod	function	payroll	true		scripts/e2e/helpers/payrollRun.mjs	330	
payrollPeriodYear	function	payroll	true		scripts/e2e/helpers/payrollRun.mjs	341	
payrollRunSeed	function	payroll	true		scripts/e2e/helpers/payrollRun.mjs	354	
here	variable	payroll	false		scripts/e2e/payroll-contract-gate.mjs	18	
defaultSuitesDir	variable	payroll	false		scripts/e2e/payroll-contract-gate.mjs	19	
escapeRegExp	function	payroll	false		scripts/e2e/payroll-contract-gate.mjs	21	
extractCall	function	payroll	false		scripts/e2e/payroll-contract-gate.mjs	25	
routeCalls	function	payroll	false		scripts/e2e/payroll-contract-gate.mjs	81	
lineNumber	function	payroll	false		scripts/e2e/payroll-contract-gate.mjs	92	
assertPayrollE2EContracts	function	payroll	true		scripts/e2e/payroll-contract-gate.mjs	96	
only	variable	testing	false		scripts/e2e/run.mjs	22	
SWEEP	variable	testing	false		scripts/e2e/run.mjs	23	
sweep	function	testing	false		scripts/e2e/run.mjs	24	
h	variable	testing	false		scripts/e2e/run.mjs	26	
_aborting	variable	testing	false		scripts/e2e/run.mjs	42	
sig	variable	testing	false		scripts/e2e/run.mjs	43	
dir	variable	testing	false		scripts/e2e/run.mjs	59	
files	variable	testing	false		scripts/e2e/run.mjs	60	
selected	variable	testing	false		scripts/e2e/run.mjs	62	
f	variable	testing	false		scripts/e2e/run.mjs	73	
sweepFailed	variable	testing	false		scripts/e2e/run.mjs	101	
fail	variable	testing	false		scripts/e2e/run.mjs	111	
N	variable	testing	false		scripts/e2e/scale-controlCenter.mjs	16	
YEAR	variable	testing	false		scripts/e2e/scale-controlCenter.mjs	17	
CHUNK	variable	testing	false		scripts/e2e/scale-controlCenter.mjs	18	
env	variable	testing	false		scripts/e2e/scale-controlCenter.mjs	20	
sb	variable	testing	false		scripts/e2e/scale-controlCenter.mjs	23	
TAG	variable	testing	false		scripts/e2e/scale-controlCenter.mjs	24	
pct	function	testing	false		scripts/e2e/scale-controlCenter.mjs	25	
cleanupFailed	variable	testing	false		scripts/e2e/scale-controlCenter.mjs	26	
del	function	testing	false		scripts/e2e/scale-controlCenter.mjs	27	
main	function	testing	false		scripts/e2e/scale-controlCenter.mjs	34	
ins	function	testing	false		scripts/e2e/scale-controlCenter.mjs	43	main
title	variable	security	true	test	scripts/e2e/suites/accountSecurity.mjs	29	
run	function	security	true	test	scripts/e2e/suites/accountSecurity.mjs	31	
uid	function	security	false	test	scripts/e2e/suites/accountSecurity.mjs	36	run
seedCred	function	security	false	test	scripts/e2e/suites/accountSecurity.mjs	49	run
seedDev	function	security	false	test	scripts/e2e/suites/accountSecurity.mjs	54	run
waitFor	function	security	false	test	scripts/e2e/suites/accountSecurity.mjs	453	run
title	variable	security	true	test	scripts/e2e/suites/authSession.mjs	15	
RT_COOKIE	variable	security	false	test	scripts/e2e/suites/authSession.mjs	17	
setCookies	function	security	false	test	scripts/e2e/suites/authSession.mjs	20	
rtCookie	function	security	false	test	scripts/e2e/suites/authSession.mjs	26	
cookieValue	function	security	false	test	scripts/e2e/suites/authSession.mjs	30	
run	function	security	true	test	scripts/e2e/suites/authSession.mjs	34	
sha256	function	security	false	test	scripts/e2e/suites/authSession.mjs	36	run
seedToken	function	security	false	test	scripts/e2e/suites/authSession.mjs	53	run
post	function	security	false	test	scripts/e2e/suites/authSession.mjs	65	run
title	variable	testing	true	test	scripts/e2e/suites/calendar.mjs	20	
DAY	variable	testing	false	test	scripts/e2e/suites/calendar.mjs	22	
dayKey	function	testing	false	test	scripts/e2e/suites/calendar.mjs	23	
run	function	testing	true	test	scripts/e2e/suites/calendar.mjs	25	
appEventExists	function	testing	false	test	scripts/e2e/suites/calendar.mjs	48	run
auditExists	function	testing	false	test	scripts/e2e/suites/calendar.mjs	53	run
listItems	function	testing	false	test	scripts/e2e/suites/calendar.mjs	58	run
title	variable	communications	true	test	scripts/e2e/suites/communications.mjs	16	
run	function	communications	true	test	scripts/e2e/suites/communications.mjs	18	
clearDirectThreadsAmong	function	communications	false	test	scripts/e2e/suites/communications.mjs	48	run
inB	function	communications	false	test	scripts/e2e/suites/communications.mjs	458	run
sumN	function	communications	false	test	scripts/e2e/suites/communications.mjs	514	run
sumM	function	communications	false	test	scripts/e2e/suites/communications.mjs	515	run
waitForSignal	function	communications	false	test	scripts/e2e/suites/communications.mjs	519	run
unreadOf	function	communications	false	test	scripts/e2e/suites/communications.mjs	662	run
threadUnread	function	communications	false	test	scripts/e2e/suites/communications.mjs	663	run
title	variable	communications	true	test	scripts/e2e/suites/communicationsCompliance.mjs	24	
CASE_DETAIL_KEYS	array	communications	false	test	scripts/e2e/suites/communicationsCompliance.mjs	26	
CASE_SUMMARY_KEYS	array	communications	false	test	scripts/e2e/suites/communicationsCompliance.mjs	33	
CAPABILITY_KEYS	array	communications	false	test	scripts/e2e/suites/communicationsCompliance.mjs	39	
GRANT_KEYS	array	communications	false	test	scripts/e2e/suites/communicationsCompliance.mjs	44	
EXPORT_KEYS	array	communications	false	test	scripts/e2e/suites/communicationsCompliance.mjs	50	
MESSAGE_KEYS	array	communications	false	test	scripts/e2e/suites/communicationsCompliance.mjs	57	
SUMMARY_KEYS	array	communications	false	test	scripts/e2e/suites/communicationsCompliance.mjs	62	
sortedKeys	function	communications	false	test	scripts/e2e/suites/communicationsCompliance.mjs	67	
exactKeys	function	communications	false	test	scripts/e2e/suites/communicationsCompliance.mjs	71	
assertNoMessagePayload	function	communications	false	test	scripts/e2e/suites/communicationsCompliance.mjs	78	
expectStatus	function	communications	false	test	scripts/e2e/suites/communicationsCompliance.mjs	92	
sha256	function	communications	false	test	scripts/e2e/suites/communicationsCompliance.mjs	99	
rows	function	communications	false	test	scripts/e2e/suites/communicationsCompliance.mjs	103	
countRows	function	communications	false	test	scripts/e2e/suites/communicationsCompliance.mjs	109	
fetchArtifact	function	communications	false	test	scripts/e2e/suites/communicationsCompliance.mjs	113	
run	function	communications	true	test	scripts/e2e/suites/communicationsCompliance.mjs	126	
requestDatedPermission	function	communications	false	test	scripts/e2e/suites/communicationsCompliance.mjs	184	run
approveDatedPermission	function	communications	false	test	scripts/e2e/suites/communicationsCompliance.mjs	206	run
readSummary	function	communications	false	test	scripts/e2e/suites/communicationsCompliance.mjs	211	run
assertEvidenceTriplet	function	communications	false	test	scripts/e2e/suites/communicationsCompliance.mjs	220	run
requestId	function	communications	false	test	scripts/e2e/suites/communicationsCompliance.mjs	260	run
title	variable	finance	true	test	scripts/e2e/suites/financeAp.mjs	18	
run	function	finance	true	test	scripts/e2e/suites/financeAp.mjs	20	
title	variable	finance	true	test	scripts/e2e/suites/financeBudgets.mjs	36	
run	function	finance	true	test	scripts/e2e/suites/financeBudgets.mjs	38	
waitFor	function	finance	false	test	scripts/e2e/suites/financeBudgets.mjs	55	run
title	variable	finance	true	test	scripts/e2e/suites/financeDisbursements.mjs	8	
seedDateFromTag	function	finance	false	test	scripts/e2e/suites/financeDisbursements.mjs	13	
run	function	finance	true	test	scripts/e2e/suites/financeDisbursements.mjs	22	
waitFor	function	finance	false	test	scripts/e2e/suites/financeDisbursements.mjs	31	run
title	variable	finance	true	test	scripts/e2e/suites/financeExpenses.mjs	31	
run	function	finance	true	test	scripts/e2e/suites/financeExpenses.mjs	33	
waitFor	function	finance	false	test	scripts/e2e/suites/financeExpenses.mjs	49	run
title	variable	finance	true	test	scripts/e2e/suites/financeLookups.mjs	34	
seedDateFromTag	function	finance	false	test	scripts/e2e/suites/financeLookups.mjs	40	
run	function	finance	true	test	scripts/e2e/suites/financeLookups.mjs	49	
title	variable	finance	true	test	scripts/e2e/suites/financeOverview.mjs	24	
run	function	finance	true	test	scripts/e2e/suites/financeOverview.mjs	26	
title	variable	finance	true	test	scripts/e2e/suites/financePayComponents.mjs	37	
run	function	finance	true	test	scripts/e2e/suites/financePayComponents.mjs	39	
waitFor	function	finance	false	test	scripts/e2e/suites/financePayComponents.mjs	61	run
title	variable	payroll	true	test	scripts/e2e/suites/financePayroll.mjs	51	
BASE_GL_MAPPINGS	array	payroll	false	test	scripts/e2e/suites/financePayroll.mjs	58	
seedDateFromTag	function	payroll	false	test	scripts/e2e/suites/financePayroll.mjs	71	
run	function	payroll	true	test	scripts/e2e/suites/financePayroll.mjs	80	
waitFor	function	payroll	false	test	scripts/e2e/suites/financePayroll.mjs	119	run
seedRun	function	payroll	false	test	scripts/e2e/suites/financePayroll.mjs	1157	run
seedCalculatedRun	function	payroll	false	test	scripts/e2e/suites/financePayroll.mjs	1172	run
runPayslipFlow	function	payroll	false	test	scripts/e2e/suites/financePayroll.mjs	1604	run
title	variable	payroll	true	test	scripts/e2e/suites/financePayslipsEss.mjs	33	
seedDateFromTag	function	payroll	false	test	scripts/e2e/suites/financePayslipsEss.mjs	38	
run	function	payroll	true	test	scripts/e2e/suites/financePayslipsEss.mjs	49	
waitFor	function	payroll	false	test	scripts/e2e/suites/financePayslipsEss.mjs	73	run
title	variable	finance	true	test	scripts/e2e/suites/financeRemittances.mjs	35	
seedDateFromTag	function	finance	false	test	scripts/e2e/suites/financeRemittances.mjs	40	
run	function	finance	true	test	scripts/e2e/suites/financeRemittances.mjs	49	
waitFor	function	finance	false	test	scripts/e2e/suites/financeRemittances.mjs	66	run
seedDraftRem	function	finance	false	test	scripts/e2e/suites/financeRemittances.mjs	179	run
title	variable	finance	true	test	scripts/e2e/suites/financeStatutory.mjs	28	
run	function	finance	true	test	scripts/e2e/suites/financeStatutory.mjs	30	
waitFor	function	finance	false	test	scripts/e2e/suites/financeStatutory.mjs	57	run
title	variable	hr	true	test	scripts/e2e/suites/hr.mjs	17	
run	function	hr	true	test	scripts/e2e/suites/hr.mjs	19	
waitFor	function	hr	false	test	scripts/e2e/suites/hr.mjs	37	run
title	variable	hr	true	test	scripts/e2e/suites/hrAttendance.mjs	25	
run	function	hr	true	test	scripts/e2e/suites/hrAttendance.mjs	27	
waitFor	function	hr	false	test	scripts/e2e/suites/hrAttendance.mjs	42	run
title	variable	hr	true	test	scripts/e2e/suites/hrCompensation.mjs	27	
run	function	hr	true	test	scripts/e2e/suites/hrCompensation.mjs	29	
waitFor	function	hr	false	test	scripts/e2e/suites/hrCompensation.mjs	47	run
title	variable	testing	true	test	scripts/e2e/suites/hrDocuments.mjs	28	
run	function	testing	true	test	scripts/e2e/suites/hrDocuments.mjs	30	
title	variable	hr	true	test	scripts/e2e/suites/hrEmployeeImport.mjs	17	
run	function	hr	true	test	scripts/e2e/suites/hrEmployeeImport.mjs	19	
title	variable	hr	true	test	scripts/e2e/suites/hrEmployeeMaster.mjs	35	
run	function	hr	true	test	scripts/e2e/suites/hrEmployeeMaster.mjs	37	
title	variable	settings	true	test	scripts/e2e/suites/hrEmployeeSettings.mjs	17	
NEW_KEYS	array	settings	false	test	scripts/e2e/suites/hrEmployeeSettings.mjs	19	
TEST_KEYS	array	settings	false	test	scripts/e2e/suites/hrEmployeeSettings.mjs	24	
run	function	settings	true	test	scripts/e2e/suites/hrEmployeeSettings.mjs	26	
title	variable	hr	true	test	scripts/e2e/suites/hrLeave.mjs	18	
run	function	hr	true	test	scripts/e2e/suites/hrLeave.mjs	20	
waitFor	function	hr	false	test	scripts/e2e/suites/hrLeave.mjs	27	run
title	variable	hr	true	test	scripts/e2e/suites/hrOffboarding.mjs	15	
run	function	hr	true	test	scripts/e2e/suites/hrOffboarding.mjs	17	
waitFor	function	hr	false	test	scripts/e2e/suites/hrOffboarding.mjs	26	run
title	variable	hr	true	test	scripts/e2e/suites/hrOnboarding.mjs	26	
run	function	hr	true	test	scripts/e2e/suites/hrOnboarding.mjs	28	
waitFor	function	hr	false	test	scripts/e2e/suites/hrOnboarding.mjs	37	run
mk	function	hr	false	test	scripts/e2e/suites/hrOnboarding.mjs	84	run
closeActiveCasesFor	function	hr	false	test	scripts/e2e/suites/hrOnboarding.mjs	96	run
title	variable	hr	true	test	scripts/e2e/suites/hrOnboardingPackages.mjs	21	
run	function	hr	true	test	scripts/e2e/suites/hrOnboardingPackages.mjs	23	
title	variable	hr	true	test	scripts/e2e/suites/hrOrganization.mjs	20	
run	function	hr	true	test	scripts/e2e/suites/hrOrganization.mjs	22	
waitFor	function	hr	false	test	scripts/e2e/suites/hrOrganization.mjs	33	run
title	variable	hr	true	test	scripts/e2e/suites/hrOvertime.mjs	27	
run	function	hr	true	test	scripts/e2e/suites/hrOvertime.mjs	29	
waitFor	function	hr	false	test	scripts/e2e/suites/hrOvertime.mjs	46	run
title	variable	hr	true	test	scripts/e2e/suites/hrRequests.mjs	24	
run	function	hr	true	test	scripts/e2e/suites/hrRequests.mjs	26	
waitFor	function	hr	false	test	scripts/e2e/suites/hrRequests.mjs	44	run
title	variable	hr	true	test	scripts/e2e/suites/hrRoster.mjs	27	
run	function	hr	true	test	scripts/e2e/suites/hrRoster.mjs	29	
waitFor	function	hr	false	test	scripts/e2e/suites/hrRoster.mjs	53	run
title	variable	testing	true	test	scripts/e2e/suites/hrStatutoryProfile.mjs	33	
run	function	testing	true	test	scripts/e2e/suites/hrStatutoryProfile.mjs	35	
waitFor	function	testing	false	test	scripts/e2e/suites/hrStatutoryProfile.mjs	55	run
nisBindingId	function	testing	false	test	scripts/e2e/suites/hrStatutoryProfile.mjs	221	run
title	variable	hr	true	test	scripts/e2e/suites/hrTransfers.mjs	25	
run	function	hr	true	test	scripts/e2e/suites/hrTransfers.mjs	27	
waitFor	function	hr	false	test	scripts/e2e/suites/hrTransfers.mjs	57	run
title	variable	hse	true	test	scripts/e2e/suites/incidents.mjs	23	
run	function	hse	true	test	scripts/e2e/suites/incidents.mjs	25	
baseIncident	function	hse	false	test	scripts/e2e/suites/incidents.mjs	81	run
waitFor	function	hse	false	test	scripts/e2e/suites/incidents.mjs	95	run
title	variable	hse	true	test	scripts/e2e/suites/inspections.mjs	18	
run	function	hse	true	test	scripts/e2e/suites/inspections.mjs	20	
trackInsp	function	hse	false	test	scripts/e2e/suites/inspections.mjs	27	run
mkInspection	function	hse	false	test	scripts/e2e/suites/inspections.mjs	29	run
createInspection	function	hse	false	test	scripts/e2e/suites/inspections.mjs	40	run
waitFor	function	hse	false	test	scripts/e2e/suites/inspections.mjs	47	run
status	function	hse	false	test	scripts/e2e/suites/inspections.mjs	55	run
fStatus	function	hse	false	test	scripts/e2e/suites/inspections.mjs	56	run
title	variable	testing	true	test	scripts/e2e/suites/messaging.mjs	22	
run	function	testing	true	test	scripts/e2e/suites/messaging.mjs	24	
title	variable	testing	true	test	scripts/e2e/suites/messagingFavourites.mjs	11	
run	function	testing	true	test	scripts/e2e/suites/messagingFavourites.mjs	13	
del	function	testing	false	test	scripts/e2e/suites/messagingFavourites.mjs	22	run
title	variable	testing	true	test	scripts/e2e/suites/messagingReactions.mjs	15	
run	function	testing	true	test	scripts/e2e/suites/messagingReactions.mjs	17	
del	function	testing	false	test	scripts/e2e/suites/messagingReactions.mjs	26	run
title	variable	communications	true	test	scripts/e2e/suites/messagingTypingPresence.mjs	16	
wait	function	communications	false	test	scripts/e2e/suites/messagingTypingPresence.mjs	18	
run	function	communications	true	test	scripts/e2e/suites/messagingTypingPresence.mjs	20	
del	function	communications	false	test	scripts/e2e/suites/messagingTypingPresence.mjs	33	run
mintRealtime	function	communications	false	test	scripts/e2e/suites/messagingTypingPresence.mjs	48	run
realtimeClient	function	communications	false	test	scripts/e2e/suites/messagingTypingPresence.mjs	54	run
joinStatus	function	communications	false	test	scripts/e2e/suites/messagingTypingPresence.mjs	65	run
title	variable	testing	true	test	scripts/e2e/suites/messengerPagination.mjs	10	
run	function	testing	true	test	scripts/e2e/suites/messengerPagination.mjs	12	
bodies	function	testing	false	test	scripts/e2e/suites/messengerPagination.mjs	56	run
title	variable	communications	true	test	scripts/e2e/suites/messengerRealtime.mjs	22	
SUBSCRIBE_MS	variable	communications	false	test	scripts/e2e/suites/messengerRealtime.mjs	24	
DELIVER_MS	variable	communications	false	test	scripts/e2e/suites/messengerRealtime.mjs	25	
SILENCE_MS	variable	communications	false	test	scripts/e2e/suites/messengerRealtime.mjs	26	
run	function	communications	true	test	scripts/e2e/suites/messengerRealtime.mjs	28	
openSession	function	communications	false	test	scripts/e2e/suites/messengerRealtime.mjs	73	run
subscribe	function	communications	false	test	scripts/e2e/suites/messengerRealtime.mjs	86	openSession
waitFor	function	communications	false	test	scripts/e2e/suites/messengerRealtime.mjs	109	run
title	variable	workflow	true	test	scripts/e2e/suites/orchestration.mjs	6	
run	function	workflow	true	test	scripts/e2e/suites/orchestration.mjs	8	
title	variable	payroll	true	test	scripts/e2e/suites/payrollBackPay.mjs	18	
run	function	payroll	true	test	scripts/e2e/suites/payrollBackPay.mjs	26	
title	variable	payroll	true	test	scripts/e2e/suites/payrollControlCenter.mjs	22	
BASE_GL_MAPPINGS	array	payroll	false	test	scripts/e2e/suites/payrollControlCenter.mjs	24	
run	function	payroll	true	test	scripts/e2e/suites/payrollControlCenter.mjs	31	
waitFor	function	payroll	false	test	scripts/e2e/suites/payrollControlCenter.mjs	53	run
seedRun	function	payroll	false	test	scripts/e2e/suites/payrollControlCenter.mjs	121	run
seedCalcChain	function	payroll	false	test	scripts/e2e/suites/payrollControlCenter.mjs	133	run
seedFinding	function	payroll	false	test	scripts/e2e/suites/payrollControlCenter.mjs	147	run
seedFunding	function	payroll	false	test	scripts/e2e/suites/payrollControlCenter.mjs	154	run
driveToPendingApproval	function	payroll	false	test	scripts/e2e/suites/payrollControlCenter.mjs	163	run
getA	function	payroll	false	test	scripts/e2e/suites/payrollControlCenter.mjs	238	run
WIN	function	payroll	false	test	scripts/e2e/suites/payrollControlCenter.mjs	239	run
getB	function	payroll	false	test	scripts/e2e/suites/payrollControlCenter.mjs	240	run
snap	function	payroll	false	test	scripts/e2e/suites/payrollControlCenter.mjs	410	run
title	variable	payroll	true	test	scripts/e2e/suites/payrollExceptions.mjs	15	
run	function	payroll	true	test	scripts/e2e/suites/payrollExceptions.mjs	17	
key	function	payroll	false	test	scripts/e2e/suites/payrollExceptions.mjs	39	run
seedRun	function	payroll	false	test	scripts/e2e/suites/payrollExceptions.mjs	70	run
seedCalcChain	function	payroll	false	test	scripts/e2e/suites/payrollExceptions.mjs	82	run
seedFinding	function	payroll	false	test	scripts/e2e/suites/payrollExceptions.mjs	95	run
wq	function	payroll	false	test	scripts/e2e/suites/payrollExceptions.mjs	118	run
findRow	function	payroll	false	test	scripts/e2e/suites/payrollExceptions.mjs	119	run
curVer	function	payroll	false	test	scripts/e2e/suites/payrollExceptions.mjs	122	run
actCount	function	payroll	false	test	scripts/e2e/suites/payrollExceptions.mjs	280	run
evCount	function	payroll	false	test	scripts/e2e/suites/payrollExceptions.mjs	281	run
title	variable	payroll	true	test	scripts/e2e/suites/payrollGl.mjs	24	
seedDateFromTag	function	payroll	false	test	scripts/e2e/suites/payrollGl.mjs	26	
BASE_MAPPINGS	array	payroll	false	test	scripts/e2e/suites/payrollGl.mjs	37	
run	function	payroll	true	test	scripts/e2e/suites/payrollGl.mjs	44	
amountFor	function	payroll	false	test	scripts/e2e/suites/payrollGl.mjs	361	run
title	variable	payroll	true	test	scripts/e2e/suites/payrollLoans.mjs	21	
seedDate	function	payroll	false	test	scripts/e2e/suites/payrollLoans.mjs	23	
run	function	payroll	true	test	scripts/e2e/suites/payrollLoans.mjs	38	
waitFor	function	payroll	false	test	scripts/e2e/suites/payrollLoans.mjs	45	run
seedDraftLoan	function	payroll	false	test	scripts/e2e/suites/payrollLoans.mjs	170	run
title	variable	payroll	true	test	scripts/e2e/suites/payrollOverrides.mjs	23	
seedDateFromTag	function	payroll	false	test	scripts/e2e/suites/payrollOverrides.mjs	25	
run	function	payroll	true	test	scripts/e2e/suites/payrollOverrides.mjs	40	
title	variable	payroll	true	test	scripts/e2e/suites/payrollOvertimeRules.mjs	21	
seedDateFromTag	function	payroll	false	test	scripts/e2e/suites/payrollOvertimeRules.mjs	23	
run	function	payroll	true	test	scripts/e2e/suites/payrollOvertimeRules.mjs	34	
title	variable	payroll	true	test	scripts/e2e/suites/payrollPayGroups.mjs	22	
seedDateFromTag	function	payroll	false	test	scripts/e2e/suites/payrollPayGroups.mjs	24	
run	function	payroll	true	test	scripts/e2e/suites/payrollPayGroups.mjs	39	
title	variable	payroll	true	test	scripts/e2e/suites/payrollRunsRegister.mjs	27	
run	function	payroll	true	test	scripts/e2e/suites/payrollRunsRegister.mjs	29	
seedRun	function	payroll	false	test	scripts/e2e/suites/payrollRunsRegister.mjs	99	run
seedCalcChain	function	payroll	false	test	scripts/e2e/suites/payrollRunsRegister.mjs	122	run
seedFinding	function	payroll	false	test	scripts/e2e/suites/payrollRunsRegister.mjs	141	run
listRuns	function	payroll	false	test	scripts/e2e/suites/payrollRunsRegister.mjs	169	run
findByRef	function	payroll	false	test	scripts/e2e/suites/payrollRunsRegister.mjs	174	run
title	variable	payroll	true	test	scripts/e2e/suites/payrollScale.mjs	15	
N	variable	payroll	false	test	scripts/e2e/suites/payrollScale.mjs	17	
BASE_MAPPINGS	array	payroll	false	test	scripts/e2e/suites/payrollScale.mjs	20	
run	function	payroll	true	test	scripts/e2e/suites/payrollScale.mjs	34	
waitFor	function	payroll	false	test	scripts/e2e/suites/payrollScale.mjs	42	run
chunk	function	payroll	false	test	scripts/e2e/suites/payrollScale.mjs	54	run
title	variable	payroll	true	test	scripts/e2e/suites/payrollStatutoryForms.mjs	7	
run	function	payroll	true	test	scripts/e2e/suites/payrollStatutoryForms.mjs	13	
waitFor	function	payroll	false	test	scripts/e2e/suites/payrollStatutoryForms.mjs	21	run
title	variable	payroll	true	test	scripts/e2e/suites/payrollStatutorySnapshot.mjs	25	
V2_EFFECTIVE_FROM	variable	payroll	false	test	scripts/e2e/suites/payrollStatutorySnapshot.mjs	29	
V2_LABEL_MARK	variable	payroll	false	test	scripts/e2e/suites/payrollStatutorySnapshot.mjs	30	
run	function	payroll	true	test	scripts/e2e/suites/payrollStatutorySnapshot.mjs	38	
title	variable	payroll	true	test	scripts/e2e/suites/payrollVarianceReports.mjs	6	
run	function	payroll	true	test	scripts/e2e/suites/payrollVarianceReports.mjs	10	
mkRun	function	payroll	false	test	scripts/e2e/suites/payrollVarianceReports.mjs	44	run
line	function	payroll	false	test	scripts/e2e/suites/payrollVarianceReports.mjs	56	run
title	variable	payroll	true	test	scripts/e2e/suites/payslipRender.mjs	47	
tokenDesign	function	payroll	false	test	scripts/e2e/suites/payslipRender.mjs	59	
seedDateFromTag	function	payroll	false	test	scripts/e2e/suites/payslipRender.mjs	127	
run	function	payroll	true	test	scripts/e2e/suites/payslipRender.mjs	143	
waitFor	function	payroll	false	test	scripts/e2e/suites/payslipRender.mjs	158	run
title	variable	payroll	true	test	scripts/e2e/suites/payslipTemplateApproval.mjs	31	
sampleDesign	function	payroll	false	test	scripts/e2e/suites/payslipTemplateApproval.mjs	33	
run	function	payroll	true	test	scripts/e2e/suites/payslipTemplateApproval.mjs	50	
makeDraft	function	payroll	false	test	scripts/e2e/suites/payslipTemplateApproval.mjs	147	run
title	variable	payroll	true	test	scripts/e2e/suites/payslipTemplates.mjs	22	
sampleDesign	function	payroll	false	test	scripts/e2e/suites/payslipTemplates.mjs	24	
run	function	payroll	true	test	scripts/e2e/suites/payslipTemplates.mjs	38	
title	variable	security	true	test	scripts/e2e/suites/permissionPropagation.mjs	15	
pollSignal	function	security	false	test	scripts/e2e/suites/permissionPropagation.mjs	17	
countNotifications	function	security	false	test	scripts/e2e/suites/permissionPropagation.mjs	28	
pollNotification	function	security	false	test	scripts/e2e/suites/permissionPropagation.mjs	33	
run	function	security	true	test	scripts/e2e/suites/permissionPropagation.mjs	42	
title	variable	hse	true	test	scripts/e2e/suites/ptw.mjs	29	
run	function	hse	true	test	scripts/e2e/suites/ptw.mjs	31	
track	function	hse	false	test	scripts/e2e/suites/ptw.mjs	38	run
mkPermit	function	hse	false	test	scripts/e2e/suites/ptw.mjs	40	run
createPermit	function	hse	false	test	scripts/e2e/suites/ptw.mjs	51	run
waitFor	function	hse	false	test	scripts/e2e/suites/ptw.mjs	58	run
status	function	hse	false	test	scripts/e2e/suites/ptw.mjs	66	run
title	variable	testing	true	test	scripts/e2e/suites/rbacConsole.mjs	21	
PERM	variable	testing	false	test	scripts/e2e/suites/rbacConsole.mjs	25	
CRIT_COMPLIANCE_READ	variable	testing	false	test	scripts/e2e/suites/rbacConsole.mjs	28	
CRIT_COMPLIANCE_EXPORT	variable	testing	false	test	scripts/e2e/suites/rbacConsole.mjs	29	
CRIT_GENERAL	variable	testing	false	test	scripts/e2e/suites/rbacConsole.mjs	32	
COMPLIANCE_APPROVER	variable	testing	false	test	scripts/e2e/suites/rbacConsole.mjs	33	
run	function	testing	true	test	scripts/e2e/suites/rbacConsole.mjs	35	
validityWindow	function	testing	false	test	scripts/e2e/suites/rbacConsole.mjs	88	run
findRole	function	testing	false	test	scripts/e2e/suites/rbacConsole.mjs	138	run
auditHas	function	testing	false	test	scripts/e2e/suites/rbacConsole.mjs	142	run
denied	function	testing	false	test	scripts/e2e/suites/rbacConsole.mjs	503	run
title	variable	hse	true	test	scripts/e2e/suites/riskjsa.mjs	26	
run	function	hse	true	test	scripts/e2e/suites/riskjsa.mjs	28	
baseHazard	function	hse	false	test	scripts/e2e/suites/riskjsa.mjs	115	run
waitFor	function	hse	false	test	scripts/e2e/suites/riskjsa.mjs	125	run
title	variable	security	true	test	scripts/e2e/suites/securityPolicy.mjs	7	
run	function	security	true	test	scripts/e2e/suites/securityPolicy.mjs	9	
title	variable	settings	true	test	scripts/e2e/suites/settings.mjs	4	
run	function	settings	true	test	scripts/e2e/suites/settings.mjs	6	
findSetting	function	settings	false	test	scripts/e2e/suites/settings.mjs	31	run
title	variable	testing	true	test	scripts/e2e/suites/training.mjs	18	
run	function	testing	true	test	scripts/e2e/suites/training.mjs	20	
future	function	testing	false	test	scripts/e2e/suites/training.mjs	27	run
past	function	testing	false	test	scripts/e2e/suites/training.mjs	28	run
waitFor	function	testing	false	test	scripts/e2e/suites/training.mjs	30	run
certStatus	function	testing	false	test	scripts/e2e/suites/training.mjs	35	run
mkCert	function	testing	false	test	scripts/e2e/suites/training.mjs	37	run
createCert	function	testing	false	test	scripts/e2e/suites/training.mjs	40	run
title	variable	widgets	true	test	scripts/e2e/suites/widgets.mjs	18	
run	function	widgets	true	test	scripts/e2e/suites/widgets.mjs	20	
pkg	function	widgets	false	test	scripts/e2e/suites/widgets.mjs	37	run
title	variable	workflow	true	test	scripts/e2e/suites/workflow-engine.mjs	8	
run	function	workflow	true	test	scripts/e2e/suites/workflow-engine.mjs	10	
waitFor	function	workflow	false	test	scripts/e2e/suites/workflow-engine.mjs	24	run
seedPermit	function	workflow	false	test	scripts/e2e/suites/workflow-engine.mjs	35	run
openTask	function	workflow	false	test	scripts/e2e/suites/workflow-engine.mjs	94	run
seedTemplate	function	workflow	false	test	scripts/e2e/suites/workflow-engine.mjs	312	run
startWf	function	workflow	false	test	scripts/e2e/suites/workflow-engine.mjs	331	run
title	variable	workflow	true	test	scripts/e2e/suites/workflowAdmin.mjs	20	
run	function	workflow	true	test	scripts/e2e/suites/workflowAdmin.mjs	22	
waitFor	function	workflow	false	test	scripts/e2e/suites/workflowAdmin.mjs	55	run
MARKER	variable	testing	false		scripts/e2e/sweep-orphans.mjs	40	
serviceClient	function	testing	true		scripts/e2e/sweep-orphans.mjs	43	
USER_KEYED	array	testing	false		scripts/e2e/sweep-orphans.mjs	60	
BUSINESS_TAGGED	array	testing	false		scripts/e2e/sweep-orphans.mjs	118	
TEXT_PATTERNS	array	testing	false		scripts/e2e/sweep-orphans.mjs	140	
sweepOrphans	function	testing	true		scripts/e2e/sweep-orphans.mjs	158	
vlog	function	testing	false		scripts/e2e/sweep-orphans.mjs	160	sweepOrphans
chunk	function	testing	false		scripts/e2e/sweep-orphans.mjs	165	sweepOrphans
sweepByIds	function	testing	false		scripts/e2e/sweep-orphans.mjs	171	sweepOrphans
collectIds	function	testing	false		scripts/e2e/sweep-orphans.mjs	191	sweepOrphans
sweepPlatformChains	function	testing	false		scripts/e2e/sweep-orphans.mjs	210	sweepOrphans
sweepPattern	function	testing	false		scripts/e2e/sweep-orphans.mjs	220	sweepOrphans
sweepPayrollRunsOwnedBy	function	testing	false		scripts/e2e/sweep-orphans.mjs	244	sweepOrphans
countWhere	function	testing	false		scripts/e2e/sweep-orphans.mjs	245	sweepPayrollRunsOwnedBy
delWhere	function	testing	false		scripts/e2e/sweep-orphans.mjs	250	sweepPayrollRunsOwnedBy
delIn	function	testing	false		scripts/e2e/sweep-orphans.mjs	259	sweepPayrollRunsOwnedBy
selIn	function	testing	false		scripts/e2e/sweep-orphans.mjs	264	sweepPayrollRunsOwnedBy
REQ	array	finance	false		scripts/e2e/verify-finance-ui.mjs	11	
env	object	finance	false		scripts/e2e/verify-finance-ui.mjs	12	
line	variable	finance	false		scripts/e2e/verify-finance-ui.mjs	13	
base	variable	finance	false		scripts/e2e/verify-finance-ui.mjs	17	
sb	variable	finance	false		scripts/e2e/verify-finance-ui.mjs	18	
u	variable	finance	false		scripts/e2e/verify-finance-ui.mjs	22	
token	variable	finance	false		scripts/e2e/verify-finance-ui.mjs	24	
call	function	finance	false		scripts/e2e/verify-finance-ui.mjs	29	
checks	array	finance	false		scripts/e2e/verify-finance-ui.mjs	39	
pass	variable	finance	false		scripts/e2e/verify-finance-ui.mjs	51	
GENERATOR_VERSION	variable	platform	false		scripts/generate-codebase-index.mjs	18	
here	variable	platform	false		scripts/generate-codebase-index.mjs	19	
root	variable	platform	false		scripts/generate-codebase-index.mjs	20	
outputDir	variable	platform	false		scripts/generate-codebase-index.mjs	21	
mode	variable	platform	false		scripts/generate-codebase-index.mjs	22	
CODE_EXTENSIONS	variable	platform	false		scripts/generate-codebase-index.mjs	29	
EXCLUDED_DIRS	variable	platform	false		scripts/generate-codebase-index.mjs	30	
API_HELPERS	variable	platform	false		scripts/generate-codebase-index.mjs	33	
MODULE_ORDER	array	platform	false		scripts/generate-codebase-index.mjs	36	
slash	function	platform	false		scripts/generate-codebase-index.mjs	41	
rel	function	platform	false		scripts/generate-codebase-index.mjs	42	
sha256	function	platform	false		scripts/generate-codebase-index.mjs	43	
cleanCell	function	platform	false		scripts/generate-codebase-index.mjs	44	
cleanTsv	function	platform	false		scripts/generate-codebase-index.mjs	45	
unique	function	platform	false		scripts/generate-codebase-index.mjs	46	
byPathLineName	function	platform	false		scripts/generate-codebase-index.mjs	47	
walk	function	platform	false		scripts/generate-codebase-index.mjs	50	
read	function	platform	false		scripts/generate-codebase-index.mjs	62	
git	function	platform	false		scripts/generate-codebase-index.mjs	66	
inferModule	function	platform	false		scripts/generate-codebase-index.mjs	75	
fileRole	function	platform	false		scripts/generate-codebase-index.mjs	90	
scriptKind	function	platform	false		scripts/generate-codebase-index.mjs	108	
lineOf	function	platform	false		scripts/generate-codebase-index.mjs	119	
hasExport	function	platform	false		scripts/generate-codebase-index.mjs	123	
nodeName	function	platform	false		scripts/generate-codebase-index.mjs	127	
callName	function	platform	false		scripts/generate-codebase-index.mjs	133	
enclosingName	function	platform	false		scripts/generate-codebase-index.mjs	139	
staticValue	function	platform	false		scripts/generate-codebase-index.mjs	152	
staticString	function	platform	false		scripts/generate-codebase-index.mjs	209	
propertyMap	function	platform	false		scripts/generate-codebase-index.mjs	214	
normalizeApiPath	function	platform	false		scripts/generate-codebase-index.mjs	226	
collectCode	function	platform	false		scripts/generate-codebase-index.mjs	232	
addSymbol	function	platform	false		scripts/generate-codebase-index.mjs	264	collectCode
visit	function	platform	false		scripts/generate-codebase-index.mjs	283	collectCode
dedupe	function	platform	false		scripts/generate-codebase-index.mjs	379	
collectRouteMounts	function	platform	false		scripts/generate-codebase-index.mjs	385	
visit	function	platform	false		scripts/generate-codebase-index.mjs	406	collectRouteMounts
collectRoutes	function	platform	false		scripts/generate-codebase-index.mjs	427	
bindIterationValue	function	platform	false		scripts/generate-codebase-index.mjs	461	collectRoutes
routeBindings	function	platform	false		scripts/generate-codebase-index.mjs	477	collectRoutes
visit	function	platform	false		scripts/generate-codebase-index.mjs	511	collectRoutes
inspect	function	platform	false		scripts/generate-codebase-index.mjs	533	visit
collectDatabaseObjects	function	platform	false		scripts/generate-codebase-index.mjs	573	
lineForOffset	function	platform	false		scripts/generate-codebase-index.mjs	592	collectDatabaseObjects
collectE2e	function	platform	false		scripts/generate-codebase-index.mjs	623	
visit	function	platform	false		scripts/generate-codebase-index.mjs	644	collectE2e
moduleSort	function	platform	false		scripts/generate-codebase-index.mjs	673	
renderIndex	function	platform	false		scripts/generate-codebase-index.mjs	679	
renderModule	function	platform	false		scripts/generate-codebase-index.mjs	730	
makeTsv	function	platform	false		scripts/generate-codebase-index.mjs	795	
buildIndex	function	platform	false		scripts/generate-codebase-index.mjs	799	
expectedOutputs	function	platform	false		scripts/generate-codebase-index.mjs	862	
currentGeneratedFiles	function	platform	false		scripts/generate-codebase-index.mjs	882	
writeOutputs	function	platform	false		scripts/generate-codebase-index.mjs	886	
checkOutputs	function	platform	false		scripts/generate-codebase-index.mjs	899	
index	variable	platform	false		scripts/generate-codebase-index.mjs	916	
outputs	variable	platform	false		scripts/generate-codebase-index.mjs	917	
key	variable	payroll	false		scripts/preflight-paygroup-overlaps.mjs	19	
url	variable	payroll	false		scripts/preflight-paygroup-overlaps.mjs	19	
sb	variable	payroll	false		scripts/preflight-paygroup-overlaps.mjs	21	
INF	variable	payroll	false		scripts/preflight-paygroup-overlaps.mjs	23	
fix	variable	payroll	false		scripts/preflight-paygroup-overlaps.mjs	24	
dayBefore	function	payroll	false		scripts/preflight-paygroup-overlaps.mjs	25	
rows	variable	payroll	false		scripts/preflight-paygroup-overlaps.mjs	33	
byEmp	variable	payroll	false		scripts/preflight-paygroup-overlaps.mjs	34	
r	variable	payroll	false		scripts/preflight-paygroup-overlaps.mjs	35	
conflicts	array	payroll	false		scripts/preflight-paygroup-overlaps.mjs	37	
fixed	variable	payroll	false		scripts/preflight-paygroup-overlaps.mjs	70	
manual	variable	payroll	false		scripts/preflight-paygroup-overlaps.mjs	70	
URL	variable	security	false		scripts/recover-2fa.mjs	27	
KEY	variable	security	false		scripts/recover-2fa.mjs	28	
username	variable	security	false		scripts/recover-2fa.mjs	34	
sb	variable	security	false		scripts/recover-2fa.mjs	35	
ROOT	variable	payroll	false		scripts/seed-payroll-command-center.mjs	20	
env	variable	payroll	false		scripts/seed-payroll-command-center.mjs	21	
sb	variable	payroll	false		scripts/seed-payroll-command-center.mjs	25	
SUPERADMIN	variable	payroll	false		scripts/seed-payroll-command-center.mjs	27	
SEED	variable	payroll	false		scripts/seed-payroll-command-center.mjs	28	
die	function	payroll	false		scripts/seed-payroll-command-center.mjs	29	
okOr	function	payroll	false		scripts/seed-payroll-command-center.mjs	30	
now	variable	payroll	false		scripts/seed-payroll-command-center.mjs	33	
M	variable	payroll	false		scripts/seed-payroll-command-center.mjs	34	
Y	variable	payroll	false		scripts/seed-payroll-command-center.mjs	34	
d	function	payroll	false		scripts/seed-payroll-command-center.mjs	35	
lastDay	function	payroll	false		scripts/seed-payroll-command-center.mjs	36	
clamp	function	payroll	false		scripts/seed-payroll-command-center.mjs	37	
nextM	variable	payroll	false		scripts/seed-payroll-command-center.mjs	38	
nextY	variable	payroll	false		scripts/seed-payroll-command-center.mjs	38	
soon	variable	payroll	false		scripts/seed-payroll-command-center.mjs	41	
soonPay	variable	payroll	false		scripts/seed-payroll-command-center.mjs	42	
soonCut	variable	payroll	false		scripts/seed-payroll-command-center.mjs	43	
main	function	payroll	false		scripts/seed-payroll-command-center.mjs	45	
pick	function	payroll	false		scripts/seed-payroll-command-center.mjs	58	main
ago	function	payroll	false		scripts/seed-payroll-command-center.mjs	171	main
ES256_PEM	variable	communications	false		scripts/verify-realtime-auth.mjs	35	
svc	variable	communications	false		scripts/verify-realtime-auth.mjs	41	
USER_ID	variable	communications	false		scripts/verify-realtime-auth.mjs	43	
realtimeClient	function	communications	false		scripts/verify-realtime-auth.mjs	45	
subscribeAndCollect	function	communications	false		scripts/verify-realtime-auth.mjs	52	
wait	function	communications	false		scripts/verify-realtime-auth.mjs	64	
main	function	communications	false		scripts/verify-realtime-auth.mjs	66	
env	variable	workflow	false		scripts/verify-workflow-tx-apply.mjs	20	
sb	variable	workflow	false		scripts/verify-workflow-tx-apply.mjs	27	
fail	variable	workflow	false		scripts/verify-workflow-tx-apply.mjs	29	
pass	variable	workflow	false		scripts/verify-workflow-tx-apply.mjs	29	
ok	function	workflow	false		scripts/verify-workflow-tx-apply.mjs	30	
bad	function	workflow	false		scripts/verify-workflow-tx-apply.mjs	31	
t	variable	workflow	false		scripts/verify-workflow-tx-apply.mjs	35	
rpcProbes	array	workflow	false		scripts/verify-workflow-tx-apply.mjs	47	
listMyAttendance	function	hr	true		src/api/attendance.ts	27	
listAllAttendance	function	hr	true		src/api/attendance.ts	63	
getTodayAttendance	function	hr	true		src/api/attendance.ts	99	
getLiveAttendance	function	hr	true		src/api/attendance.ts	125	
checkIn	function	hr	true		src/api/attendance.ts	160	
checkOut	function	hr	true		src/api/attendance.ts	172	
loadPermissionOverrides	function	security	true		src/api/auth.ts	31	
calendarKeys	object	platform	true		src/api/calendar.ts	26	
useCalendarList	function	platform	true	hook	src/api/calendar.ts	34	
useCalendarItem	function	platform	true	hook	src/api/calendar.ts	48	
useInvalidateCalendar	function	platform	false	hook	src/api/calendar.ts	64	
useCreateTask	function	platform	true	hook	src/api/calendar.ts	69	
useCreateActivity	function	platform	true	hook	src/api/calendar.ts	81	
useUpdateEntry	function	platform	true	hook	src/api/calendar.ts	93	
useTaskStatus	function	platform	true	hook	src/api/calendar.ts	105	
useCancelEntry	function	platform	true	hook	src/api/calendar.ts	118	
MessagePin	type	communications	true		src/api/communications.ts	27	
MessageThreadListItem	type	communications	true		src/api/communications.ts	32	
MessageParticipantProfile	type	communications	true		src/api/communications.ts	33	
MessagePostRow	type	communications	true		src/api/communications.ts	34	
MessageAttachment	type	communications	true		src/api/communications.ts	35	
MessageRecipient	type	communications	true		src/api/communications.ts	36	
MessageThreadDetail	type	communications	true		src/api/communications.ts	37	
CommsSummary	interface	communications	true		src/api/communications.ts	41	
CanonicalNotification	interface	communications	true		src/api/communications.ts	59	
NotificationPreference	interface	communications	true		src/api/communications.ts	77	
NotificationSnoozeState	interface	communications	true		src/api/communications.ts	84	
NotificationPreferencesData	interface	communications	true		src/api/communications.ts	88	
MessageThread	interface	communications	true		src/api/communications.ts	94	
MessagePost	interface	communications	true		src/api/communications.ts	109	
CanonicalTicket	interface	communications	true		src/api/communications.ts	117	
CanonicalTicketDetail	interface	communications	true		src/api/communications.ts	130	
useCommsSummary	function	communications	true	hook	src/api/communications.ts	144	
NotificationListArgs	interface	communications	true		src/api/communications.ts	161	
useNotifications	function	communications	true	hook	src/api/communications.ts	172	
useNotificationPreferences	function	communications	true	hook	src/api/communications.ts	189	
useSetNotificationPreference	function	communications	true	hook	src/api/communications.ts	202	
useMuteNotifications	function	communications	true	hook	src/api/communications.ts	211	
BroadcastArgs	interface	communications	true		src/api/communications.ts	220	
useBroadcastNotification	function	communications	true	hook	src/api/communications.ts	229	
useMarkNotificationRead	function	communications	true	hook	src/api/communications.ts	238	
useMarkAllNotificationsRead	function	communications	true	hook	src/api/communications.ts	254	
useArchiveNotification	function	communications	true	hook	src/api/communications.ts	270	
useMessageThreads	function	communications	true	hook	src/api/communications.ts	288	
useMessagePosts	function	communications	true	hook	src/api/communications.ts	303	
PostMessageArgs	interface	communications	true		src/api/communications.ts	319	
usePostMessage	function	communications	true	hook	src/api/communications.ts	327	
AttachmentUploadUrlResult	interface	communications	true		src/api/communications.ts	344	
useMessageAttachmentUploadUrl	function	communications	true	hook	src/api/communications.ts	353	
useCreateMessageAttachment	function	communications	true	hook	src/api/communications.ts	366	
CreateThreadArgs	interface	communications	true		src/api/communications.ts	378	
useCreateMessageThread	function	communications	true	hook	src/api/communications.ts	389	
ThreadFilters	interface	communications	true		src/api/communications.ts	414	
useMessageThreadsFull	function	communications	true	hook	src/api/communications.ts	422	
useThread	function	communications	true	hook	src/api/communications.ts	438	
ThreadAccessError	class	communications	true		src/api/communications.ts	455	
useThreadPosts	function	communications	true	hook	src/api/communications.ts	465	
useMarkThreadRead	function	communications	true	hook	src/api/communications.ts	484	
OnlineUser	interface	communications	true		src/api/communications.ts	500	
PinnedThreadRow	interface	communications	true		src/api/communications.ts	501	
usePinnedSummary	function	communications	true	hook	src/api/communications.ts	504	
usePins	function	communications	true	hook	src/api/communications.ts	516	
usePinMessage	function	communications	true	hook	src/api/communications.ts	527	
useUnpinMessage	function	communications	true	hook	src/api/communications.ts	540	
useDeleteMessage	function	communications	true	hook	src/api/communications.ts	554	
useOnlineUsers	function	communications	true	hook	src/api/communications.ts	569	
useDraft	function	communications	true	hook	src/api/communications.ts	582	
useSaveDraft	function	communications	true	hook	src/api/communications.ts	593	
useAttachmentUrl	function	communications	true	hook	src/api/communications.ts	603	
useArchiveThread	function	communications	true	hook	src/api/communications.ts	612	
useMuteThread	function	communications	true	hook	src/api/communications.ts	627	
useAddThreadParticipants	function	communications	true	hook	src/api/communications.ts	640	
useRemoveThreadParticipant	function	communications	true	hook	src/api/communications.ts	654	
useResolveRecordThread	function	communications	true	hook	src/api/communications.ts	678	
useMessageSearch	function	communications	true	hook	src/api/communications.ts	693	
useMessageRecipients	function	communications	true	hook	src/api/communications.ts	710	
TicketListArgs	interface	communications	true		src/api/communications.ts	728	
useMyTickets	function	communications	true	hook	src/api/communications.ts	734	
useTicket	function	communications	true	hook	src/api/communications.ts	749	
CreateTicketArgs	interface	communications	true		src/api/communications.ts	765	
useCreateTicket	function	communications	true	hook	src/api/communications.ts	775	
CommentTicketArgs	interface	communications	true		src/api/communications.ts	789	
useCommentTicket	function	communications	true	hook	src/api/communications.ts	795	
UpdateTicketArgs	interface	communications	true		src/api/communications.ts	809	
useUpdateTicket	function	communications	true	hook	src/api/communications.ts	816	
asArgs	function	communications	false		src/api/communicationsCompliance.ts	34	
ComplianceAccessError	class	communications	true		src/api/communicationsCompliance.ts	46	
asComplianceAccessError	function	communications	true		src/api/communicationsCompliance.ts	60	
complianceKeys	variable	communications	true		src/api/communicationsCompliance.ts	64	
useComplianceSummary	function	communications	true	hook	src/api/communicationsCompliance.ts	80	
useComplianceCases	function	communications	true	hook	src/api/communicationsCompliance.ts	91	
useComplianceCase	function	communications	true	hook	src/api/communicationsCompliance.ts	109	
useComplianceConversationSearch	function	communications	true	hook	src/api/communicationsCompliance.ts	121	
useComplianceConversation	function	communications	true	hook	src/api/communicationsCompliance.ts	136	
useComplianceAccessEvents	function	communications	true	hook	src/api/communicationsCompliance.ts	152	
useComplianceExports	function	communications	true	hook	src/api/communicationsCompliance.ts	163	
useRequestComplianceCase	function	communications	true	hook	src/api/communicationsCompliance.ts	177	
useDecideComplianceCase	function	communications	true	hook	src/api/communicationsCompliance.ts	190	
useCloseComplianceCase	function	communications	true	hook	src/api/communicationsCompliance.ts	204	
useRevokeComplianceGrant	function	communications	true	hook	src/api/communicationsCompliance.ts	218	
useCreateComplianceExport	function	communications	true	hook	src/api/communicationsCompliance.ts	229	
downloadComplianceExport	function	communications	true		src/api/communicationsCompliance.ts	245	
SignalOpt	type	hr	false		src/api/employees.ts	22	
opt	function	hr	false		src/api/employees.ts	23	
unwrap	function	hr	false		src/api/employees.ts	25	
UserOption	interface	hr	true		src/api/employees.ts	37	
listActiveEmployees	function	hr	true		src/api/employees.ts	46	
listEmployees	function	hr	true		src/api/employees.ts	54	
getEmployee	function	hr	true		src/api/employees.ts	60	
addEmployee	function	hr	true		src/api/employees.ts	66	
updateEmployee	function	hr	true		src/api/employees.ts	71	
deleteEmployee	function	hr	true		src/api/employees.ts	76	
listDepartments	function	hr	true		src/api/employees.ts	83	
listManagers	function	hr	true		src/api/employees.ts	89	
addDepartment	function	hr	true		src/api/employees.ts	94	
updateDepartment	function	hr	true		src/api/employees.ts	99	
deleteDepartment	function	hr	true		src/api/employees.ts	104	
ApBillStatus	type	finance	true		src/api/finance/accountsPayable.ts	13	
ApVendorStatus	type	finance	true		src/api/finance/accountsPayable.ts	14	
ApPaymentMethod	type	finance	true		src/api/finance/accountsPayable.ts	15	
ApBill	interface	finance	true		src/api/finance/accountsPayable.ts	17	
ApBillLine	interface	finance	true		src/api/finance/accountsPayable.ts	25	
ApPayment	interface	finance	true		src/api/finance/accountsPayable.ts	26	
ApVendor	interface	finance	true		src/api/finance/accountsPayable.ts	32	
ApVendorBankAccount	interface	finance	true		src/api/finance/accountsPayable.ts	42	
ApKpis	interface	finance	true	ui-tile	src/api/finance/accountsPayable.ts	49	
ApAgingBucket	interface	finance	true		src/api/finance/accountsPayable.ts	50	
ApTrend	interface	finance	true		src/api/finance/accountsPayable.ts	51	
ApBillListResult	interface	finance	true		src/api/finance/accountsPayable.ts	52	
ApBillFilterStatus	type	finance	true		src/api/finance/accountsPayable.ts	54	
ApBillFilters	interface	finance	true		src/api/finance/accountsPayable.ts	55	
post	function	finance	false		src/api/finance/accountsPayable.ts	61	
useApBills	function	finance	true	hook	src/api/finance/accountsPayable.ts	69	
useApBillDetail	function	finance	true	hook	src/api/finance/accountsPayable.ts	76	
useApVendors	function	finance	true	hook	src/api/finance/accountsPayable.ts	85	
useApVendorDetail	function	finance	true	hook	src/api/finance/accountsPayable.ts	93	
useApVendorBills	function	finance	true	hook	src/api/finance/accountsPayable.ts	102	
useApVendorPayments	function	finance	true	hook	src/api/finance/accountsPayable.ts	111	
useApPayments	function	finance	true	hook	src/api/finance/accountsPayable.ts	120	
useApKpis	function	finance	true	hook,ui-tile	src/api/finance/accountsPayable.ts	128	
useApAging	function	finance	true	hook	src/api/finance/accountsPayable.ts	136	
useApTrend	function	finance	true	hook	src/api/finance/accountsPayable.ts	144	
useApMutation	function	finance	false	hook	src/api/finance/accountsPayable.ts	155	
CreateBillLineInput	interface	finance	true		src/api/finance/accountsPayable.ts	166	
CreateBillArgs	interface	finance	true		src/api/finance/accountsPayable.ts	170	
useCreateBill	function	finance	true	hook	src/api/finance/accountsPayable.ts	177	
DuplicateMatch	interface	finance	true		src/api/finance/accountsPayable.ts	179	
useCheckBillDuplicate	function	finance	true	hook	src/api/finance/accountsPayable.ts	184	
useSubmitBill	function	finance	true	hook	src/api/finance/accountsPayable.ts	191	
useApproveBill	function	finance	true	hook	src/api/finance/accountsPayable.ts	192	
useRejectBill	function	finance	true	hook	src/api/finance/accountsPayable.ts	193	
useVoidBill	function	finance	true	hook	src/api/finance/accountsPayable.ts	194	
useRecordPayment	function	finance	true	hook	src/api/finance/accountsPayable.ts	196	
VendorBankAccountInput	interface	finance	true		src/api/finance/accountsPayable.ts	201	
CreateVendorInput	interface	finance	true		src/api/finance/accountsPayable.ts	206	
UpdateVendorInput	interface	finance	true		src/api/finance/accountsPayable.ts	214	
useCreateVendor	function	finance	true	hook	src/api/finance/accountsPayable.ts	218	
useUpdateVendor	function	finance	true	hook	src/api/finance/accountsPayable.ts	230	
ApAuditEntry	interface	finance	true		src/api/finance/accountsPayable.ts	245	
ApComment	interface	finance	true		src/api/finance/accountsPayable.ts	249	
useBillAudit	function	finance	true	hook	src/api/finance/accountsPayable.ts	251	
useBillComments	function	finance	true	hook	src/api/finance/accountsPayable.ts	258	
useCreateBillComment	function	finance	true	hook	src/api/finance/accountsPayable.ts	265	
ApDuplicateReview	interface	finance	true		src/api/finance/accountsPayable.ts	275	
useApDuplicateRisks	function	finance	true	hook	src/api/finance/accountsPayable.ts	286	
useResolveDuplicateRisk	function	finance	true	hook	src/api/finance/accountsPayable.ts	294	
BulkApproveResult	interface	finance	true		src/api/finance/accountsPayable.ts	309	
useBulkApproveBills	function	finance	true	hook	src/api/finance/accountsPayable.ts	314	
ApPaymentRunStatus	type	finance	true		src/api/finance/accountsPayable.ts	327	
ApPaymentRunItem	interface	finance	true		src/api/finance/accountsPayable.ts	329	
ApPaymentRun	interface	finance	true		src/api/finance/accountsPayable.ts	335	
useApPaymentRuns	function	finance	true	hook	src/api/finance/accountsPayable.ts	344	
useApPaymentRunDetail	function	finance	true	hook	src/api/finance/accountsPayable.ts	352	
useCreatePaymentRun	function	finance	true	hook	src/api/finance/accountsPayable.ts	361	
useProcessPaymentRun	function	finance	true	hook	src/api/finance/accountsPayable.ts	374	
useVoidPaymentRun	function	finance	true	hook	src/api/finance/accountsPayable.ts	387	
ImportBillRow	interface	finance	true		src/api/finance/accountsPayable.ts	400	
ImportValidationResult	interface	finance	true		src/api/finance/accountsPayable.ts	406	
ImportBillsResult	interface	finance	true		src/api/finance/accountsPayable.ts	410	
useImportBills	function	finance	true	hook	src/api/finance/accountsPayable.ts	414	
FinanceEntityType	type	finance	true		src/api/finance/attachments.ts	36	
AttachmentDto	interface	finance	true		src/api/finance/attachments.ts	43	
AttachmentUploadUrlResult	interface	finance	true		src/api/finance/attachments.ts	53	
post	function	finance	false		src/api/finance/attachments.ts	62	
attachmentCacheKey	function	finance	true		src/api/finance/attachments.ts	80	
useFinanceAttachments	function	finance	true	hook	src/api/finance/attachments.ts	99	
useFinanceAttachmentUploadUrl	function	finance	true	hook	src/api/finance/attachments.ts	127	
useCompleteFinanceAttachment	function	finance	true	hook	src/api/finance/attachments.ts	142	
useFinanceAttachmentSignedUrl	function	finance	true	hook	src/api/finance/attachments.ts	163	
useDeleteFinanceAttachment	function	finance	true	hook	src/api/finance/attachments.ts	180	
BankAccount	interface	finance	true		src/api/finance/bankAccounts.ts	12	
UpsertBankAccountArgs	interface	finance	true		src/api/finance/bankAccounts.ts	28	
call	function	finance	false		src/api/finance/bankAccounts.ts	40	
financeBankAccountsApi	object	finance	true		src/api/finance/bankAccounts.ts	46	
financeBankAccountsKeys	object	finance	true		src/api/finance/bankAccounts.ts	54	
useBankAccounts	function	finance	true	hook	src/api/finance/bankAccounts.ts	59	
useBankAccount	function	finance	true	hook	src/api/finance/bankAccounts.ts	66	
useBankAccountMutation	function	finance	true	hook	src/api/finance/bankAccounts.ts	74	
RemittanceAuthority	type	finance	true		src/api/finance/bridges.ts	22	
DisbursementBridgeData	interface	finance	true		src/api/finance/bridges.ts	24	
RemittanceBridgeData	interface	finance	true		src/api/finance/bridges.ts	29	
ReimbursementBridgeData	interface	finance	true		src/api/finance/bridges.ts	34	
post	function	finance	false		src/api/finance/bridges.ts	42	
useCreateDisbursementFromRun	function	finance	true	hook	src/api/finance/bridges.ts	63	
useCreateRemittanceFromRun	function	finance	true	hook	src/api/finance/bridges.ts	87	
useCreateReimbursementHandoff	function	finance	true	hook	src/api/finance/bridges.ts	113	
BudgetLine	interface	finance	true		src/api/finance/budgets.ts	15	
BudgetApprovalTask	interface	finance	true		src/api/finance/budgets.ts	35	
BudgetAuditEntry	interface	finance	true		src/api/finance/budgets.ts	47	
BudgetVarianceRow	interface	finance	true		src/api/finance/budgets.ts	57	
BudgetReportCatalogRow	interface	finance	true		src/api/finance/budgets.ts	69	
CostEntryRow	interface	finance	true		src/api/finance/budgets.ts	75	
BudgetActualsResult	interface	finance	true		src/api/finance/budgets.ts	88	
BulkUpsertResult	interface	finance	true		src/api/finance/budgets.ts	95	
CopyLastYearResult	interface	finance	true		src/api/finance/budgets.ts	101	
UpsertBudgetLineArgs	interface	finance	true		src/api/finance/budgets.ts	108	
BulkBudgetLineArg	interface	finance	true		src/api/finance/budgets.ts	118	
CopyLastYearArgs	interface	finance	true		src/api/finance/budgets.ts	132	
call	function	finance	false		src/api/finance/budgets.ts	143	
BudgetAttachmentDto	interface	finance	true		src/api/finance/budgets.ts	151	
financeBudgetsApi	object	finance	true		src/api/finance/budgets.ts	161	
financeBudgetsKeys	object	finance	true		src/api/finance/budgets.ts	200	
useBudgets	function	finance	true	hook	src/api/finance/budgets.ts	216	
useBudgetDetail	function	finance	true	hook	src/api/finance/budgets.ts	223	
useBudgetVariance	function	finance	true	hook	src/api/finance/budgets.ts	231	
useBudgetLineActuals	function	finance	true	hook	src/api/finance/budgets.ts	238	
useBudgetActuals	function	finance	true	hook	src/api/finance/budgets.ts	246	
useBudgetReports	function	finance	true	hook	src/api/finance/budgets.ts	253	
useBudgetLineApprovals	function	finance	true	hook	src/api/finance/budgets.ts	260	
useBudgetLineAuditLog	function	finance	true	hook	src/api/finance/budgets.ts	268	
useBudgetLineAttachments	function	finance	true	hook	src/api/finance/budgets.ts	276	
useBudgetMutation	function	finance	true	hook	src/api/finance/budgets.ts	287	
DisbursementStatus	type	finance	true		src/api/finance/disbursements.ts	10	
Disbursement	interface	finance	true		src/api/finance/disbursements.ts	13	
DisbursementLine	interface	finance	true		src/api/finance/disbursements.ts	32	
ComputedDisbursement	interface	finance	true		src/api/finance/disbursements.ts	42	
DisbursementLineDetail	interface	finance	true		src/api/finance/disbursements.ts	57	
DisbursementBankFile	interface	finance	true		src/api/finance/disbursements.ts	63	
DisbursementKpis	interface	finance	true	ui-tile	src/api/finance/disbursements.ts	77	
DisbursementReportRow	interface	finance	true		src/api/finance/disbursements.ts	88	
DisbursementAuditEntry	interface	finance	true		src/api/finance/disbursements.ts	99	
BankFileStatusRow	interface	finance	true		src/api/finance/disbursements.ts	109	
BankAccountReadinessRow	interface	finance	true		src/api/finance/disbursements.ts	122	
call	function	finance	false		src/api/finance/disbursements.ts	129	
financeDisbursementsApi	object	finance	true		src/api/finance/disbursements.ts	135	
financeDisbursementsKeys	object	finance	true		src/api/finance/disbursements.ts	178	
useDisbursements	function	finance	true	hook	src/api/finance/disbursements.ts	193	
useDisbursement	function	finance	true	hook	src/api/finance/disbursements.ts	200	
useDisbursementLines	function	finance	true	hook	src/api/finance/disbursements.ts	208	
useComputedDisbursement	function	finance	true	hook	src/api/finance/disbursements.ts	216	
useDisbursementLinesDetail	function	finance	true	hook	src/api/finance/disbursements.ts	224	
useDisbursementBankFiles	function	finance	true	hook	src/api/finance/disbursements.ts	232	
useDisbursementKpis	function	finance	true	hook,ui-tile	src/api/finance/disbursements.ts	240	
useDisbursementReport	function	finance	true	hook	src/api/finance/disbursements.ts	248	
useDisbursementMutation	function	finance	true	hook	src/api/finance/disbursements.ts	255	
useDisbursementAuditLog	function	finance	true	hook	src/api/finance/disbursements.ts	265	
useFinanceAuditLog	function	finance	true	hook	src/api/finance/disbursements.ts	273	
useBankFileStatusReport	function	finance	true	hook	src/api/finance/disbursements.ts	281	
useBankAccountReadinessReport	function	finance	true	hook	src/api/finance/disbursements.ts	288	
ExpenseStatus	type	finance	true		src/api/finance/expenses.ts	16	
ExpenseCategory	type	finance	true		src/api/finance/expenses.ts	18	
ExpenseClaim	interface	finance	true		src/api/finance/expenses.ts	22	
ExpenseCostEntry	interface	finance	true		src/api/finance/expenses.ts	45	
ExpenseClaimDetail	interface	finance	true		src/api/finance/expenses.ts	63	
ExpenseReportRow	interface	finance	true		src/api/finance/expenses.ts	68	
PolicyIssueType	type	finance	true		src/api/finance/expenses.ts	85	
PolicyIssue	interface	finance	true		src/api/finance/expenses.ts	92	
PolicyCheckResult	interface	finance	true		src/api/finance/expenses.ts	99	
ExpenseReportType	type	finance	true		src/api/finance/expenses.ts	108	
ExpenseReportResult	interface	finance	true		src/api/finance/expenses.ts	110	
ExpenseTrendPoint	interface	finance	true		src/api/finance/expenses.ts	118	
ExpenseAuditEntry	interface	finance	true		src/api/finance/expenses.ts	126	
ExpenseKpis	interface	finance	true	ui-tile	src/api/finance/expenses.ts	138	
AllocationLine	interface	finance	true		src/api/finance/expenses.ts	151	
CreateExpenseClaimArgs	interface	finance	true		src/api/finance/expenses.ts	164	
MarkReimbursedArgs	interface	finance	true		src/api/finance/expenses.ts	182	
call	function	finance	false		src/api/finance/expenses.ts	194	
financeExpensesApi	object	finance	true		src/api/finance/expenses.ts	202	
_expenseSubmitKeys	variable	finance	false		src/api/finance/expenses.ts	257	
expenseSubmitKey	function	finance	true		src/api/finance/expenses.ts	258	
clearExpenseSubmitKey	function	finance	true		src/api/finance/expenses.ts	263	
financeExpensesKeys	object	finance	true		src/api/finance/expenses.ts	267	
useExpenseClaims	function	finance	true	hook	src/api/finance/expenses.ts	281	
useExpenseClaim	function	finance	true	hook	src/api/finance/expenses.ts	297	
useExpenseClaimDetail	function	finance	true	hook	src/api/finance/expenses.ts	305	
useExpenseLines	function	finance	true	hook	src/api/finance/expenses.ts	313	
useExpensesReport	function	finance	true	hook	src/api/finance/expenses.ts	321	
useExpenseTrend	function	finance	true	hook	src/api/finance/expenses.ts	332	
useExpensePolicyCheck	function	finance	true	hook	src/api/finance/expenses.ts	340	
useExpenseAuditLog	function	finance	true	hook	src/api/finance/expenses.ts	348	
useExpenseKpis	function	finance	true	hook,ui-tile	src/api/finance/expenses.ts	356	
useExpenseMutation	function	finance	true	hook	src/api/finance/expenses.ts	366	
useExpenseComment	function	finance	true	hook	src/api/finance/expenses.ts	378	
financeQueryKeys	variable	finance	true		src/api/finance/keys.ts	23	
STALE_5M	variable	finance	false		src/api/finance/lookups.ts	26	
STALE_1M	variable	finance	false		src/api/finance/lookups.ts	27	
EmployeeResolved	interface	finance	true		src/api/finance/lookups.ts	31	
EmployeePickerOption	interface	finance	true		src/api/finance/lookups.ts	42	
PayrollRunPickerOption	interface	finance	true		src/api/finance/lookups.ts	51	
AuthorityOption	interface	finance	true		src/api/finance/lookups.ts	61	
BudgetCategoryOption	interface	finance	true		src/api/finance/lookups.ts	67	
post	function	finance	false		src/api/finance/lookups.ts	74	
useEmployeeNames	function	finance	true	hook	src/api/finance/lookups.ts	101	
useEmployeePicker	function	finance	true	hook	src/api/finance/lookups.ts	131	
useApprovedRunPicker	function	finance	true	hook	src/api/finance/lookups.ts	145	
useAuthorityPicker	function	finance	true	hook	src/api/finance/lookups.ts	159	
useBudgetCategoryPicker	function	finance	true	hook	src/api/finance/lookups.ts	169	
FinanceOverviewKpis	interface	finance	true	ui-tile	src/api/finance/overview.ts	15	
CostCentreBurn	interface	finance	true		src/api/finance/overview.ts	27	
ApprovalQueueItem	interface	finance	true		src/api/finance/overview.ts	29	
FinanceDeadline	interface	finance	true		src/api/finance/overview.ts	34	
FinanceActivityItem	interface	finance	true		src/api/finance/overview.ts	35	
ApprovalsAging	interface	finance	true		src/api/finance/overview.ts	36	
FinanceOverviewData	interface	finance	true		src/api/finance/overview.ts	38	
post	function	finance	false		src/api/finance/overview.ts	50	
useFinanceOverview	function	finance	true	hook	src/api/finance/overview.ts	58	
ExportType	type	finance	true		src/api/finance/overview.ts	70	
ExportResult	interface	finance	true		src/api/finance/overview.ts	72	
useExportOverview	function	finance	true	hook	src/api/finance/overview.ts	78	
KpiType	type	finance	true	ui-tile	src/api/finance/overview.ts	87	
KpiDrilldownRow	interface	finance	true	ui-tile	src/api/finance/overview.ts	89	
KpiDrilldownResult	interface	finance	true	ui-tile	src/api/finance/overview.ts	94	
useKpiDrilldown	function	finance	true	hook,ui-tile	src/api/finance/overview.ts	102	
ApprovalsQueueItemV2	interface	finance	true		src/api/finance/overview.ts	114	
ApprovalsQueueFilters	interface	finance	true		src/api/finance/overview.ts	123	
useApprovalsQueue	function	finance	true	hook	src/api/finance/overview.ts	130	
ActOnApprovalArgs	interface	finance	true		src/api/finance/overview.ts	139	
useActOnApproval	function	finance	true	hook	src/api/finance/overview.ts	146	
SpendBudgetPeriod	type	finance	true		src/api/finance/overview.ts	160	
SpendBudgetSeries	interface	finance	true		src/api/finance/overview.ts	162	
useSpendBudgetSeries	function	finance	true	hook	src/api/finance/overview.ts	170	
PayrollRun	interface	payroll	true		src/api/finance/payroll.ts	14	
PayrollRunInput	interface	payroll	true		src/api/finance/payroll.ts	47	
PayrollRunLine	interface	payroll	true		src/api/finance/payroll.ts	62	
PayrollRunWarning	interface	payroll	true		src/api/finance/payroll.ts	88	
Payslip	interface	payroll	true		src/api/finance/payroll.ts	101	
PayslipDelivery	interface	payroll	true		src/api/finance/payroll.ts	113	
GlPreviewLine	interface	payroll	true		src/api/finance/payroll.ts	128	
GlPreview	interface	payroll	true		src/api/finance/payroll.ts	135	
GlJournalLine	interface	payroll	true		src/api/finance/payroll.ts	145	
GlJournal	interface	payroll	true		src/api/finance/payroll.ts	149	
PayrollExport	interface	payroll	true		src/api/finance/payroll.ts	158	
PayrollReportResult	interface	payroll	true		src/api/finance/payroll.ts	171	
PayslipTemplateSummary	interface	payroll	true		src/api/finance/payroll.ts	178	
NisProfileRow	interface	payroll	true		src/api/finance/payroll.ts	186	
RunAuditLogEntry	interface	payroll	true		src/api/finance/payroll.ts	205	
CreateRunArgs	interface	payroll	true		src/api/finance/payroll.ts	215	
PayGroup	interface	payroll	true		src/api/finance/payroll.ts	225	
PayGroupMember	interface	payroll	true		src/api/finance/payroll.ts	237	
LoanType	type	payroll	true		src/api/finance/payroll.ts	239	
LoanStatus	type	payroll	true		src/api/finance/payroll.ts	240	
EmployeeLoan	interface	payroll	true		src/api/finance/payroll.ts	241	
OvertimeEventType	type	payroll	true		src/api/finance/payroll.ts	264	
OvertimeRule	interface	payroll	true		src/api/finance/payroll.ts	267	
PayrollOverride	interface	payroll	true		src/api/finance/payroll.ts	279	
BackPayPeriod	interface	payroll	true		src/api/finance/payroll.ts	292	
BackPayBreakdown	interface	payroll	true		src/api/finance/payroll.ts	299	
PopulationPreview	interface	payroll	true		src/api/finance/payroll.ts	311	
ExportDownload	interface	payroll	true		src/api/finance/payroll.ts	321	
ResolveWarningResult	interface	payroll	true		src/api/finance/payroll.ts	331	
call	function	payroll	false		src/api/finance/payroll.ts	340	
financePayrollApi	object	payroll	true		src/api/finance/payroll.ts	348	
financePayrollKeys	object	payroll	true		src/api/finance/payroll.ts	461	
usePayrollRuns	function	payroll	true	hook	src/api/finance/payroll.ts	475	
usePayrollRun	function	payroll	true	hook	src/api/finance/payroll.ts	478	
useRunLines	function	payroll	true	hook	src/api/finance/payroll.ts	481	
useRunWarnings	function	payroll	true	hook	src/api/finance/payroll.ts	484	
useRunPayslips	function	payroll	true	hook	src/api/finance/payroll.ts	487	
useRunGlPreview	function	payroll	true	hook	src/api/finance/payroll.ts	490	
usePayGroups	function	payroll	true	hook	src/api/finance/payroll.ts	493	
usePayGroupMembers	function	payroll	true	hook	src/api/finance/payroll.ts	496	
useOvertimeRules	function	payroll	true	hook	src/api/finance/payroll.ts	499	
useEmployeeLoans	function	payroll	true	hook	src/api/finance/payroll.ts	502	
useRunOverrides	function	payroll	true	hook	src/api/finance/payroll.ts	505	
useRunExports	function	payroll	true	hook	src/api/finance/payroll.ts	508	
useRunInputs	function	payroll	true	hook	src/api/finance/payroll.ts	511	
useNisProfiles	function	payroll	true	hook	src/api/finance/payroll.ts	514	
useRunAuditLog	function	payroll	true	hook	src/api/finance/payroll.ts	517	
usePopulationPreview	function	payroll	true	hook	src/api/finance/payroll.ts	524	
usePayrollMutation	function	payroll	true	hook	src/api/finance/payroll.ts	533	
useResolveWarning	function	payroll	true	hook	src/api/finance/payroll.ts	544	
useExportDownload	function	payroll	true	hook	src/api/finance/payroll.ts	553	
payslipTemplateKeys	object	payroll	true		src/api/finance/payroll.ts	561	
usePayslipTemplates	function	payroll	true	hook	src/api/finance/payroll.ts	571	
useSetRunTemplate	function	payroll	true	hook	src/api/finance/payroll.ts	582	
PayrollControlCenterParams	interface	payroll	true		src/api/finance/payroll/controlCenter.ts	42	
defaultControlCenterWindow	function	payroll	true		src/api/finance/payroll/controlCenter.ts	54	
iso	function	payroll	false		src/api/finance/payroll/controlCenter.ts	55	defaultControlCenterWindow
payrollControlCenterQueryKey	function	payroll	true		src/api/finance/payroll/controlCenter.ts	63	
post	function	payroll	false		src/api/finance/payroll/controlCenter.ts	81	
getPayrollControlCenter	function	payroll	true		src/api/finance/payroll/controlCenter.ts	87	
isControlCenterDenied	function	payroll	true		src/api/finance/payroll/controlCenter.ts	106	
isTerminalError	function	payroll	false		src/api/finance/payroll/controlCenter.ts	111	
usePayrollControlCenter	function	payroll	true	hook	src/api/finance/payroll/controlCenter.ts	118	
STALE_5M	variable	finance	false		src/api/finance/pickers.ts	15	
GlAccountOption	interface	finance	true		src/api/finance/pickers.ts	19	
CostCentreOption	interface	finance	true		src/api/finance/pickers.ts	25	
TaxCodeOption	interface	finance	true		src/api/finance/pickers.ts	32	
PaymentTermsOption	interface	finance	true		src/api/finance/pickers.ts	39	
VendorPickerOption	interface	finance	true		src/api/finance/pickers.ts	44	
post	function	finance	false		src/api/finance/pickers.ts	55	
useGlAccounts	function	finance	true	hook	src/api/finance/pickers.ts	64	
useCostCentres	function	finance	true	hook	src/api/finance/pickers.ts	74	
useTaxCodes	function	finance	true	hook	src/api/finance/pickers.ts	84	
usePaymentTerms	function	finance	true	hook	src/api/finance/pickers.ts	94	
useVendorPicker	function	finance	true	hook	src/api/finance/pickers.ts	104	
remittanceComputeKey	function	finance	false		src/api/finance/remittances.ts	24	
remittanceLinesAllKey	function	finance	false		src/api/finance/remittances.ts	27	
remittanceReportKey	function	finance	false		src/api/finance/remittances.ts	30	
RemittanceAuthority	type	finance	true		src/api/finance/remittances.ts	35	
RemittanceStatus	type	finance	true		src/api/finance/remittances.ts	36	
Remittance	interface	finance	true		src/api/finance/remittances.ts	38	
RemittanceLine	interface	finance	true		src/api/finance/remittances.ts	69	
RemittanceLineWithContext	interface	finance	true		src/api/finance/remittances.ts	81	
ComputedRemittance	interface	finance	true		src/api/finance/remittances.ts	88	
ReportResult	interface	finance	true		src/api/finance/remittances.ts	107	
CreateRemittanceArgs	interface	finance	true		src/api/finance/remittances.ts	115	
MarkPaidArgs	interface	finance	true		src/api/finance/remittances.ts	122	
MarkFiledArgs	interface	finance	true		src/api/finance/remittances.ts	128	
call	function	finance	false		src/api/finance/remittances.ts	139	
financeRemittancesApi	object	finance	true		src/api/finance/remittances.ts	147	
useRemittances	function	finance	true	hook	src/api/finance/remittances.ts	173	
useRemittance	function	finance	true	hook	src/api/finance/remittances.ts	188	
useRemittanceLines	function	finance	true	hook	src/api/finance/remittances.ts	196	
useRemittanceLinesAll	function	finance	true	hook	src/api/finance/remittances.ts	204	
useComputedRemittance	function	finance	true	hook	src/api/finance/remittances.ts	217	
useRemittancesReport	function	finance	true	hook	src/api/finance/remittances.ts	225	
useRemittanceMutation	function	finance	true	hook	src/api/finance/remittances.ts	241	
useSubmitRemittance	function	finance	true	hook	src/api/finance/remittances.ts	252	
useApproveRemittance	function	finance	true	hook	src/api/finance/remittances.ts	253	
useMarkPaidRemittance	function	finance	true	hook	src/api/finance/remittances.ts	254	
useMarkFiledRemittance	function	finance	true	hook	src/api/finance/remittances.ts	255	
useCancelRemittance	function	finance	true	hook	src/api/finance/remittances.ts	256	
useCreateRemittance	function	finance	true	hook	src/api/finance/remittances.ts	257	
RemittanceAuditEntry	interface	finance	true		src/api/finance/remittances.ts	261	
useRemittanceAudit	function	finance	true	hook	src/api/finance/remittances.ts	271	
StatutoryVersionStatus	type	finance	true		src/api/finance/statutory.ts	17	
StatutoryVersion	interface	finance	true		src/api/finance/statutory.ts	19	
NisClass	interface	finance	true		src/api/finance/statutory.ts	51	
PayComponent	interface	finance	true		src/api/finance/statutory.ts	66	
StatutoryReportRow	type	finance	true		src/api/finance/statutory.ts	83	
CreateStatutoryVersionArgs	interface	finance	true		src/api/finance/statutory.ts	85	
UpsertNisClassArgs	interface	finance	true		src/api/finance/statutory.ts	100	
NisClassImportRow	interface	finance	true		src/api/finance/statutory.ts	113	
NisClassImportResult	interface	finance	true		src/api/finance/statutory.ts	123	
ApprovalTimelineEntry	interface	finance	true		src/api/finance/statutory.ts	128	
StatutoryVersionDetail	interface	finance	true		src/api/finance/statutory.ts	138	
StatutoryReportResult	interface	finance	true		src/api/finance/statutory.ts	144	
StatutoryReportKey	type	finance	true		src/api/finance/statutory.ts	150	
CreatePayComponentArgs	interface	finance	true		src/api/finance/statutory.ts	152	
PayComponentChangeRequest	interface	finance	true		src/api/finance/statutory.ts	167	
call	function	finance	false		src/api/finance/statutory.ts	182	
financeStatutoryApi	object	finance	true		src/api/finance/statutory.ts	190	
financeStatutoryKeys	object	finance	true		src/api/finance/statutory.ts	253	
useStatutoryVersions	function	finance	true	hook	src/api/finance/statutory.ts	267	
useNisClasses	function	finance	true	hook	src/api/finance/statutory.ts	270	
usePayComponents	function	finance	true	hook	src/api/finance/statutory.ts	277	
usePayComponentChangeRequests	function	finance	true	hook	src/api/finance/statutory.ts	282	
useVersionDetail	function	finance	true	hook	src/api/finance/statutory.ts	291	
useApprovalTimeline	function	finance	true	hook	src/api/finance/statutory.ts	298	
useStatutoryReport	function	finance	true	hook	src/api/finance/statutory.ts	305	
useStatutoryMutation	function	finance	true	hook	src/api/finance/statutory.ts	315	
StatutoryFormType	type	finance	true		src/api/finance/statutoryForms.ts	10	
EmployerProfile	interface	finance	true		src/api/finance/statutoryForms.ts	12	
StatutoryForm	interface	finance	true		src/api/finance/statutoryForms.ts	25	
call	function	finance	false		src/api/finance/statutoryForms.ts	45	
financeStatutoryFormsApi	object	finance	true		src/api/finance/statutoryForms.ts	51	
financeStatutoryFormsKeys	object	finance	true		src/api/finance/statutoryForms.ts	67	
useEmployerProfile	function	finance	true	hook	src/api/finance/statutoryForms.ts	72	
useStatutoryForms	function	finance	true	hook	src/api/finance/statutoryForms.ts	80	
useStatutoryFormMutation	function	finance	true	hook	src/api/finance/statutoryForms.ts	87	
call	function	hr	false		src/api/hr/attendance.ts	16	
hrAttendanceKeys	object	hr	true		src/api/hr/attendance.ts	23	
RecordFilter	interface	hr	true		src/api/hr/attendance.ts	33	
TimesheetFilter	interface	hr	true		src/api/hr/attendance.ts	34	
ExceptionFilter	interface	hr	true		src/api/hr/attendance.ts	35	
RecordsResult	interface	hr	false		src/api/hr/attendance.ts	37	
TimesheetsResult	interface	hr	false		src/api/hr/attendance.ts	38	
ExceptionsResult	interface	hr	false		src/api/hr/attendance.ts	39	
useAttendanceRecords	function	hr	true	hook	src/api/hr/attendance.ts	42	
useTimesheets	function	hr	true	hook	src/api/hr/attendance.ts	50	
useAttendanceExceptions	function	hr	true	hook	src/api/hr/attendance.ts	58	
useAttendanceStats	function	hr	true	hook	src/api/hr/attendance.ts	66	
useAttendancePolicy	function	hr	true	hook	src/api/hr/attendance.ts	74	
useAttendanceMutation	function	hr	false	hook	src/api/hr/attendance.ts	82	
AttendanceImportRow	interface	hr	true		src/api/hr/attendance.ts	90	
AttendanceImportResult	interface	hr	true		src/api/hr/attendance.ts	98	
useImportAttendance	function	hr	true	hook	src/api/hr/attendance.ts	106	
usePunchIn	function	hr	true	hook	src/api/hr/attendance.ts	109	
usePunchOut	function	hr	true	hook	src/api/hr/attendance.ts	110	
useCorrectRecord	function	hr	true	hook	src/api/hr/attendance.ts	111	
useComputeRecord	function	hr	true	hook	src/api/hr/attendance.ts	112	
useWaiveException	function	hr	true	hook	src/api/hr/attendance.ts	113	
useResolveException	function	hr	true	hook	src/api/hr/attendance.ts	114	
useBuildTimesheet	function	hr	true	hook	src/api/hr/attendance.ts	115	
useSubmitTimesheet	function	hr	true	hook	src/api/hr/attendance.ts	116	
useReopenTimesheet	function	hr	true	hook	src/api/hr/attendance.ts	117	
fmtMinutes	function	hr	true		src/api/hr/attendance.ts	120	
PayItemStatus	type	hr	true		src/api/hr/compensation.ts	12	
PayItem	interface	hr	true		src/api/hr/compensation.ts	14	
CreatePayItemArgs	interface	hr	true		src/api/hr/compensation.ts	36	
call	function	hr	false		src/api/hr/compensation.ts	46	
hrCompensationApi	object	hr	true		src/api/hr/compensation.ts	52	
hrCompensationKeys	object	hr	true		src/api/hr/compensation.ts	63	
usePayItems	function	hr	true	hook	src/api/hr/compensation.ts	67	
useCompensationMutation	function	hr	true	hook	src/api/hr/compensation.ts	71	
call	function	hr	false		src/api/hr/contracts.ts	17	
ContractFilters	interface	hr	true		src/api/hr/contracts.ts	23	
hrContractsApi	object	hr	true		src/api/hr/contracts.ts	25	
contractKeys	object	hr	true		src/api/hr/contracts.ts	45	
useContracts	function	hr	true	hook	src/api/hr/contracts.ts	53	
useContract	function	hr	true	hook	src/api/hr/contracts.ts	56	
useContractStats	function	hr	true	hook	src/api/hr/contracts.ts	59	
useContractTemplates	function	hr	true	hook	src/api/hr/contracts.ts	62	
useContractMutation	function	hr	true	hook	src/api/hr/contracts.ts	67	
docsKeys	object	hr	false		src/api/hr/documents.ts	30	
call	function	hr	false		src/api/hr/documents.ts	42	
useDocumentsList	function	hr	true	hook	src/api/hr/documents.ts	50	
useDocumentsStats	function	hr	true	hook	src/api/hr/documents.ts	60	
useDocumentsExpiring	function	hr	true	hook	src/api/hr/documents.ts	70	
useDocumentRequirements	function	hr	true	hook	src/api/hr/documents.ts	80	
useCreateRequirement	function	hr	true	hook	src/api/hr/documents.ts	88	
useUpdateRequirement	function	hr	true	hook	src/api/hr/documents.ts	97	
useRetireRequirement	function	hr	true	hook	src/api/hr/documents.ts	106	
useComplianceForEmployee	function	hr	true	hook	src/api/hr/documents.ts	117	
useComplianceOverview	function	hr	true	hook	src/api/hr/documents.ts	126	
useRunExpirySweep	function	hr	true	hook	src/api/hr/documents.ts	136	
call	function	hr	false		src/api/hr/employeeImport.ts	13	
ImportMode	type	hr	true		src/api/hr/employeeImport.ts	20	
ImportPolicy	interface	hr	true		src/api/hr/employeeImport.ts	22	
ImportUploadResult	interface	hr	true		src/api/hr/employeeImport.ts	37	
ImportValidateSummary	interface	hr	true		src/api/hr/employeeImport.ts	41	
ImportCommitResult	interface	hr	true		src/api/hr/employeeImport.ts	42	
ImportReportRow	interface	hr	true		src/api/hr/employeeImport.ts	43	
ImportReportError	interface	hr	true		src/api/hr/employeeImport.ts	47	
ImportReport	interface	hr	true		src/api/hr/employeeImport.ts	48	
hrImportApi	object	hr	true		src/api/hr/employeeImport.ts	56	
WorkerType	type	hr	true		src/api/hr/employees.ts	17	
TrainingStatus	type	hr	true		src/api/hr/employees.ts	18	
PayrollReadinessStatus	type	hr	true		src/api/hr/employees.ts	19	
HrEmployeeRow	interface	hr	true		src/api/hr/employees.ts	21	
PayrollReadiness	interface	hr	true		src/api/hr/employees.ts	62	
HrStatutoryRow	interface	hr	true		src/api/hr/employees.ts	68	
HrEmployeeDetail	interface	hr	true		src/api/hr/employees.ts	87	
HrDashboardStats	interface	hr	true		src/api/hr/employees.ts	95	
HrWorkflowSummary	interface	hr	true		src/api/hr/employees.ts	102	
HrEmployeeListFilter	interface	hr	true		src/api/hr/employees.ts	111	
useHrEmployees	function	hr	true	hook	src/api/hr/employees.ts	116	
EmployeeSortCol	type	hr	true		src/api/hr/employees.ts	127	
HrEmployeePageFilter	interface	hr	true		src/api/hr/employees.ts	129	
HrEmployeePageMeta	interface	hr	true		src/api/hr/employees.ts	136	
HrEmployeePage	interface	hr	true		src/api/hr/employees.ts	142	
useHrEmployeesPage	function	hr	true	hook	src/api/hr/employees.ts	148	
fetchHrEmployeeDetail	function	hr	false		src/api/hr/employees.ts	161	
useHrEmployee	function	hr	true	hook	src/api/hr/employees.ts	169	
usePrefetchHrEmployee	function	hr	true	hook	src/api/hr/employees.ts	195	
useHrDashboardStats	function	hr	true	hook	src/api/hr/employees.ts	207	
useHrWorkflowSummary	function	hr	true	hook	src/api/hr/employees.ts	218	
useHrStatutory	function	hr	true	hook	src/api/hr/employees.ts	229	
HrAuditEntry	interface	hr	true		src/api/hr/employees.ts	240	
HrDocument	interface	hr	true		src/api/hr/employees.ts	252	
HrTrainingSummary	interface	hr	true		src/api/hr/employees.ts	265	
useHrAudit	function	hr	true	hook	src/api/hr/employees.ts	270	
useHrDocuments	function	hr	true	hook	src/api/hr/employees.ts	282	
useHrTrainingSummary	function	hr	true	hook	src/api/hr/employees.ts	294	
HrOrgUnit	interface	hr	true		src/api/hr/employees.ts	306	
HrSite	interface	hr	true		src/api/hr/employees.ts	307	
useHrOrgUnits	function	hr	true	hook	src/api/hr/employees.ts	309	
useHrSites	function	hr	true	hook	src/api/hr/employees.ts	319	
CreateHrEmployeeArgs	interface	hr	true		src/api/hr/employees.ts	331	
useCreateHrEmployee	function	hr	true	hook	src/api/hr/employees.ts	342	
ContactUpdateArgs	interface	hr	true		src/api/hr/employees.ts	351	
useUpdateHrContact	function	hr	true	hook	src/api/hr/employees.ts	359	
PhotoDecideArgs	interface	hr	true		src/api/hr/employees.ts	371	
useDecideHrEmployeePhoto	function	hr	true	hook	src/api/hr/employees.ts	373	
StatutoryUpdateArgs	interface	hr	true		src/api/hr/employees.ts	385	
useUpdateHrStatutory	function	hr	true	hook	src/api/hr/employees.ts	393	
StatusChangeArgs	interface	hr	true		src/api/hr/employees.ts	405	
useChangeHrStatus	function	hr	true	hook	src/api/hr/employees.ts	407	
ChangeRequestArgs	interface	hr	true		src/api/hr/employees.ts	420	
useCreateHrChangeRequest	function	hr	true	hook	src/api/hr/employees.ts	422	
UploadDocArgs	interface	hr	true		src/api/hr/employees.ts	431	
useUploadHrDocument	function	hr	true	hook	src/api/hr/employees.ts	433	
useVerifyHrDocument	function	hr	true	hook	src/api/hr/employees.ts	453	
useArchiveHrDocument	function	hr	true	hook	src/api/hr/employees.ts	462	
getHrDocumentDownloadUrl	function	hr	true		src/api/hr/employees.ts	471	
call	function	hr	false		src/api/hr/leave.ts	16	
hrLeaveApi	object	hr	true		src/api/hr/leave.ts	21	
useLeaveTypes	function	hr	true	hook	src/api/hr/leave.ts	50	
useMyLeaveRequests	function	hr	true	hook	src/api/hr/leave.ts	54	
useAllLeaveRequests	function	hr	true	hook	src/api/hr/leave.ts	58	
useLeaveBalances	function	hr	true	hook	src/api/hr/leave.ts	62	
useLeaveCalendar	function	hr	true	hook	src/api/hr/leave.ts	66	
useLeaveStats	function	hr	true	hook	src/api/hr/leave.ts	74	
useLeaveReports	function	hr	true	hook	src/api/hr/leave.ts	78	
useSubmitLeave	function	hr	true	hook	src/api/hr/leave.ts	81	
useApproveLeave	function	hr	true	hook	src/api/hr/leave.ts	91	
useRejectLeave	function	hr	true	hook	src/api/hr/leave.ts	99	
useCancelLeave	function	hr	true	hook	src/api/hr/leave.ts	107	
useRunAccruals	function	hr	true	hook	src/api/hr/leave.ts	115	
useAdjustBalance	function	hr	true	hook	src/api/hr/leave.ts	123	
call	function	hr	false		src/api/hr/offboarding.ts	15	
hrOffboardingApi	object	hr	true		src/api/hr/offboarding.ts	21	
offbKeys	object	hr	true		src/api/hr/offboarding.ts	37	
useOffboardingCases	function	hr	true	hook	src/api/hr/offboarding.ts	44	
useOffboardingCase	function	hr	true	hook	src/api/hr/offboarding.ts	47	
useOffboardingStats	function	hr	true	hook	src/api/hr/offboarding.ts	50	
useOffboardingMutation	function	hr	true	hook	src/api/hr/offboarding.ts	55	
call	function	hr	false		src/api/hr/onboarding.ts	27	
OnboardingTaskTemplate	interface	hr	true		src/api/hr/onboarding.ts	33	
OnboardingHandoffTemplate	interface	hr	true		src/api/hr/onboarding.ts	34	
OnboardingPreview	interface	hr	true		src/api/hr/onboarding.ts	35	
OnboardingStartResult	interface	hr	true		src/api/hr/onboarding.ts	36	
OnboardingTimelineItem	interface	hr	true		src/api/hr/onboarding.ts	41	
hrOnboardingApi	object	hr	true		src/api/hr/onboarding.ts	56	
ActionTemplateArgs	interface	hr	true		src/api/hr/onboarding.ts	166	
CaseActionArgs	interface	hr	true		src/api/hr/onboarding.ts	173	
useOnboardingDashboard	function	hr	true	hook	src/api/hr/onboarding.ts	186	
useOnboardingCases	function	hr	true	hook	src/api/hr/onboarding.ts	193	
useOnboardingTasksList	function	hr	true	hook	src/api/hr/onboarding.ts	202	
useOnboardingHandoffsList	function	hr	true	hook	src/api/hr/onboarding.ts	210	
useOnboardingBlockersList	function	hr	true	hook	src/api/hr/onboarding.ts	219	
useOnboardingPackages	function	hr	true	hook	src/api/hr/onboarding.ts	227	
useOnboardingIntakePreview	function	hr	true	hook	src/api/hr/onboarding.ts	237	
useOnboardingAudit	function	hr	true	hook	src/api/hr/onboarding.ts	245	
useOnboardingRecentActivity	function	hr	true	hook	src/api/hr/onboarding.ts	253	
useOnboardingPackageDetail	function	hr	true	hook	src/api/hr/onboarding.ts	260	
useOnboardingTaskDetail	function	hr	true	hook	src/api/hr/onboarding.ts	268	
useOnboardingCommunications	function	hr	true	hook	src/api/hr/onboarding.ts	276	
useOnboardingTimeline	function	hr	true	hook	src/api/hr/onboarding.ts	284	
useOnboardingReportList	function	hr	true	hook	src/api/hr/onboarding.ts	292	
useOnboardingReport	function	hr	true	hook	src/api/hr/onboarding.ts	300	
useOnboardingMutation	function	hr	false	hook	src/api/hr/onboarding.ts	312	
useOnboardingCompleteTask	function	hr	true	hook	src/api/hr/onboarding.ts	317	
useOnboardingAddTask	function	hr	true	hook	src/api/hr/onboarding.ts	318	
useOnboardingReassignTask	function	hr	true	hook	src/api/hr/onboarding.ts	319	
useOnboardingAddTaskNote	function	hr	true	hook	src/api/hr/onboarding.ts	320	
useOnboardingAttachTaskEvidence	function	hr	true	hook	src/api/hr/onboarding.ts	321	
useOnboardingRetryHandoff	function	hr	true	hook	src/api/hr/onboarding.ts	322	
useOnboardingAcceptHandoff	function	hr	true	hook	src/api/hr/onboarding.ts	323	
useOnboardingCompleteHandoff	function	hr	true	hook	src/api/hr/onboarding.ts	324	
useOnboardingCancelHandoff	function	hr	true	hook	src/api/hr/onboarding.ts	325	
useOnboardingBlockTask	function	hr	true	hook	src/api/hr/onboarding.ts	326	
useOnboardingUnblockTask	function	hr	true	hook	src/api/hr/onboarding.ts	327	
useOnboardingCompleteCase	function	hr	true	hook	src/api/hr/onboarding.ts	328	
useOnboardingCancelCase	function	hr	true	hook	src/api/hr/onboarding.ts	329	
useOnboardingPauseCase	function	hr	true	hook	src/api/hr/onboarding.ts	330	
useOnboardingResumeCase	function	hr	true	hook	src/api/hr/onboarding.ts	331	
useOnboardingReassignOwner	function	hr	true	hook	src/api/hr/onboarding.ts	332	
useOnboardingMarkReady	function	hr	true	hook	src/api/hr/onboarding.ts	333	
useOnboardingResolveBlocker	function	hr	true	hook	src/api/hr/onboarding.ts	334	
useOnboardingEscalateBlocker	function	hr	true	hook	src/api/hr/onboarding.ts	335	
useOnboardingWaiveBlocker	function	hr	true	hook	src/api/hr/onboarding.ts	336	
useOnboardingNotifyBlockerOwner	function	hr	true	hook	src/api/hr/onboarding.ts	337	
useOnboardingSendCommunication	function	hr	true	hook	src/api/hr/onboarding.ts	338	
useOnboardingResendCommunication	function	hr	true	hook	src/api/hr/onboarding.ts	339	
useOnboardingActionTemplates	function	hr	true	hook	src/api/hr/onboarding.ts	342	
useOnboardingCaseActions	function	hr	true	hook	src/api/hr/onboarding.ts	350	
useOnboardingCreateActionTemplate	function	hr	true	hook	src/api/hr/onboarding.ts	358	
useOnboardingUpdateActionTemplate	function	hr	true	hook	src/api/hr/onboarding.ts	359	
useOnboardingRetireActionTemplate	function	hr	true	hook	src/api/hr/onboarding.ts	360	
useOnboardingAddCaseAction	function	hr	true	hook	src/api/hr/onboarding.ts	361	
useOnboardingUpdateCaseAction	function	hr	true	hook	src/api/hr/onboarding.ts	362	
useOnboardingCompleteCaseAction	function	hr	true	hook	src/api/hr/onboarding.ts	363	
useOnboardingCancelCaseAction	function	hr	true	hook	src/api/hr/onboarding.ts	364	
useOnboardingProvisionAccount	function	hr	true	hook	src/api/hr/onboarding.ts	365	
useOnboardingCreatePackage	function	hr	true	hook	src/api/hr/onboarding.ts	368	
useOnboardingUpdatePackage	function	hr	true	hook	src/api/hr/onboarding.ts	369	
useOnboardingSetPackageStatus	function	hr	true	hook	src/api/hr/onboarding.ts	370	
useOnboardingCreateTaskTemplate	function	hr	true	hook	src/api/hr/onboarding.ts	371	
useOnboardingUpdateTaskTemplate	function	hr	true	hook	src/api/hr/onboarding.ts	372	
useOnboardingDeleteTaskTemplate	function	hr	true	hook	src/api/hr/onboarding.ts	373	
useOnboardingCreateHandoffTemplate	function	hr	true	hook	src/api/hr/onboarding.ts	374	
useOnboardingUpdateHandoffTemplate	function	hr	true	hook	src/api/hr/onboarding.ts	375	
useOnboardingDeleteHandoffTemplate	function	hr	true	hook	src/api/hr/onboarding.ts	376	
call	function	hr	false		src/api/hr/organization.ts	22	
keyed	function	hr	false		src/api/hr/organization.ts	34	
hrOrganizationApi	object	hr	true		src/api/hr/organization.ts	38	
orgKeys	object	hr	true		src/api/hr/organization.ts	67	
useOrgUnits	function	hr	true	hook	src/api/hr/organization.ts	81	
useOrgUnit	function	hr	true	hook	src/api/hr/organization.ts	82	
useOrgStats	function	hr	true	hook	src/api/hr/organization.ts	83	
useOrgHealth	function	hr	true	hook	src/api/hr/organization.ts	84	
usePositions	function	hr	true	hook	src/api/hr/organization.ts	85	
usePosition	function	hr	true	hook	src/api/hr/organization.ts	86	
useCostCenters	function	hr	true	hook	src/api/hr/organization.ts	87	
useOrgChangeRequests	function	hr	true	hook	src/api/hr/organization.ts	88	
useOrgInvalidate	function	hr	false	hook	src/api/hr/organization.ts	94	
useCreateOrgUnit	function	hr	true	hook	src/api/hr/organization.ts	102	
useUpdateOrgUnit	function	hr	true	hook	src/api/hr/organization.ts	103	
useMoveOrgUnit	function	hr	true	hook	src/api/hr/organization.ts	104	
useArchiveOrgUnit	function	hr	true	hook	src/api/hr/organization.ts	105	
useDeleteOrgUnit	function	hr	true	hook	src/api/hr/organization.ts	106	
useCreatePosition	function	hr	true	hook	src/api/hr/organization.ts	108	
useUpdatePosition	function	hr	true	hook	src/api/hr/organization.ts	109	
useRetirePosition	function	hr	true	hook	src/api/hr/organization.ts	110	
useCreateCostCenter	function	hr	true	hook	src/api/hr/organization.ts	112	
useUpdateCostCenter	function	hr	true	hook	src/api/hr/organization.ts	113	
useRetireCostCenter	function	hr	true	hook	src/api/hr/organization.ts	114	
useCancelOrgChange	function	hr	true	hook	src/api/hr/organization.ts	116	
OvertimeStatus	type	hr	true		src/api/hr/overtime.ts	12	
OvertimeType	type	hr	true		src/api/hr/overtime.ts	15	
OvertimeEntry	interface	hr	true		src/api/hr/overtime.ts	18	
SubmitOvertimeArgs	interface	hr	true		src/api/hr/overtime.ts	38	
call	function	hr	false		src/api/hr/overtime.ts	48	
hrOvertimeApi	object	hr	true		src/api/hr/overtime.ts	54	
hrOvertimeKeys	object	hr	true		src/api/hr/overtime.ts	64	
useOvertimeEntries	function	hr	true	hook	src/api/hr/overtime.ts	68	
useOvertimeMutation	function	hr	true	hook	src/api/hr/overtime.ts	72	
call	function	hr	false		src/api/hr/requests.ts	16	
hrRequestsApi	object	hr	true		src/api/hr/requests.ts	22	
reqKeys	object	hr	true		src/api/hr/requests.ts	33	
useRequestTypes	function	hr	true	hook	src/api/hr/requests.ts	41	
useMyRequests	function	hr	true	hook	src/api/hr/requests.ts	45	
useAllRequests	function	hr	true	hook	src/api/hr/requests.ts	49	
useRequest	function	hr	true	hook	src/api/hr/requests.ts	54	
useRequestsMutation	function	hr	true	hook	src/api/hr/requests.ts	63	
call	function	hr	false		src/api/hr/roster.ts	19	
hrRosterApi	object	hr	true		src/api/hr/roster.ts	27	
rosterKeys	object	hr	true		src/api/hr/roster.ts	72	
useShiftTemplates	function	hr	true	hook	src/api/hr/roster.ts	87	
useRotationPatterns	function	hr	true	hook	src/api/hr/roster.ts	91	
useCoverageRequirements	function	hr	true	hook	src/api/hr/roster.ts	95	
useRosters	function	hr	true	hook	src/api/hr/roster.ts	99	
useRoster	function	hr	true	hook	src/api/hr/roster.ts	106	
useCoverageGaps	function	hr	true	hook	src/api/hr/roster.ts	114	
useMyShifts	function	hr	true	hook	src/api/hr/roster.ts	122	
useRosterStats	function	hr	true	hook	src/api/hr/roster.ts	126	
useEmployeeHours	function	hr	true	hook	src/api/hr/roster.ts	130	
useRosterMutation	function	hr	true	hook	src/api/hr/roster.ts	141	
NisStatus	type	hr	true		src/api/hr/statutoryProfile.ts	12	
StatutoryProfile	interface	hr	true		src/api/hr/statutoryProfile.ts	14	
CaptureStatutoryProfileArgs	interface	hr	true		src/api/hr/statutoryProfile.ts	38	
call	function	hr	false		src/api/hr/statutoryProfile.ts	52	
hrStatutoryProfileApi	object	hr	true		src/api/hr/statutoryProfile.ts	58	
hrStatutoryProfileKeys	object	hr	true		src/api/hr/statutoryProfile.ts	64	
useStatutoryProfile	function	hr	true	hook	src/api/hr/statutoryProfile.ts	68	
useStatutoryProfileMutation	function	hr	true	hook	src/api/hr/statutoryProfile.ts	76	
call	function	hr	false		src/api/hr/transfers.ts	21	
hrTransfersApi	object	hr	true		src/api/hr/transfers.ts	27	
transferKeys	object	hr	true		src/api/hr/transfers.ts	43	
useTransfers	function	hr	true	hook	src/api/hr/transfers.ts	48	
useTransfersMutation	function	hr	true	hook	src/api/hr/transfers.ts	57	
IncidentSeverity	type	hse	true		src/api/hse/incidents.ts	21	
IncidentStatus	type	hse	true		src/api/hse/incidents.ts	22	
IncidentType	type	hse	true		src/api/hse/incidents.ts	25	
PersonType	type	hse	true		src/api/hse/incidents.ts	28	
OshClassification	type	hse	true		src/api/hse/incidents.ts	30	
InvestigationStatus	type	hse	true		src/api/hse/incidents.ts	34	
RootCauseMethod	type	hse	true		src/api/hse/incidents.ts	37	
CapaPriority	type	hse	true		src/api/hse/incidents.ts	39	
CapaStatus	type	hse	true		src/api/hse/incidents.ts	40	
IncidentPerson	interface	hse	true		src/api/hse/incidents.ts	46	
HseIncident	interface	hse	true		src/api/hse/incidents.ts	57	
HseInvestigation	interface	hse	true		src/api/hse/incidents.ts	90	
HseRootCause	interface	hse	true		src/api/hse/incidents.ts	106	
HseEvidence	interface	hse	true		src/api/hse/incidents.ts	114	
HseCapa	interface	hse	true		src/api/hse/incidents.ts	126	
HseDashboardKpis	interface	hse	true	ui-tile	src/api/hse/incidents.ts	148	
IncidentListFilters	interface	hse	true		src/api/hse/incidents.ts	162	
CapaListFilters	interface	hse	true		src/api/hse/incidents.ts	172	
useHseIncidents	function	hse	true	hook	src/api/hse/incidents.ts	183	
useHseIncident	function	hse	true	hook	src/api/hse/incidents.ts	196	
IncidentPersonInput	interface	hse	true		src/api/hse/incidents.ts	210	
CreateIncidentArgs	interface	hse	true		src/api/hse/incidents.ts	218	
useCreateIncident	function	hse	true	hook	src/api/hse/incidents.ts	242	
UpdateIncidentArgs	interface	hse	true		src/api/hse/incidents.ts	253	
useUpdateIncident	function	hse	true	hook	src/api/hse/incidents.ts	273	
useHseInvestigations	function	hse	true	hook	src/api/hse/incidents.ts	287	
CreateInvestigationArgs	interface	hse	true		src/api/hse/incidents.ts	302	
useCreateInvestigation	function	hse	true	hook	src/api/hse/incidents.ts	309	
UpdateInvestigationArgs	interface	hse	true		src/api/hse/incidents.ts	320	
useUpdateInvestigation	function	hse	true	hook	src/api/hse/incidents.ts	330	
AddRootCauseArgs	interface	hse	true		src/api/hse/incidents.ts	339	
useAddRootCause	function	hse	true	hook	src/api/hse/incidents.ts	346	
useHseCapa	function	hse	true	hook	src/api/hse/incidents.ts	357	
CreateCapaArgs	interface	hse	true		src/api/hse/incidents.ts	370	
useCreateCapa	function	hse	true	hook	src/api/hse/incidents.ts	381	
UpdateCapaArgs	interface	hse	true		src/api/hse/incidents.ts	392	
useUpdateCapa	function	hse	true	hook	src/api/hse/incidents.ts	403	
HseWorkflowInstance	interface	hse	true		src/api/hse/incidents.ts	414	
HseWorkflowTask	interface	hse	true		src/api/hse/incidents.ts	430	
HseTimelineEvent	interface	hse	true		src/api/hse/incidents.ts	444	
HseIncidentDetailData	interface	hse	true		src/api/hse/incidents.ts	455	
useHseIncidentDetail	function	hse	true	hook	src/api/hse/incidents.ts	467	
useHseDashboardKpis	function	hse	true	hook,ui-tile	src/api/hse/incidents.ts	483	
InspectionPriority	type	hse	true		src/api/hse/inspections.ts	15	
InspectionStatus	type	hse	true		src/api/hse/inspections.ts	17	
FindingSeverity	type	hse	true		src/api/hse/inspections.ts	21	
FindingStatus	type	hse	true		src/api/hse/inspections.ts	23	
ResponseStatus	type	hse	true		src/api/hse/inspections.ts	27	
ChecklistResponseType	type	hse	true		src/api/hse/inspections.ts	29	
InspectionRow	interface	hse	true		src/api/hse/inspections.ts	33	
ChecklistItem	interface	hse	true		src/api/hse/inspections.ts	57	
InspectionResponse	interface	hse	true		src/api/hse/inspections.ts	71	
FindingRow	interface	hse	true		src/api/hse/inspections.ts	83	
FindingAction	interface	hse	true		src/api/hse/inspections.ts	102	
EvidenceRow	interface	hse	true		src/api/hse/inspections.ts	113	
AuditEvent	interface	hse	true		src/api/hse/inspections.ts	127	
InspectionDetail	interface	hse	true		src/api/hse/inspections.ts	137	
FindingDetail	interface	hse	true		src/api/hse/inspections.ts	146	
InspectionStats	interface	hse	true		src/api/hse/inspections.ts	153	
TemplateRow	interface	hse	true		src/api/hse/inspections.ts	165	
InspectionFilter	interface	hse	true		src/api/hse/inspections.ts	174	
FindingFilter	interface	hse	true		src/api/hse/inspections.ts	185	
InspectionLifecycleAction	type	hse	true		src/api/hse/inspections.ts	194	
FindingLifecycleAction	type	hse	true		src/api/hse/inspections.ts	195	
useInspections	function	hse	true	hook	src/api/hse/inspections.ts	199	
useInspection	function	hse	true	hook	src/api/hse/inspections.ts	207	
useInspectionStats	function	hse	true	hook	src/api/hse/inspections.ts	216	
useFindings	function	hse	true	hook	src/api/hse/inspections.ts	224	
useFinding	function	hse	true	hook	src/api/hse/inspections.ts	232	
useInspectionTemplates	function	hse	true	hook	src/api/hse/inspections.ts	241	
CreateInspectionArgs	interface	hse	true		src/api/hse/inspections.ts	252	
useCreateInspection	function	hse	true	hook	src/api/hse/inspections.ts	271	
useUpdateInspection	function	hse	true	hook	src/api/hse/inspections.ts	280	
useInspectionTransition	function	hse	true	hook	src/api/hse/inspections.ts	289	
useRescheduleInspection	function	hse	true	hook	src/api/hse/inspections.ts	298	
useSaveResponse	function	hse	true	hook	src/api/hse/inspections.ts	307	
CreateFindingArgs	interface	hse	true		src/api/hse/inspections.ts	316	
useCreateFinding	function	hse	true	hook	src/api/hse/inspections.ts	329	
useAssignFindingAction	function	hse	true	hook	src/api/hse/inspections.ts	338	
useUpdateFindingAction	function	hse	true	hook	src/api/hse/inspections.ts	347	
useFindingTransition	function	hse	true	hook	src/api/hse/inspections.ts	356	
CreateTemplateArgs	interface	hse	true		src/api/hse/inspections.ts	365	
useCreateTemplate	function	hse	true	hook	src/api/hse/inspections.ts	381	
useAddEvidence	function	hse	true	hook	src/api/hse/inspections.ts	390	
useUploadEvidence	function	hse	true	hook	src/api/hse/inspections.ts	400	
PermitRiskLevel	type	hse	true		src/api/hse/ptw.ts	15	
PermitStatus	type	hse	true		src/api/hse/ptw.ts	17	
PermitListRow	interface	hse	true		src/api/hse/ptw.ts	35	
PermitDetail	interface	hse	true		src/api/hse/ptw.ts	54	
PermitStats	interface	hse	true		src/api/hse/ptw.ts	70	
PermitTypeConfig	interface	hse	true		src/api/hse/ptw.ts	94	
PermitFilter	interface	hse	true		src/api/hse/ptw.ts	117	
CreatePermitHazardControl	interface	hse	true		src/api/hse/ptw.ts	132	
CreatePermitHazard	interface	hse	true		src/api/hse/ptw.ts	139	
CreatePermitIsolation	interface	hse	true		src/api/hse/ptw.ts	148	
CreatePermitArgs	interface	hse	true		src/api/hse/ptw.ts	156	
UpdatePermitArgs	interface	hse	true		src/api/hse/ptw.ts	179	
PermitLifecycleAction	type	hse	true		src/api/hse/ptw.ts	196	
usePermits	function	hse	true	hook	src/api/hse/ptw.ts	214	
usePermit	function	hse	true	hook	src/api/hse/ptw.ts	224	
usePermitStats	function	hse	true	hook	src/api/hse/ptw.ts	235	
usePermitTypes	function	hse	true	hook	src/api/hse/ptw.ts	245	
useCreatePermit	function	hse	true	hook	src/api/hse/ptw.ts	257	
useUpdatePermit	function	hse	true	hook	src/api/hse/ptw.ts	268	
useSaveDraft	function	hse	true	hook	src/api/hse/ptw.ts	277	
usePermitTransition	function	hse	true	hook	src/api/hse/ptw.ts	287	
PermitIsolation	interface	hse	true		src/api/hse/ptw.ts	300	
PermitSimops	interface	hse	true		src/api/hse/ptw.ts	316	
PermitApproval	interface	hse	true		src/api/hse/ptw.ts	332	
CreateIsolationArgs	interface	hse	true		src/api/hse/ptw.ts	348	
IsolationActionArgs	interface	hse	true		src/api/hse/ptw.ts	358	
SimopsCheckArgs	interface	hse	true		src/api/hse/ptw.ts	364	
SimopsActionArgs	interface	hse	true		src/api/hse/ptw.ts	368	
DecideApprovalArgs	interface	hse	true		src/api/hse/ptw.ts	375	
usePermitIsolations	function	hse	true	hook	src/api/hse/ptw.ts	384	
usePermitSimops	function	hse	true	hook	src/api/hse/ptw.ts	395	
usePermitApprovals	function	hse	true	hook	src/api/hse/ptw.ts	406	
useCreateIsolation	function	hse	true	hook	src/api/hse/ptw.ts	419	
useIsolationAction	function	hse	true	hook	src/api/hse/ptw.ts	433	
useSimopsCheck	function	hse	true	hook	src/api/hse/ptw.ts	447	
useSimopsAction	function	hse	true	hook	src/api/hse/ptw.ts	460	
useDecideApproval	function	hse	true	hook	src/api/hse/ptw.ts	473	
PermitTemplate	interface	hse	true		src/api/hse/ptw.ts	489	
CreateTemplateArgs	interface	hse	true		src/api/hse/ptw.ts	509	
UpdateTemplateArgs	interface	hse	true		src/api/hse/ptw.ts	520	
usePermitTemplates	function	hse	true	hook	src/api/hse/ptw.ts	534	
parseTextList	function	hse	false		src/api/hse/ptw.ts	548	
useCreatePermitTemplate	function	hse	true	hook	src/api/hse/ptw.ts	557	
useUpdatePermitTemplate	function	hse	true	hook	src/api/hse/ptw.ts	570	
useDuplicatePermitTemplate	function	hse	true	hook	src/api/hse/ptw.ts	583	
useDeactivatePermitTemplate	function	hse	true	hook	src/api/hse/ptw.ts	594	
JsaSearchRow	interface	hse	true		src/api/hse/ptw.ts	609	
RaSearchRow	interface	hse	true		src/api/hse/ptw.ts	616	
useApprovedJsaSearch	function	hse	true	hook	src/api/hse/ptw.ts	627	
useApprovedRaSearch	function	hse	true	hook	src/api/hse/ptw.ts	653	
hseRiskJsaKeys	object	hse	true		src/api/hse/riskJsa.ts	13	
RiskLevel	type	hse	true		src/api/hse/riskJsa.ts	26	
HazardStatus	type	hse	true		src/api/hse/riskJsa.ts	28	
AssessmentStatus	type	hse	true		src/api/hse/riskJsa.ts	33	
JsaStatus	type	hse	true		src/api/hse/riskJsa.ts	37	
QueueRow	interface	hse	true		src/api/hse/riskJsa.ts	42	
ControlType	type	hse	true		src/api/hse/riskJsa.ts	56	
HazardRow	interface	hse	true		src/api/hse/riskJsa.ts	59	
AssessmentRow	interface	hse	true		src/api/hse/riskJsa.ts	81	
JsaRow	interface	hse	true		src/api/hse/riskJsa.ts	99	
RiskJsaSummary	interface	hse	true		src/api/hse/riskJsa.ts	115	
ControlRow	interface	hse	true		src/api/hse/riskJsa.ts	128	
useRiskJsaSummary	function	hse	true	hook	src/api/hse/riskJsa.ts	144	
HazardFilter	interface	hse	true		src/api/hse/riskJsa.ts	154	
useHazards	function	hse	true	hook	src/api/hse/riskJsa.ts	163	
useHazardDetail	function	hse	true	hook	src/api/hse/riskJsa.ts	171	
CreateHazardArgs	interface	hse	true		src/api/hse/riskJsa.ts	180	
useCreateHazard	function	hse	true	hook	src/api/hse/riskJsa.ts	202	
CreateLibraryHazardArgs	interface	hse	true		src/api/hse/riskJsa.ts	213	
useCreateLibraryHazard	function	hse	true	hook	src/api/hse/riskJsa.ts	224	
UpdateHazardArgs	interface	hse	true		src/api/hse/riskJsa.ts	235	
UpdateResult	interface	hse	false		src/api/hse/riskJsa.ts	250	
useUpdateHazard	function	hse	true	hook	src/api/hse/riskJsa.ts	252	
useUpdateAssessment	function	hse	true	hook	src/api/hse/riskJsa.ts	261	
useUpdateJsa	function	hse	true	hook	src/api/hse/riskJsa.ts	270	
AssessmentFilter	interface	hse	true		src/api/hse/riskJsa.ts	281	
useAssessments	function	hse	true	hook	src/api/hse/riskJsa.ts	288	
useAssessmentDetail	function	hse	true	hook	src/api/hse/riskJsa.ts	296	
CreateAssessmentArgs	interface	hse	true		src/api/hse/riskJsa.ts	305	
useCreateAssessment	function	hse	true	hook	src/api/hse/riskJsa.ts	327	
useSubmitAssessment	function	hse	true	hook	src/api/hse/riskJsa.ts	338	
JsaFilter	interface	hse	true		src/api/hse/riskJsa.ts	349	
useJsaList	function	hse	true	hook	src/api/hse/riskJsa.ts	355	
useJsaDetail	function	hse	true	hook	src/api/hse/riskJsa.ts	363	
JsaStepHazard	interface	hse	true		src/api/hse/riskJsa.ts	372	
JsaStep	interface	hse	true		src/api/hse/riskJsa.ts	382	
CreateJsaArgs	interface	hse	true		src/api/hse/riskJsa.ts	395	
JsaCrewMember	interface	hse	true		src/api/hse/riskJsa.ts	422	
useCreateJsa	function	hse	true	hook	src/api/hse/riskJsa.ts	434	
useSubmitJsa	function	hse	true	hook	src/api/hse/riskJsa.ts	445	
JsaSuggestedHazard	interface	hse	true		src/api/hse/riskJsa.ts	456	
JsaPrefill	interface	hse	true		src/api/hse/riskJsa.ts	466	
useGenerateJsaFromAssessment	function	hse	true	hook	src/api/hse/riskJsa.ts	478	
CreateControlArgs	interface	hse	true		src/api/hse/riskJsa.ts	487	
useCreateControl	function	hse	true	hook	src/api/hse/riskJsa.ts	497	
ReviewArgs	interface	hse	true		src/api/hse/riskJsa.ts	508	
useRiskJsaReview	function	hse	true	hook	src/api/hse/riskJsa.ts	517	
LifecycleAction	type	hse	true		src/api/hse/riskJsa.ts	528	
LifecycleArgs	interface	hse	true		src/api/hse/riskJsa.ts	531	
useRiskJsaLifecycle	function	hse	true	hook	src/api/hse/riskJsa.ts	541	
useAcknowledgeJsa	function	hse	true	hook	src/api/hse/riskJsa.ts	551	
useRiskJsaQueue	function	hse	true	hook	src/api/hse/riskJsa.ts	562	
useSubmitHazard	function	hse	true	hook	src/api/hse/riskJsa.ts	573	
VerifyControlArgs	interface	hse	true		src/api/hse/riskJsa.ts	584	
useVerifyControl	function	hse	true	hook	src/api/hse/riskJsa.ts	590	
LinkCapaArgs	interface	hse	true		src/api/hse/riskJsa.ts	601	
useLinkCapa	function	hse	true	hook	src/api/hse/riskJsa.ts	611	
AttachEntityType	type	hse	true		src/api/hse/riskJsa.ts	622	
AttachmentRow	interface	hse	true		src/api/hse/riskJsa.ts	624	
useAttachments	function	hse	true	hook	src/api/hse/riskJsa.ts	634	
useUploadAttachment	function	hse	true	hook	src/api/hse/riskJsa.ts	644	
useDeleteAttachment	function	hse	true	hook	src/api/hse/riskJsa.ts	665	
HazardLibraryItem	interface	hse	true		src/api/hse/riskJsa.ts	676	
ControlLibraryItem	interface	hse	true		src/api/hse/riskJsa.ts	688	
HazardLibraryFilter	interface	hse	true		src/api/hse/riskJsa.ts	698	
useHazardLibrary	function	hse	true	hook	src/api/hse/riskJsa.ts	704	
ControlLibraryFilter	interface	hse	true		src/api/hse/riskJsa.ts	713	
useControlLibrary	function	hse	true	hook	src/api/hse/riskJsa.ts	719	
WorkflowTemplate	interface	hse	true		src/api/hse/riskJsa.ts	730	
useWorkflowTemplates	function	hse	true	hook	src/api/hse/riskJsa.ts	741	
useDuplicateTemplate	function	hse	true	hook	src/api/hse/riskJsa.ts	750	
CertificateStatus	type	hse	true		src/api/hse/training.ts	14	
CellStatus	type	hse	true		src/api/hse/training.ts	17	
WorkerStatus	type	hse	true		src/api/hse/training.ts	18	
AssignmentStatus	type	hse	true		src/api/hse/training.ts	19	
MatrixCompetency	interface	hse	true		src/api/hse/training.ts	21	
MatrixRow	interface	hse	true		src/api/hse/training.ts	25	
TrainingStats	interface	hse	true		src/api/hse/training.ts	31	
CompetencyRow	interface	hse	true		src/api/hse/training.ts	35	
CourseRow	interface	hse	true		src/api/hse/training.ts	39	
RequirementRow	interface	hse	true		src/api/hse/training.ts	40	
CertificateRow	interface	hse	true		src/api/hse/training.ts	44	
EvidenceRow	interface	hse	true		src/api/hse/training.ts	50	
VerificationRow	interface	hse	true		src/api/hse/training.ts	51	
AuditEvent	interface	hse	true		src/api/hse/training.ts	52	
CertificateDetail	interface	hse	true		src/api/hse/training.ts	53	
AssignmentRow	interface	hse	true		src/api/hse/training.ts	57	
MatrixFilter	interface	hse	true		src/api/hse/training.ts	62	
CertFilter	interface	hse	true		src/api/hse/training.ts	63	
useCompetencyMatrix	function	hse	true	hook	src/api/hse/training.ts	67	
useTrainingStats	function	hse	true	hook	src/api/hse/training.ts	74	
useCertificates	function	hse	true	hook	src/api/hse/training.ts	81	
useCertificate	function	hse	true	hook	src/api/hse/training.ts	88	
useCompetencies	function	hse	true	hook	src/api/hse/training.ts	95	
useCourses	function	hse	true	hook	src/api/hse/training.ts	102	
useRequirements	function	hse	true	hook	src/api/hse/training.ts	110	
useAssignments	function	hse	true	hook	src/api/hse/training.ts	117	
useInvalidate	function	hse	false	hook	src/api/hse/training.ts	127	
CreateCertificateArgs	interface	hse	true		src/api/hse/training.ts	132	
useCreateCertificate	function	hse	true	hook	src/api/hse/training.ts	137	
useRenewCertificate	function	hse	true	hook	src/api/hse/training.ts	144	
CertVerifyAction	type	hse	true		src/api/hse/training.ts	152	
useCertificateAction	function	hse	true	hook	src/api/hse/training.ts	153	
useAddCertEvidence	function	hse	true	hook	src/api/hse/training.ts	161	
useUploadCertEvidence	function	hse	true	hook	src/api/hse/training.ts	170	
useCreateCompetency	function	hse	true	hook	src/api/hse/training.ts	183	
useCreateRequirement	function	hse	true	hook	src/api/hse/training.ts	191	
useDeleteRequirement	function	hse	true	hook	src/api/hse/training.ts	199	
AssignTrainingArgs	interface	hse	true		src/api/hse/training.ts	206	
useAssignTraining	function	hse	true	hook	src/api/hse/training.ts	210	
useAssignmentAction	function	hse	true	hook	src/api/hse/training.ts	217	
LayoutResponse	interface	widgets	true		src/api/layout.ts	12	
getLayout	function	widgets	true		src/api/layout.ts	19	
saveLayoutOverride	function	widgets	true		src/api/layout.ts	25	
saveLayoutDefault	function	widgets	true		src/api/layout.ts	31	
resetLayoutOverride	function	widgets	true		src/api/layout.ts	37	
InstanceLayoutResponse	interface	widgets	true		src/api/layout.ts	43	
getInstanceLayout	function	widgets	true		src/api/layout.ts	53	
saveInstanceLayout	function	widgets	true		src/api/layout.ts	60	
saveInstanceLayoutDefault	function	widgets	true		src/api/layout.ts	66	
resetInstanceLayout	function	widgets	true		src/api/layout.ts	72	
PAGE_SIZE	variable	communications	false		src/api/notifications.ts	34	
getMyNotifications	function	communications	true		src/api/notifications.ts	43	
getUnreadCount	function	communications	true		src/api/notifications.ts	72	
markAsRead	function	communications	true		src/api/notifications.ts	86	
markAllAsRead	function	communications	true		src/api/notifications.ts	94	
deleteNotification	function	communications	true		src/api/notifications.ts	102	
clearAllNotifications	function	communications	true		src/api/notifications.ts	110	
sendNotification	function	communications	true		src/api/notifications.ts	120	
getMyPreferences	function	communications	true		src/api/notifications.ts	133	
updateMyPreference	function	communications	true		src/api/notifications.ts	151	
TimelineItemType	type	workflow	true		src/api/orchestration.ts	9	
TimelineItem	interface	workflow	true		src/api/orchestration.ts	11	
TimelineRef	interface	workflow	true		src/api/orchestration.ts	24	
useRecordTimeline	function	workflow	true	hook	src/api/orchestration.ts	33	
listPayrollRuns	function	payroll	true		src/api/payroll.ts	22	
getPayrollEntries	function	payroll	true		src/api/payroll.ts	41	
createPayrollRun	function	payroll	true		src/api/payroll.ts	64	
approvePayrollRun	function	payroll	true		src/api/payroll.ts	73	
getHourlyRateHistory	function	payroll	true		src/api/payroll.ts	85	
listAllHourlyRates	function	payroll	true		src/api/payroll.ts	105	
setHourlyRate	function	payroll	true		src/api/payroll.ts	124	
employeeKeys	variable	platform	true		src/api/queryKeys.ts	32	
hrEmployeeKeys	variable	platform	true		src/api/queryKeys.ts	44	
departmentKeys	variable	platform	true		src/api/queryKeys.ts	62	
attendanceKeys	variable	platform	true		src/api/queryKeys.ts	71	
leaveKeys	variable	platform	true		src/api/queryKeys.ts	84	
payrollKeys	variable	platform	true		src/api/queryKeys.ts	93	
hourlyRateKeys	variable	platform	true		src/api/queryKeys.ts	105	
siteKeys	variable	platform	true		src/api/queryKeys.ts	114	
profileKeys	variable	platform	true		src/api/queryKeys.ts	125	
settingsKeys	variable	platform	true		src/api/queryKeys.ts	132	
dashboardKeys	variable	platform	true		src/api/queryKeys.ts	139	
historyKeys	variable	platform	true		src/api/queryKeys.ts	149	
notificationKeys	variable	platform	true		src/api/queryKeys.ts	156	
messageKeys	variable	platform	true		src/api/queryKeys.ts	168	
ticketKeys	variable	platform	true		src/api/queryKeys.ts	193	
communicationKeys	variable	platform	true		src/api/queryKeys.ts	202	
workflowKeys	variable	platform	true		src/api/queryKeys.ts	209	
handoffKeys	variable	platform	true		src/api/queryKeys.ts	219	
ptwKeys	variable	platform	true		src/api/queryKeys.ts	228	
inspectionKeys	variable	platform	true		src/api/queryKeys.ts	244	
trainingKeys	variable	platform	true		src/api/queryKeys.ts	263	
hseIncidentKeys	variable	platform	true		src/api/queryKeys.ts	278	
AttendanceStatusSchema	variable	hr	true		src/api/schemas/attendance.ts	16	
AttendanceRowSchema	variable	hr	true		src/api/schemas/attendance.ts	20	
AttendanceRow	type	hr	true		src/api/schemas/attendance.ts	45	
CheckInSchema	variable	hr	true		src/api/schemas/attendance.ts	49	
CheckInPayload	type	hr	true		src/api/schemas/attendance.ts	58	
CheckOutSchema	variable	hr	true		src/api/schemas/attendance.ts	62	
CheckOutPayload	type	hr	true		src/api/schemas/attendance.ts	72	
MonthFilterSchema	variable	hr	true		src/api/schemas/attendance.ts	76	
MonthFilter	type	hr	true		src/api/schemas/attendance.ts	81	
DateRangeFilterSchema	variable	hr	true		src/api/schemas/attendance.ts	83	
DateRangeFilter	type	hr	true		src/api/schemas/attendance.ts	88	
AttendanceFilterSchema	variable	hr	true		src/api/schemas/attendance.ts	90	
AttendanceFilter	type	hr	true		src/api/schemas/attendance.ts	91	
UserRoleSchema	variable	security	true		src/api/schemas/auth.ts	22	
UserRole	type	security	true		src/api/schemas/auth.ts	28	
LoginPayloadSchema	variable	security	true		src/api/schemas/auth.ts	32	
LoginPayload	type	security	true		src/api/schemas/auth.ts	38	
Verify2faPayloadSchema	variable	security	true		src/api/schemas/auth.ts	42	
Verify2faPayload	type	security	true		src/api/schemas/auth.ts	47	
ConfirmSetupPayloadSchema	variable	security	true		src/api/schemas/auth.ts	49	
ConfirmSetupPayload	type	security	true		src/api/schemas/auth.ts	54	
FullSessionSchema	variable	security	true		src/api/schemas/auth.ts	58	
FullSession	type	security	true		src/api/schemas/auth.ts	76	
TwoFactorRequiredSchema	variable	security	true		src/api/schemas/auth.ts	80	
TwoFactorSetupRequiredSchema	variable	security	true		src/api/schemas/auth.ts	85	
PermissionKeySchema	variable	security	true		src/api/schemas/auth.ts	98	
PermissionKey	type	security	true		src/api/schemas/auth.ts	103	
PermissionOverrideSchema	variable	security	true		src/api/schemas/auth.ts	105	
PermissionOverride	type	security	true		src/api/schemas/auth.ts	121	
uuid	variable	hr	false		src/api/schemas/employee.ts	26	
isoTimestamp	variable	hr	false		src/api/schemas/employee.ts	27	
isoDate	variable	hr	false		src/api/schemas/employee.ts	28	
UserStatusSchema	variable	hr	true		src/api/schemas/employee.ts	34	
PayCycleSchema	variable	hr	true		src/api/schemas/employee.ts	35	
PayBasisSchema	variable	hr	true		src/api/schemas/employee.ts	36	
EmployeeRowSchema	variable	hr	true		src/api/schemas/employee.ts	39	
EmployeeRow	type	hr	true		src/api/schemas/employee.ts	72	
AddEmployeeSchema	variable	hr	true		src/api/schemas/employee.ts	75	
AddEmployeePayload	type	hr	true		src/api/schemas/employee.ts	96	
UpdateEmployeeSchema	variable	hr	true		src/api/schemas/employee.ts	99	
UpdateEmployeePayload	type	hr	true		src/api/schemas/employee.ts	104	
DepartmentRowSchema	variable	hr	true		src/api/schemas/employee.ts	108	
DepartmentRow	type	hr	true		src/api/schemas/employee.ts	115	
AddDepartmentSchema	variable	hr	true		src/api/schemas/employee.ts	117	
AddDepartmentPayload	type	hr	true		src/api/schemas/employee.ts	122	
UpdateDepartmentSchema	variable	hr	true		src/api/schemas/employee.ts	124	
UpdateDepartmentPayload	type	hr	true		src/api/schemas/employee.ts	128	
EmployeeSlimSchema	variable	hr	true		src/api/schemas/employee.ts	133	
EmployeeSlim	type	hr	true		src/api/schemas/employee.ts	144	
LeaveStatusSchema	variable	hr	true		src/api/schemas/leave.ts	16	
LeaveTypeSchema	variable	hr	true		src/api/schemas/leave.ts	17	
LeaveRowSchema	variable	hr	true		src/api/schemas/leave.ts	21	
LeaveRow	type	hr	true		src/api/schemas/leave.ts	37	
SubmitLeaveSchema	variable	hr	true		src/api/schemas/leave.ts	41	
SubmitLeavePayload	type	hr	true		src/api/schemas/leave.ts	51	
ReviewLeaveSchema	variable	hr	true		src/api/schemas/leave.ts	55	
ReviewLeavePayload	type	hr	true		src/api/schemas/leave.ts	61	
appId	variable	communications	false		src/api/schemas/notification.ts	18	
NotificationTypeSchema	variable	communications	true		src/api/schemas/notification.ts	22	
NotificationType	type	communications	true		src/api/schemas/notification.ts	34	
NOTIFICATION_TYPE_LABELS	object	communications	true		src/api/schemas/notification.ts	37	
NotificationRowSchema	variable	communications	true		src/api/schemas/notification.ts	51	
NotificationRow	type	communications	true		src/api/schemas/notification.ts	66	
NotificationPreferenceSchema	variable	communications	true		src/api/schemas/notification.ts	70	
NotificationPreferenceRow	type	communications	true		src/api/schemas/notification.ts	81	
SendNotificationSchema	variable	communications	true		src/api/schemas/notification.ts	85	
SendNotificationPayload	type	communications	true		src/api/schemas/notification.ts	93	
UpdatePreferenceSchema	variable	communications	true		src/api/schemas/notification.ts	97	
UpdatePreferencePayload	type	communications	true		src/api/schemas/notification.ts	105	
PayrollStatusSchema	variable	payroll	true		src/api/schemas/payroll.ts	17	
PayrollRunSchema	variable	payroll	true		src/api/schemas/payroll.ts	21	
PayrollRun	type	payroll	true		src/api/schemas/payroll.ts	33	
PayrollEntrySchema	variable	payroll	true		src/api/schemas/payroll.ts	37	
PayrollEntry	type	payroll	true		src/api/schemas/payroll.ts	54	
HourlyRateRowSchema	variable	payroll	true		src/api/schemas/payroll.ts	58	
HourlyRateRow	type	payroll	true		src/api/schemas/payroll.ts	67	
SetHourlyRateSchema	variable	payroll	true		src/api/schemas/payroll.ts	69	
SetHourlyRatePayload	type	payroll	true		src/api/schemas/payroll.ts	75	
CreatePayrollRunSchema	variable	payroll	true		src/api/schemas/payroll.ts	79	
CreatePayrollRunPayload	type	payroll	true		src/api/schemas/payroll.ts	87	
SettingRowSchema	variable	settings	true		src/api/schemas/settings.ts	15	
SettingRow	type	settings	true		src/api/schemas/settings.ts	20	
SettingsMap	type	settings	true		src/api/schemas/settings.ts	23	
SaveCompanySettingsSchema	variable	settings	true		src/api/schemas/settings.ts	27	
SaveCompanySettingsPayload	type	settings	true		src/api/schemas/settings.ts	38	
SaveStatutoryRatesSchema	variable	settings	true		src/api/schemas/settings.ts	42	
SaveStatutoryRatesPayload	type	settings	true		src/api/schemas/settings.ts	55	
SiteStatusSchema	variable	platform	true		src/api/schemas/site.ts	16	
SiteRowSchema	variable	platform	true		src/api/schemas/site.ts	20	
SiteRow	type	platform	true		src/api/schemas/site.ts	33	
CreateSiteSchema	variable	platform	true		src/api/schemas/site.ts	37	
CreateSitePayload	type	platform	true		src/api/schemas/site.ts	48	
UpdateSiteSchema	variable	platform	true		src/api/schemas/site.ts	50	
UpdateSitePayload	type	platform	true		src/api/schemas/site.ts	51	
AssignSiteMembersSchema	variable	platform	true		src/api/schemas/site.ts	55	
AssignSiteMembersPayload	type	platform	true		src/api/schemas/site.ts	60	
TICKET_STATUSES	variable	communications	true		src/api/schemas/ticket.ts	15	
TicketStatus	type	communications	true		src/api/schemas/ticket.ts	16	
TICKET_STATUS_LABEL	object	communications	true		src/api/schemas/ticket.ts	18	
TICKET_STATUS_CSS	object	communications	true		src/api/schemas/ticket.ts	27	
TICKET_CATEGORIES	variable	communications	true		src/api/schemas/ticket.ts	35	
SLA_OVERDUE_MS	variable	communications	true		src/api/schemas/ticket.ts	45	
TicketReplySchema	variable	communications	true		src/api/schemas/ticket.ts	49	
TicketReply	type	communications	true		src/api/schemas/ticket.ts	59	
TicketRowSchema	variable	communications	true		src/api/schemas/ticket.ts	63	
TicketRow	type	communications	true		src/api/schemas/ticket.ts	76	
ticketLatestAt	function	communications	true		src/api/schemas/ticket.ts	81	
isOverdue	function	communications	true		src/api/schemas/ticket.ts	88	
isClosed	function	communications	true		src/api/schemas/ticket.ts	94	
CreateTicketPayloadSchema	variable	communications	true		src/api/schemas/ticket.ts	100	
CreateTicketPayload	type	communications	true		src/api/schemas/ticket.ts	106	
TotpStatusResponse	interface	security	true		src/api/security.ts	28	
TotpSetupResponse	interface	security	true		src/api/security.ts	37	
TotpConfirmResponse	interface	security	true		src/api/security.ts	44	
TotpDisableResponse	interface	security	true		src/api/security.ts	49	
TotpRegenResponse	interface	security	true		src/api/security.ts	55	
PasskeyCredential	interface	security	true		src/api/security.ts	62	
PasskeyListResponse	interface	security	true		src/api/security.ts	72	
PasskeyRegisterOptionsResponse	interface	security	true		src/api/security.ts	77	
PasskeyRegisterVerifyResponse	interface	security	true		src/api/security.ts	82	
PasskeyMutateResponse	interface	security	true		src/api/security.ts	88	
TrustedDevice	interface	security	true		src/api/security.ts	96	
TrustedDevicesListResponse	interface	security	true		src/api/security.ts	109	
TrustedDeviceMutateResponse	interface	security	true		src/api/security.ts	114	
securityKeys	variable	security	true		src/api/security.ts	122	
useTotpStatus	function	security	true	hook	src/api/security.ts	135	
useStartTotpSetup	function	security	true	hook	src/api/security.ts	148	
useConfirmTotp	function	security	true	hook	src/api/security.ts	158	
useDisableTotp	function	security	true	hook	src/api/security.ts	173	
useRegenerateBackupCodes	function	security	true	hook	src/api/security.ts	188	
usePasskeys	function	security	true	hook	src/api/security.ts	204	
useRegisterPasskey	function	security	true	hook	src/api/security.ts	219	
useRenamePasskey	function	security	true	hook	src/api/security.ts	254	
useDeletePasskey	function	security	true	hook	src/api/security.ts	270	
useTrustedDevices	function	security	true	hook	src/api/security.ts	290	
useRevokeTrustedDevice	function	security	true	hook	src/api/security.ts	304	
useRevokeAllTrustedDevices	function	security	true	hook	src/api/security.ts	319	
AdminUserSecurityStatusResponse	interface	security	true		src/api/security.ts	332	
AdminRevokeMutateResponse	interface	security	true		src/api/security.ts	341	
adminSecurityKeys	variable	security	true		src/api/security.ts	349	
useAdminUserSecurityStatus	function	security	true	hook	src/api/security.ts	356	
useAdminRevokeUserPasskeys	function	security	true	hook	src/api/security.ts	369	
useAdminRevokeUserTrustedDevices	function	security	true	hook	src/api/security.ts	384	
PublicSecurityPolicy	interface	security	true		src/api/security.ts	408	
SecurityPolicyResponse	interface	security	true		src/api/security.ts	416	
SecurityPolicyUpdatePayload	interface	security	true		src/api/security.ts	419	
SecurityPolicyUpdateResponse	interface	security	true		src/api/security.ts	431	
useSecurityPolicy	function	security	true	hook	src/api/security.ts	433	
useUpdateSecurityPolicy	function	security	true	hook	src/api/security.ts	443	
getSettingsMap	function	settings	true		src/api/settings.ts	25	
saveCompanySettings	function	settings	true		src/api/settings.ts	48	
saveStatutoryRates	function	settings	true		src/api/settings.ts	59	
uploadCompanyLogo	function	settings	true		src/api/settings.ts	74	
SettingDataType	type	settings	true		src/api/settingsCatalog.ts	15	
SettingClass	type	settings	true		src/api/settingsCatalog.ts	17	
SettingScopeType	type	settings	true		src/api/settingsCatalog.ts	21	
SettingSource	type	settings	true		src/api/settingsCatalog.ts	22	
EffectiveSetting	interface	settings	true		src/api/settingsCatalog.ts	25	
SettingAuditEntry	interface	settings	true		src/api/settingsCatalog.ts	46	
SetSettingArgs	interface	settings	true		src/api/settingsCatalog.ts	59	
ResetSettingArgs	interface	settings	true		src/api/settingsCatalog.ts	66	
settingsKeys	object	settings	true		src/api/settingsCatalog.ts	75	
useEffectiveSettings	function	settings	true	hook	src/api/settingsCatalog.ts	85	
useSettingsCatalog	function	settings	true	hook	src/api/settingsCatalog.ts	95	
useSettingAudit	function	settings	true	hook	src/api/settingsCatalog.ts	105	
useInvalidateSettings	function	settings	false	hook	src/api/settingsCatalog.ts	116	
useSetSetting	function	settings	true	hook	src/api/settingsCatalog.ts	122	
useResetSetting	function	settings	true	hook	src/api/settingsCatalog.ts	132	
useSyncSettingsCatalog	function	settings	true	hook	src/api/settingsCatalog.ts	142	
useMyPreferences	function	settings	true	hook	src/api/settingsCatalog.ts	153	
useCriticalSettings	function	settings	true	hook	src/api/settingsCatalog.ts	163	
ManifestReviewStatus	type	settings	true		src/api/settingsCatalog.ts	174	
ReviewerRole	type	settings	true		src/api/settingsCatalog.ts	175	
ReviewDecision	type	settings	true		src/api/settingsCatalog.ts	176	
ManifestRow	interface	settings	true		src/api/settingsCatalog.ts	178	
ManifestSection	interface	settings	true		src/api/settingsCatalog.ts	203	
ManifestApproval	interface	settings	true		src/api/settingsCatalog.ts	204	
manifestKeys	object	settings	true		src/api/settingsCatalog.ts	209	
useManifestsList	function	settings	true	hook	src/api/settingsCatalog.ts	215	
useManifest	function	settings	true	hook	src/api/settingsCatalog.ts	223	
ManifestActionArgs	interface	settings	true		src/api/settingsCatalog.ts	232	
useManifestAction	function	settings	true	hook	src/api/settingsCatalog.ts	242	
SiteWithMembers	type	platform	false		src/api/sites.ts	21	
listSites	function	platform	true		src/api/sites.ts	32	
listActiveSites	function	platform	true		src/api/sites.ts	51	
getSiteWithMembers	function	platform	true		src/api/sites.ts	71	
getLiveSiteMap	function	platform	true		src/api/sites.ts	99	
createSite	function	platform	true		src/api/sites.ts	132	
updateSite	function	platform	true		src/api/sites.ts	141	
deleteSite	function	platform	true		src/api/sites.ts	150	
assignSiteMembers	function	platform	true		src/api/sites.ts	159	
loadThemeTokens	function	platform	true		src/api/theme.ts	13	
saveThemeTokens	function	platform	true		src/api/theme.ts	19	
fetchTickets	function	communications	true		src/api/tickets.ts	31	
createTicket	function	communications	true		src/api/tickets.ts	55	
replyToTicket	function	communications	true		src/api/tickets.ts	67	
updateTicketStatus	function	communications	true		src/api/tickets.ts	74	
deleteTicket	function	communications	true		src/api/tickets.ts	81	
clearClosedTickets	function	communications	true		src/api/tickets.ts	88	
InstalledWidgetPackage	interface	widgets	true	ui-tile	src/api/widgets.ts	8	
listInstalledPackages	function	widgets	true		src/api/widgets.ts	17	
installWidgetPackage	function	widgets	true	ui-tile	src/api/widgets.ts	28	
uninstallWidgetPackage	function	widgets	true	ui-tile	src/api/widgets.ts	33	
WorkflowInstance	interface	workflow	true		src/api/workflows.ts	24	
WorkflowTask	interface	workflow	true		src/api/workflows.ts	39	
WorkflowEvent	interface	workflow	true		src/api/workflows.ts	63	
WorkflowDetail	interface	workflow	true		src/api/workflows.ts	73	
HandoffRow	interface	workflow	true		src/api/workflows.ts	79	
WorkflowListFilters	interface	workflow	true		src/api/workflows.ts	94	
HandoffListFilters	interface	workflow	true		src/api/workflows.ts	101	
useWorkflowList	function	workflow	true	hook	src/api/workflows.ts	109	
useWorkflow	function	workflow	true	hook	src/api/workflows.ts	124	
useMyWorkflowTasks	function	workflow	true	hook	src/api/workflows.ts	140	
useHandoffList	function	workflow	true	hook	src/api/workflows.ts	155	
CreateWorkflowArgs	interface	workflow	true		src/api/workflows.ts	172	
useCreateWorkflow	function	workflow	true	hook	src/api/workflows.ts	184	
DecideWorkflowTaskArgs	interface	workflow	true		src/api/workflows.ts	200	
useDecideWorkflowTask	function	workflow	true	hook	src/api/workflows.ts	206	
useRetryHandoff	function	workflow	true	hook	src/api/workflows.ts	221	
LoginResult	interface	security	true		src/components/auth/api.ts	16	
WebAuthnOptionsResult	interface	security	true		src/components/auth/api.ts	63	
WebAuthnVerifyResult	type	security	true		src/components/auth/api.ts	71	
loginApi	function	security	true		src/components/auth/api.ts	75	
verify2faApi	function	security	true		src/components/auth/api.ts	82	
setup2faApi	function	security	true		src/components/auth/api.ts	91	
confirm2faSetupApi	function	security	true		src/components/auth/api.ts	97	
logoutApi	function	security	true		src/components/auth/api.ts	104	
webauthnAuthOptions	function	security	true		src/components/auth/api.ts	120	
webauthnAuthVerify	function	security	true		src/components/auth/api.ts	133	
webauthnRegisterOptionsWithToken	function	security	true		src/components/auth/api.ts	151	
webauthnRegisterVerifyWithToken	function	security	true		src/components/auth/api.ts	156	
webauthnPromptDismissWithToken	function	security	true		src/components/auth/api.ts	164	
webauthnPreauthRegisterOptions	function	security	true		src/components/auth/api.ts	172	
webauthnPreauthRegisterVerify	function	security	true		src/components/auth/api.ts	177	
OtpInputHandle	interface	security	true		src/components/auth/OtpInput.tsx	26	
OtpInputProps	interface	security	true		src/components/auth/OtpInput.tsx	35	
OtpInput	variable	security	true	component	src/components/auth/OtpInput.tsx	45	
firstInput	function	security	false		src/components/auth/OtpInput.tsx	53	OtpInput
otpValue	function	security	true		src/components/auth/OtpInput.tsx	88	
otpClear	function	security	true		src/components/auth/OtpInput.tsx	95	
wireOtpRow	function	security	true		src/components/auth/OtpInput.tsx	103	
on	function	security	false		src/components/auth/OtpInput.tsx	108	wireOtpRow
PasskeyArtwork	function	security	true	component	src/components/auth/PasskeyArtwork.tsx	12	
Props	interface	security	false		src/components/auth/PasskeyRequiredPrompt.tsx	27	
PasskeyRequiredPrompt	function	security	true	component	src/components/auth/PasskeyRequiredPrompt.tsx	36	
handleCreatePasskey	function	security	false		src/components/auth/PasskeyRequiredPrompt.tsx	50	PasskeyRequiredPrompt
Props	interface	security	false		src/components/auth/PasskeySetupPrompt.tsx	33	
PasskeySetupPrompt	function	security	true	component	src/components/auth/PasskeySetupPrompt.tsx	40	
handleCreate	function	security	false		src/components/auth/PasskeySetupPrompt.tsx	47	PasskeySetupPrompt
handleMaybeLater	function	security	false		src/components/auth/PasskeySetupPrompt.tsx	95	PasskeySetupPrompt
Props	interface	security	false		src/components/auth/PasskeySignInPage.tsx	19	
PasskeySignInPage	function	security	true	component	src/components/auth/PasskeySignInPage.tsx	26	
handleContinue	function	security	false		src/components/auth/PasskeySignInPage.tsx	30	PasskeySignInPage
Props	interface	security	false		src/components/auth/PasswordLoginPanel.tsx	21	
PasswordLoginPanel	function	security	true	component	src/components/auth/PasswordLoginPanel.tsx	29	
handleSubmit	function	security	false		src/components/auth/PasswordLoginPanel.tsx	66	PasswordLoginPanel
wrap	object	security	false		src/components/auth/SetPasswordPage.tsx	16	
card	object	security	false	ui-tile	src/components/auth/SetPasswordPage.tsx	20	
label	object	security	false		src/components/auth/SetPasswordPage.tsx	24	
input	object	security	false		src/components/auth/SetPasswordPage.tsx	25	
btn	object	security	false		src/components/auth/SetPasswordPage.tsx	29	
SetPasswordPage	function	security	true	component	src/components/auth/SetPasswordPage.tsx	34	
submit	function	security	false		src/components/auth/SetPasswordPage.tsx	42	SetPasswordPage
Props	interface	security	false		src/components/auth/TotpSetupPanel.tsx	21	
SetupStep	type	security	false		src/components/auth/TotpSetupPanel.tsx	31	
TotpSetupPanel	function	security	true	component	src/components/auth/TotpSetupPanel.tsx	33	
handleQrNext	function	security	false		src/components/auth/TotpSetupPanel.tsx	91	TotpSetupPanel
submitSetupCode	function	security	false		src/components/auth/TotpSetupPanel.tsx	98	TotpSetupPanel
handleConfirmSubmit	function	security	false		src/components/auth/TotpSetupPanel.tsx	103	TotpSetupPanel
handleCopyAll	function	security	false		src/components/auth/TotpSetupPanel.tsx	112	TotpSetupPanel
handleDone	function	security	false		src/components/auth/TotpSetupPanel.tsx	123	TotpSetupPanel
Props	interface	security	false		src/components/auth/TwoFactorVerifyPanel.tsx	24	
TwoFactorVerifyPanel	function	security	true	component	src/components/auth/TwoFactorVerifyPanel.tsx	37	
submitTfaCode	function	security	false		src/components/auth/TwoFactorVerifyPanel.tsx	82	TwoFactorVerifyPanel
handleBackupSubmit	function	security	false		src/components/auth/TwoFactorVerifyPanel.tsx	91	TwoFactorVerifyPanel
toggleBackup	function	security	false		src/components/auth/TwoFactorVerifyPanel.tsx	102	TwoFactorVerifyPanel
handlePasskeyTfa	function	security	false		src/components/auth/TwoFactorVerifyPanel.tsx	118	TwoFactorVerifyPanel
toneClass	function	platform	false		src/components/common/actions/ActionModal.tsx	16	
fmt	function	platform	false		src/components/common/actions/ActionModal.tsx	19	
Props	interface	platform	false		src/components/common/actions/ActionModal.tsx	26	
ActionModal	function	platform	true	component	src/components/common/actions/ActionModal.tsx	34	
onKey	function	platform	false		src/components/common/actions/ActionModal.tsx	42	ActionModal
toActionRecord	function	platform	true		src/components/common/actions/actionModalAdapters.ts	11	
statusBadge	function	platform	true		src/components/common/actions/actionModalAdapters.ts	28	
Base	interface	platform	false		src/components/common/actions/actionModalPresets.ts	11	
rejectAction	function	platform	true		src/components/common/actions/actionModalPresets.ts	13	
cancelAction	function	platform	true		src/components/common/actions/actionModalPresets.ts	23	
archiveAction	function	platform	true		src/components/common/actions/actionModalPresets.ts	33	
verifyAction	function	platform	true		src/components/common/actions/actionModalPresets.ts	42	
lockAction	function	platform	true		src/components/common/actions/actionModalPresets.ts	51	
reopenAction	function	platform	true		src/components/common/actions/actionModalPresets.ts	60	
retireAction	function	platform	true		src/components/common/actions/actionModalPresets.ts	70	
Pending	interface	platform	false		src/components/common/actions/ActionModalProvider.tsx	20	
pending	variable	platform	false		src/components/common/actions/ActionModalProvider.tsx	22	
listeners	variable	platform	false		src/components/common/actions/ActionModalProvider.tsx	23	
emit	function	platform	false		src/components/common/actions/ActionModalProvider.tsx	24	
openActionModal	function	platform	true		src/components/common/actions/ActionModalProvider.tsx	27	
settle	function	platform	false		src/components/common/actions/ActionModalProvider.tsx	32	
ActionModalHost	function	platform	true	component	src/components/common/actions/ActionModalProvider.tsx	39	
l	function	platform	false		src/components/common/actions/ActionModalProvider.tsx	42	ActionModalHost
ActionTone	type	platform	true		src/components/common/actions/actionModalTypes.ts	10	
ActionRecordField	interface	platform	true		src/components/common/actions/actionModalTypes.ts	12	
ActionRecordBadge	interface	platform	true		src/components/common/actions/actionModalTypes.ts	18	
ActionRecord	interface	platform	true		src/components/common/actions/actionModalTypes.ts	24	
ActionReasonConfig	interface	platform	true		src/components/common/actions/actionModalTypes.ts	32	
ActionModalConfig	interface	platform	true		src/components/common/actions/actionModalTypes.ts	39	
ActionModalResult	interface	platform	true		src/components/common/actions/actionModalTypes.ts	56	
validateReason	function	platform	true		src/components/common/actions/actionModalValidation.ts	11	
canConfirm	function	platform	true		src/components/common/actions/actionModalValidation.ts	17	
cx	function	platform	false		src/components/common/dialogs/DialogContextPanel.tsx	13	
toneClass	function	platform	false		src/components/common/dialogs/DialogContextPanel.tsx	17	
formatValue	function	platform	false		src/components/common/dialogs/DialogContextPanel.tsx	21	
DialogContextPanel	function	platform	true	component	src/components/common/dialogs/DialogContextPanel.tsx	28	
ContextSection	function	platform	false	component	src/components/common/dialogs/DialogContextPanel.tsx	152	
orgPositionContext	function	platform	true		src/components/common/dialogs/dialogContextPresets.ts	12	
orgCostCenterContext	function	platform	true		src/components/common/dialogs/dialogContextPresets.ts	81	
moveOrgUnitContext	function	platform	true		src/components/common/dialogs/dialogContextPresets.ts	128	
uploadDocumentContext	function	platform	true		src/components/common/dialogs/dialogContextPresets.ts	189	
documentRequirementContext	function	platform	true		src/components/common/dialogs/dialogContextPresets.ts	247	
DialogTone	type	platform	true		src/components/common/dialogs/dialogContextTypes.ts	11	
DialogBreadcrumbItem	interface	platform	true		src/components/common/dialogs/dialogContextTypes.ts	19	
DialogPreviewBadge	interface	platform	true		src/components/common/dialogs/dialogContextTypes.ts	24	
DialogLivePreview	interface	platform	true		src/components/common/dialogs/dialogContextTypes.ts	29	
DialogContextMetric	interface	platform	true		src/components/common/dialogs/dialogContextTypes.ts	42	
DialogContextField	interface	platform	true		src/components/common/dialogs/dialogContextTypes.ts	49	
DialogContextSection	interface	platform	true		src/components/common/dialogs/dialogContextTypes.ts	56	
DialogValidationItem	interface	platform	true		src/components/common/dialogs/dialogContextTypes.ts	62	
DialogWhatNextItem	interface	platform	true		src/components/common/dialogs/dialogContextTypes.ts	67	
DialogApprovalNotice	interface	platform	true		src/components/common/dialogs/dialogContextTypes.ts	72	
DialogContextPanelConfig	interface	platform	true		src/components/common/dialogs/dialogContextTypes.ts	78	
EnterpriseFormModalProps	interface	platform	false		src/components/common/dialogs/EnterpriseFormModal.tsx	17	
EnterpriseFormModal	function	platform	true	component	src/components/common/dialogs/EnterpriseFormModal.tsx	32	
onKey	function	platform	false		src/components/common/dialogs/EnterpriseFormModal.tsx	49	EnterpriseFormModal
L	variable	platform	false		src/components/livemap/LiveMapModule.ts	25	
Win	type	platform	false		src/components/livemap/LiveMapModule.ts	28	
w	function	platform	false		src/components/livemap/LiveMapModule.ts	29	
api	function	platform	false		src/components/livemap/LiveMapModule.ts	32	
apiSwr	function	platform	false		src/components/livemap/LiveMapModule.ts	37	
escapeHtml	function	platform	false		src/components/livemap/LiveMapModule.ts	47	
fmtLocalTime	function	platform	false		src/components/livemap/LiveMapModule.ts	55	
markLoaded	function	platform	false		src/components/livemap/LiveMapModule.ts	65	
skelOnce	function	platform	false		src/components/livemap/LiveMapModule.ts	70	
setSkel	function	platform	false		src/components/livemap/LiveMapModule.ts	78	
skelList	function	platform	false		src/components/livemap/LiveMapModule.ts	88	
countUp	function	platform	false		src/components/livemap/LiveMapModule.ts	92	
patchPhotoCache	function	platform	false		src/components/livemap/LiveMapModule.ts	101	
_liveDataHash	variable	platform	false		src/components/livemap/LiveMapModule.ts	113	
_empOverlayEl	variable	platform	false		src/components/livemap/LiveMapModule.ts	114	
getCurrentLocation	function	platform	false		src/components/livemap/LiveMapModule.ts	118	
verifyLocation	function	platform	false		src/components/livemap/LiveMapModule.ts	140	
initializeMap	function	platform	false		src/components/livemap/LiveMapModule.ts	147	
_buildSitePopupHtml	function	platform	false		src/components/livemap/LiveMapModule.ts	275	
_refreshSitePopups	function	platform	false		src/components/livemap/LiveMapModule.ts	307	
_selectLiveSite	function	platform	false		src/components/livemap/LiveMapModule.ts	332	
_clearLiveSite	function	platform	false		src/components/livemap/LiveMapModule.ts	341	
_updateSiteMarkerZIndex	function	platform	false		src/components/livemap/LiveMapModule.ts	350	
_populateSiteSelect	function	platform	false		src/components/livemap/LiveMapModule.ts	361	
_syncCustomSelectTrigger	function	platform	false		src/components/livemap/LiveMapModule.ts	408	
_initCustomSelect	function	platform	false		src/components/livemap/LiveMapModule.ts	428	
updateUserLocationOnMap	function	platform	false		src/components/livemap/LiveMapModule.ts	465	
_hideActiveEmpMarker	function	platform	false		src/components/livemap/LiveMapModule.ts	487	
showNotification	function	platform	false		src/components/livemap/LiveMapModule.ts	496	
loadLiveAttendance	function	platform	false		src/components/livemap/LiveMapModule.ts	506	
_clearLiveMarkers	function	platform	false		src/components/livemap/LiveMapModule.ts	549	
plotLiveEmployees	function	platform	false		src/components/livemap/LiveMapModule.ts	555	
renderLivePanel	function	platform	false		src/components/livemap/LiveMapModule.ts	618	
liveEmpRowHtml	function	platform	false		src/components/livemap/LiveMapModule.ts	659	renderLivePanel
liveEmpRowKey	function	platform	false		src/components/livemap/LiveMapModule.ts	673	renderLivePanel
_removeLiveEmpOverlay	function	platform	false		src/components/livemap/LiveMapModule.ts	732	
_buildEmpOverlayHtml	function	platform	false		src/components/livemap/LiveMapModule.ts	736	
_showLiveEmpOverlay	function	platform	false		src/components/livemap/LiveMapModule.ts	794	
focusLiveEmployee	function	platform	false		src/components/livemap/LiveMapModule.ts	821	
_repositionLiveEmpOverlay	function	platform	false		src/components/livemap/LiveMapModule.ts	855	
markProjectAttendance	function	platform	false		src/components/livemap/LiveMapModule.ts	867	
LiveMap	object	platform	true		src/components/livemap/LiveMapModule.ts	889	
NotifResponse	interface	platform	false		src/components/nav/api.ts	12	
TicketResponse	interface	platform	false		src/components/nav/api.ts	13	
BasicResponse	interface	platform	false		src/components/nav/api.ts	14	
getNotifications	function	platform	true		src/components/nav/api.ts	16	
getTickets	function	platform	true		src/components/nav/api.ts	22	
createTicket	function	platform	true		src/components/nav/api.ts	25	
replyTicket	function	platform	true		src/components/nav/api.ts	28	
updateTicketStatus	function	platform	true		src/components/nav/api.ts	31	
deleteTicket	function	platform	true		src/components/nav/api.ts	34	
clearClosedTickets	function	platform	true		src/components/nav/api.ts	37	
updateColorScheme	function	platform	true		src/components/nav/api.ts	40	
updateLayoutMode	function	platform	true		src/components/nav/api.ts	43	
_timer	variable	platform	false		src/components/nav/badgeSync.ts	16	
scheduleHdrBadgeSync	function	platform	true		src/components/nav/badgeSync.ts	18	
doHdrBadgeSync	function	platform	true		src/components/nav/badgeSync.ts	23	
PaletteEntry	interface	platform	false		src/components/nav/CommandPalette.tsx	23	
cfg	function	platform	false		src/components/nav/CommandPalette.tsx	31	
appState	function	platform	false		src/components/nav/CommandPalette.tsx	35	
buildEntries	function	platform	false		src/components/nav/CommandPalette.tsx	40	
fuzzyMatch	function	platform	false		src/components/nav/CommandPalette.tsx	64	
CommandPalette	function	platform	false	component	src/components/nav/CommandPalette.tsx	77	
close	function	platform	false		src/components/nav/CommandPalette.tsx	107	CommandPalette
choose	function	platform	false		src/components/nav/CommandPalette.tsx	109	CommandPalette
onKey	function	platform	false		src/components/nav/CommandPalette.tsx	117	CommandPalette
onInputKey	function	platform	false		src/components/nav/CommandPalette.tsx	150	CommandPalette
mountCommandPalette	function	platform	true		src/components/nav/CommandPalette.tsx	218	
mountNavController	function	platform	true		src/components/nav/mount.ts	13	
unmountNavController	function	platform	true		src/components/nav/mount.ts	17	
HDR_MODALS	variable	platform	false	component	src/components/nav/NavController.tsx	32	
Win	type	platform	false		src/components/nav/NavController.tsx	34	
callWin	function	platform	false		src/components/nav/NavController.tsx	36	
NavController	function	platform	true	component	src/components/nav/NavController.tsx	41	
setMobileOpen	function	platform	false		src/components/nav/NavController.tsx	68	NavController
onMobileMenuClick	function	platform	false		src/components/nav/NavController.tsx	73	NavController
onBackdropClick	function	platform	false		src/components/nav/NavController.tsx	76	NavController
onSidebarMenuClick	function	platform	false		src/components/nav/NavController.tsx	88	NavController
onTopTabsClick	function	platform	false		src/components/nav/NavController.tsx	101	NavController
closeAllModals	function	platform	false		src/components/nav/NavController.tsx	110	NavController
HdrKind	type	platform	false		src/components/nav/NavController.tsx	115	NavController
afterOpen	function	platform	false		src/components/nav/NavController.tsx	119	NavController
toggleHdrModal	function	platform	false		src/components/nav/NavController.tsx	148	NavController
onPillActionClick	function	platform	false		src/components/nav/NavController.tsx	173	NavController
onDocClickForModals	function	platform	false		src/components/nav/NavController.tsx	188	NavController
cfg	function	platform	false		src/components/nav/navCore.ts	21	
moduleSectionItems	function	platform	true		src/components/nav/navCore.ts	31	
allItemsForRole	function	platform	false		src/components/nav/navCore.ts	43	
REQUIRED_MODULE_IDS	variable	platform	true		src/components/nav/navCore.ts	55	
GlobalChildEntry	interface	platform	true		src/components/nav/navCore.ts	61	
GlobalModuleEntry	interface	platform	true		src/components/nav/navCore.ts	70	
NavGlobalGroup	interface	platform	true		src/components/nav/navCore.ts	84	
NavGlobalCatalog	interface	platform	true		src/components/nav/navCore.ts	90	
groupDisplayLabel	function	platform	false		src/components/nav/navCore.ts	101	
navGlobalCatalog	function	platform	true		src/components/nav/navCore.ts	116	
applyCustomization	function	platform	false		src/components/nav/navCore.ts	187	
mergeModuleGroups	function	platform	true		src/components/nav/navCore.ts	202	
allSectionItems	function	platform	true		src/components/nav/navCore.ts	215	
appState	function	platform	false		src/components/nav/navCore.ts	222	
getRole	function	platform	true		src/components/nav/navCore.ts	226	
getUser	function	platform	true		src/components/nav/navCore.ts	227	
getFullName	function	platform	true		src/components/nav/navCore.ts	228	
getProfileImage	function	platform	true		src/components/nav/navCore.ts	229	
getScheme	function	platform	true		src/components/nav/navCore.ts	230	
getLayout	function	platform	true		src/components/nav/navCore.ts	231	
esc	function	platform	true		src/components/nav/navCore.ts	235	
isEmployeeRole	function	platform	false		src/components/nav/navCore.ts	245	
renderNavItem	function	platform	false		src/components/nav/navCore.ts	253	
renderNavTreeItem	function	platform	false		src/components/nav/navCore.ts	265	
renderGroupItems	function	platform	false		src/components/nav/navCore.ts	286	
_groupTitle	function	platform	false		src/components/nav/navCore.ts	300	
NAV_EXPAND_KEY	function	platform	false		src/components/nav/navCore.ts	305	
loadExpandedGroups	function	platform	false		src/components/nav/navCore.ts	308	
saveExpandedGroups	function	platform	false		src/components/nav/navCore.ts	317	
NAV_PARENT_KEY	function	platform	false		src/components/nav/navCore.ts	322	
loadExpandedParents	function	platform	false		src/components/nav/navCore.ts	324	
saveExpandedParents	function	platform	false		src/components/nav/navCore.ts	332	
_wireParentToggles	function	platform	false		src/components/nav/navCore.ts	337	
activeSectionId	function	platform	false		src/components/nav/navCore.ts	366	
buildSidebar	function	platform	true		src/components/nav/navCore.ts	382	
topCount	function	platform	false		src/components/nav/navCore.ts	402	buildSidebar
_wireGroupToggles	function	platform	false		src/components/nav/navCore.ts	458	
buildTopTabs	function	platform	true		src/components/nav/navCore.ts	473	
applyPalette	function	platform	true		src/components/nav/navCore.ts	490	
renderPalettes	function	platform	true		src/components/nav/navCore.ts	503	
applyLayout	function	platform	true		src/components/nav/navCore.ts	523	
renderLayouts	function	platform	true		src/components/nav/navCore.ts	532	
savePalette	function	platform	true		src/components/nav/navCore.ts	544	
saveLayout	function	platform	true		src/components/nav/navCore.ts	567	
showSection	function	platform	true		src/components/nav/navCore.ts	586	
refreshSection	function	platform	true		src/components/nav/navCore.ts	645	
setSkel	function	platform	true		src/components/nav/navCore.ts	694	
skelStatValues	function	platform	true		src/components/nav/navCore.ts	699	
skelTableRows	function	platform	true		src/components/nav/navCore.ts	706	
skelStatCards	function	platform	true	ui-tile	src/components/nav/navCore.ts	717	
skelCards	function	platform	true	ui-tile	src/components/nav/navCore.ts	724	
skelList	function	platform	true		src/components/nav/navCore.ts	731	
_badgeLastCount	variable	platform	false		src/components/nav/navCore.ts	740	
setHdrBadge	function	platform	true		src/components/nav/navCore.ts	742	
LEAVE_SECTION_IDS	array	platform	false		src/components/nav/navCore.ts	764	
_sbBadgeLastLabel	variable	platform	false		src/components/nav/navCore.ts	765	
_setSbBadge	function	platform	false		src/components/nav/navCore.ts	767	
refreshNavBadges	function	platform	true		src/components/nav/navCore.ts	789	
currentRole	function	platform	false		src/components/nav/NavCustomizer.tsx	38	
rebuildSidebar	function	platform	false		src/components/nav/NavCustomizer.tsx	42	
Svg	function	platform	false	component	src/components/nav/NavCustomizer.tsx	49	
IcoLayers	function	platform	false	component	src/components/nav/NavCustomizer.tsx	59	
IcoEye	function	platform	false	component	src/components/nav/NavCustomizer.tsx	60	
IcoEyeOff	function	platform	false	component	src/components/nav/NavCustomizer.tsx	61	
IcoGrid	function	platform	false	component	src/components/nav/NavCustomizer.tsx	62	
IcoSearch	function	platform	false	component	src/components/nav/NavCustomizer.tsx	63	
IcoChevRight	function	platform	false	component	src/components/nav/NavCustomizer.tsx	64	
IcoChevDown	function	platform	false	component	src/components/nav/NavCustomizer.tsx	65	
IcoLock	function	platform	false	component	src/components/nav/NavCustomizer.tsx	66	
IcoReset	function	platform	false	component	src/components/nav/NavCustomizer.tsx	67	
IcoInfo	function	platform	false	component	src/components/nav/NavCustomizer.tsx	68	
IcoClose	function	platform	false	component	src/components/nav/NavCustomizer.tsx	69	
GripDots	function	platform	false	component	src/components/nav/NavCustomizer.tsx	71	
NavIcon	function	platform	false	component	src/components/nav/NavCustomizer.tsx	81	
SwitchProps	interface	platform	false		src/components/nav/NavCustomizer.tsx	85	
Switch	function	platform	false	component	src/components/nav/NavCustomizer.tsx	86	
FilterKey	type	platform	false		src/components/nav/NavCustomizer.tsx	100	
DragSession	interface	platform	false		src/components/nav/NavCustomizer.tsx	105	
GlobalCustomizer	function	platform	false	component	src/components/nav/NavCustomizer.tsx	111	
freshCatalog	function	platform	false		src/components/nav/NavCustomizer.tsx	113	GlobalCustomizer
reload	function	platform	false		src/components/nav/NavCustomizer.tsx	121	GlobalCustomizer
itemMatches	function	platform	false		src/components/nav/NavCustomizer.tsx	126	GlobalCustomizer
toggleItem	function	platform	false		src/components/nav/NavCustomizer.tsx	142	GlobalCustomizer
toggleChild	function	platform	false		src/components/nav/NavCustomizer.tsx	148	GlobalCustomizer
toggleExpand	function	platform	false		src/components/nav/NavCustomizer.tsx	154	GlobalCustomizer
resetAll	function	platform	false		src/components/nav/NavCustomizer.tsx	163	GlobalCustomizer
startDrag	function	platform	false		src/components/nav/NavCustomizer.tsx	175	GlobalCustomizer
onDragMove	function	platform	false		src/components/nav/NavCustomizer.tsx	200	GlobalCustomizer
onDragUp	function	platform	false		src/components/nav/NavCustomizer.tsx	219	GlobalCustomizer
NavCustomizerRoot	function	platform	false	component	src/components/nav/NavCustomizer.tsx	452	
onKey	function	platform	false		src/components/nav/NavCustomizer.tsx	459	NavCustomizerRoot
mountNavCustomizer	function	platform	true		src/components/nav/NavCustomizer.tsx	476	
IconNode	type	platform	false		src/components/nav/navIcons.ts	12	
FA_TO_LUCIDE	object	platform	false		src/components/nav/navIcons.ts	15	
FALLBACK	variable	platform	false		src/components/nav/navIcons.ts	93	
navIconSvg	function	platform	true		src/components/nav/navIcons.ts	96	
STATUS_LABEL	object	communications	false		src/components/nav/TicketsPanel.ts	24	
STATUS_CSS	object	communications	false		src/components/nav/TicketsPanel.ts	27	
initials	function	communications	false		src/components/nav/TicketsPanel.ts	31	
timeAgoShort	function	communications	false		src/components/nav/TicketsPanel.ts	35	
isAdminView	function	communications	false		src/components/nav/TicketsPanel.ts	45	
seenKey	function	communications	false		src/components/nav/TicketsPanel.ts	50	
loadSeenIds	function	communications	false		src/components/nav/TicketsPanel.ts	54	
persistSeen	function	communications	false		src/components/nav/TicketsPanel.ts	58	
ticketBubbleHtml	function	communications	false		src/components/nav/TicketsPanel.ts	62	
mountTicketsPanel	function	communications	true		src/components/nav/TicketsPanel.ts	94	
showList	function	communications	false		src/components/nav/TicketsPanel.ts	104	mountTicketsPanel
showCompose	function	communications	false		src/components/nav/TicketsPanel.ts	117	mountTicketsPanel
updateTicketBadge	function	communications	false		src/components/nav/TicketsPanel.ts	138	mountTicketsPanel
ticketRowKey	function	communications	false		src/components/nav/TicketsPanel.ts	157	mountTicketsPanel
ticketRowHtml	function	communications	false		src/components/nav/TicketsPanel.ts	163	mountTicketsPanel
renderList	function	communications	false		src/components/nav/TicketsPanel.ts	219	mountTicketsPanel
showDetail	function	communications	false		src/components/nav/TicketsPanel.ts	257	mountTicketsPanel
updateTicketDetail	function	communications	false		src/components/nav/TicketsPanel.ts	330	mountTicketsPanel
fetchTickets	function	communications	false		src/components/nav/TicketsPanel.ts	383	mountTicketsPanel
syncTicketReplyBtn	function	communications	false		src/components/nav/TicketsPanel.ts	398	mountTicketsPanel
start	function	communications	false		src/components/nav/TicketsPanel.ts	411	mountTicketsPanel
stop	function	communications	false		src/components/nav/TicketsPanel.ts	426	mountTicketsPanel
onNewClick	function	communications	false		src/components/nav/TicketsPanel.ts	446	mountTicketsPanel
onCancelClick	function	communications	false		src/components/nav/TicketsPanel.ts	447	mountTicketsPanel
onDetailBack	function	communications	false		src/components/nav/TicketsPanel.ts	448	mountTicketsPanel
onReplyInput	function	communications	false		src/components/nav/TicketsPanel.ts	449	mountTicketsPanel
onStatusChange	function	communications	false		src/components/nav/TicketsPanel.ts	450	mountTicketsPanel
onRefreshClick	function	communications	false		src/components/nav/TicketsPanel.ts	451	mountTicketsPanel
onClearEmpClick	function	communications	false		src/components/nav/TicketsPanel.ts	455	mountTicketsPanel
onSubmitClick	function	communications	false		src/components/nav/TicketsPanel.ts	457	mountTicketsPanel
onReplySendClick	function	communications	false		src/components/nav/TicketsPanel.ts	477	mountTicketsPanel
onStatusSaveClick	function	communications	false		src/components/nav/TicketsPanel.ts	512	mountTicketsPanel
onClearClosedClick	function	communications	false		src/components/nav/TicketsPanel.ts	524	mountTicketsPanel
onDeleteTicketClick	function	communications	false		src/components/nav/TicketsPanel.ts	551	mountTicketsPanel
onTicketRowClick	function	communications	false		src/components/nav/TicketsPanel.ts	573	mountTicketsPanel
KnownNavGroupId	type	platform	true		src/components/nav/types.ts	11	
NavGroupId	type	platform	true		src/components/nav/types.ts	14	
SectionItem	interface	platform	true		src/components/nav/types.ts	16	
NavGroupItem	interface	platform	true		src/components/nav/types.ts	29	
PaletteItem	interface	platform	true		src/components/nav/types.ts	34	
LayoutItem	interface	platform	true		src/components/nav/types.ts	44	
SiomacConfig	interface	platform	true		src/components/nav/types.ts	51	
HeaderCounts	interface	platform	true		src/components/nav/types.ts	61	
NotifItem	interface	platform	true		src/components/nav/types.ts	70	
MsgItem	interface	platform	true		src/components/nav/types.ts	84	
MsgReply	interface	platform	true		src/components/nav/types.ts	103	
TicketItem	interface	platform	true		src/components/nav/types.ts	113	
TicketReply	interface	platform	true		src/components/nav/types.ts	126	
ALL_TYPES	variable	communications	false	component	src/components/notifications/NotificationPreferences.tsx	39	
DEFAULT_PREF	object	communications	false		src/components/notifications/NotificationPreferences.tsx	42	
styles	variable	communications	false		src/components/notifications/NotificationPreferences.tsx	51	
thCenterStyle	variable	communications	false		src/components/notifications/NotificationPreferences.tsx	125	
tdCenterStyle	variable	communications	false		src/components/notifications/NotificationPreferences.tsx	126	
skeletonSmStyle	variable	communications	false		src/components/notifications/NotificationPreferences.tsx	127	
ToggleProps	interface	communications	false		src/components/notifications/NotificationPreferences.tsx	131	
Toggle	function	communications	false	component	src/components/notifications/NotificationPreferences.tsx	138	
NotificationPreferences	function	communications	true	component	src/components/notifications/NotificationPreferences.tsx	182	
getPref	function	communications	false		src/components/notifications/NotificationPreferences.tsx	195	NotificationPreferences
handleToggle	function	communications	false		src/components/notifications/NotificationPreferences.tsx	201	NotificationPreferences
SESSION_KEY	variable	communications	false		src/components/realtime/BrandingRealtimeBridge.ts	21	
SettingsViewShim	interface	communications	false		src/components/realtime/BrandingRealtimeBridge.ts	23	
settingsView	function	communications	false		src/components/realtime/BrandingRealtimeBridge.ts	28	
patchSessionCache	function	communications	false		src/components/realtime/BrandingRealtimeBridge.ts	33	
applyBrandingPush	function	communications	true		src/components/realtime/BrandingRealtimeBridge.ts	48	
_sessionEpoch	variable	communications	false		src/components/realtime/notificationToasts.ts	29	
resetToastSessionClock	function	communications	true		src/components/realtime/notificationToasts.ts	32	
isMutedByPreferences	function	communications	true		src/components/realtime/notificationToasts.ts	38	
BurstEntry	interface	communications	false		src/components/realtime/notificationToasts.ts	51	
_bursts	variable	communications	false		src/components/realtime/notificationToasts.ts	58	
BURST_WINDOW_MS	variable	communications	false		src/components/realtime/notificationToasts.ts	59	
openTicketPanel	function	communications	false		src/components/realtime/notificationToasts.ts	63	
navigateToDomain	function	communications	false		src/components/realtime/notificationToasts.ts	74	
isExternalUrl	function	communications	false		src/components/realtime/notificationToasts.ts	88	
navigateToRoute	function	communications	true		src/components/realtime/notificationToasts.ts	102	
mapSeverityToVariant	function	communications	false		src/components/realtime/notificationToasts.ts	112	
fireNotificationToast	function	communications	false		src/components/realtime/notificationToasts.ts	121	
fireBurstToast	function	communications	false		src/components/realtime/notificationToasts.ts	173	
MaybeToastArgs	interface	communications	true		src/components/realtime/notificationToasts.ts	191	
maybeToastNotification	function	communications	true		src/components/realtime/notificationToasts.ts	197	
SupabaseClient	interface	communications	false		src/components/realtime/RealtimeController.ts	32	
SupabaseChannel	interface	communications	false		src/components/realtime/RealtimeController.ts	37	
SupabaseStatic	interface	communications	false		src/components/realtime/RealtimeController.ts	46	
supabaseLib	function	communications	false		src/components/realtime/RealtimeController.ts	50	
_client	variable	communications	false		src/components/realtime/RealtimeController.ts	56	
_retryTimer	variable	communications	false		src/components/realtime/RealtimeController.ts	57	
_retryDelay	variable	communications	false		src/components/realtime/RealtimeController.ts	58	
MAX_DELAY	variable	communications	false		src/components/realtime/RealtimeController.ts	59	
getToken	function	communications	false		src/components/realtime/RealtimeController.ts	63	
callWin	function	communications	false		src/components/realtime/RealtimeController.ts	70	
scheduleRetry	function	communications	false		src/components/realtime/RealtimeController.ts	77	
teardownRealtime	function	communications	true		src/components/realtime/RealtimeController.ts	85	
initRealtime	function	communications	true		src/components/realtime/RealtimeController.ts	94	
OVERVIEW	variable	platform	false	component	src/components/sections/AccessControl/AccessControlSection.tsx	27	
APPROVALS	variable	platform	false	component	src/components/sections/AccessControl/AccessControlSection.tsx	28	
PAYSLIP_DESIGNER	variable	platform	false	component	src/components/sections/AccessControl/AccessControlSection.tsx	29	
IDS	variable	platform	false	component	src/components/sections/AccessControl/AccessControlSection.tsx	30	
AccessControlSection	function	platform	true	component	src/components/sections/AccessControl/AccessControlSection.tsx	32	
onSection	function	platform	false		src/components/sections/AccessControl/AccessControlSection.tsx	41	AccessControlSection
AC_ROOT_ID	variable	platform	false		src/components/sections/AccessControl/module.ts	13	
ITEMS	array	platform	false		src/components/sections/AccessControl/module.ts	17	
accessControlModule	object	platform	true		src/components/sections/AccessControl/module.ts	28	
mountAccessControlSection	function	platform	true		src/components/sections/AccessControl/mount.ts	14	
unmountAccessControlSection	function	platform	true		src/components/sections/AccessControl/mount.ts	23	
STATUSES	array	platform	false		src/components/sections/AccessControl/pages/AcApprovalsPage.tsx	20	
dateLong	function	platform	false		src/components/sections/AccessControl/pages/AcApprovalsPage.tsx	24	
AcApprovalsPage	function	platform	true	component	src/components/sections/AccessControl/pages/AcApprovalsPage.tsx	26	
doReject	function	platform	false		src/components/sections/AccessControl/pages/AcApprovalsPage.tsx	35	AcApprovalsPage
PAGE	variable	platform	false	component	src/components/sections/AccessControl/pages/AcAuditPage.tsx	14	
dateLong	function	platform	false		src/components/sections/AccessControl/pages/AcAuditPage.tsx	15	
AcAuditPage	function	platform	true	component	src/components/sections/AccessControl/pages/AcAuditPage.tsx	17	
reset	function	platform	false		src/components/sections/AccessControl/pages/AcAuditPage.tsx	36	AcAuditPage
exportCsv	function	platform	false		src/components/sections/AccessControl/pages/AcAuditPage.tsx	37	AcAuditPage
RoleKey	type	platform	false		src/components/sections/AccessControl/pages/AcCoveragePage.tsx	16	
COV_ROLES	array	platform	false		src/components/sections/AccessControl/pages/AcCoveragePage.tsx	17	
Cov	type	platform	false		src/components/sections/AccessControl/pages/AcCoveragePage.tsx	24	
coverage	function	platform	false		src/components/sections/AccessControl/pages/AcCoveragePage.tsx	25	
CovBadge	function	platform	false	component	src/components/sections/AccessControl/pages/AcCoveragePage.tsx	30	
initials	function	platform	false		src/components/sections/AccessControl/pages/AcCoveragePage.tsx	35	
ago	function	platform	false		src/components/sections/AccessControl/pages/AcCoveragePage.tsx	36	
goTo	function	platform	false		src/components/sections/AccessControl/pages/AcCoveragePage.tsx	37	
AcCoveragePage	function	platform	true	component	src/components/sections/AccessControl/pages/AcCoveragePage.tsx	39	
exportCsv	function	platform	false		src/components/sections/AccessControl/pages/AcCoveragePage.tsx	63	AcCoveragePage
toggle	function	platform	false		src/components/sections/AccessControl/pages/AcCoveragePage.tsx	69	AcCoveragePage
STEPS	array	platform	false		src/components/sections/AccessControl/pages/AcCreateRolePage.tsx	19	
MOD_STYLE	object	platform	false		src/components/sections/AccessControl/pages/AcCreateRolePage.tsx	25	
modStyle	function	platform	false		src/components/sections/AccessControl/pages/AcCreateRolePage.tsx	31	
AcCreateRolePage	function	platform	true	component	src/components/sections/AccessControl/pages/AcCreateRolePage.tsx	33	
toggle	function	platform	false		src/components/sections/AccessControl/pages/AcCreateRolePage.tsx	68	AcCreateRolePage
toggleMod	function	platform	false		src/components/sections/AccessControl/pages/AcCreateRolePage.tsx	69	AcCreateRolePage
selectAllIn	function	platform	false		src/components/sections/AccessControl/pages/AcCreateRolePage.tsx	70	AcCreateRolePage
publish	function	platform	false		src/components/sections/AccessControl/pages/AcCreateRolePage.tsx	76	AcCreateRolePage
stepNum	function	platform	false		src/components/sections/AccessControl/pages/AcCreateRolePage.tsx	113	AcCreateRolePage
Fmt	type	platform	false		src/components/sections/AccessControl/pages/AcExportDrawer.tsx	21	
FORMATS	array	platform	false		src/components/sections/AccessControl/pages/AcExportDrawer.tsx	22	
COLUMNS	array	platform	false		src/components/sections/AccessControl/pages/AcExportDrawer.tsx	26	
AcExportDrawer	function	platform	true	component	src/components/sections/AccessControl/pages/AcExportDrawer.tsx	33	
toggle	function	platform	false		src/components/sections/AccessControl/pages/AcExportDrawer.tsx	39	AcExportDrawer
toggleAll	function	platform	false		src/components/sections/AccessControl/pages/AcExportDrawer.tsx	42	AcExportDrawer
RoleKey	type	platform	false		src/components/sections/AccessControl/pages/AcOverviewPage.tsx	22	
MODULE_LUCIDE	object	platform	false		src/components/sections/AccessControl/pages/AcOverviewPage.tsx	26	
moduleLucide	function	platform	false		src/components/sections/AccessControl/pages/AcOverviewPage.tsx	32	
MATRIX_ROLES	array	platform	false		src/components/sections/AccessControl/pages/AcOverviewPage.tsx	34	
PAGE_SIZE	variable	platform	false	component	src/components/sections/AccessControl/pages/AcOverviewPage.tsx	41	
Cov	type	platform	false		src/components/sections/AccessControl/pages/AcOverviewPage.tsx	43	
coverage	function	platform	false		src/components/sections/AccessControl/pages/AcOverviewPage.tsx	44	
CovCell	function	platform	false	component	src/components/sections/AccessControl/pages/AcOverviewPage.tsx	52	
GAUGE_N	variable	platform	false	component	src/components/sections/AccessControl/pages/AcOverviewPage.tsx	61	
Hsl	interface	platform	false		src/components/sections/AccessControl/pages/AcOverviewPage.tsx	62	
A_GREEN	object	platform	false		src/components/sections/AccessControl/pages/AcOverviewPage.tsx	66	
A_AMBER	object	platform	false		src/components/sections/AccessControl/pages/AcOverviewPage.tsx	67	
A_GREY	object	platform	false		src/components/sections/AccessControl/pages/AcOverviewPage.tsx	68	
GAUGE_BW	variable	platform	false	component	src/components/sections/AccessControl/pages/AcOverviewPage.tsx	69	
hslToRgb	function	platform	false		src/components/sections/AccessControl/pages/AcOverviewPage.tsx	70	
CoverageGauge	function	platform	false	component	src/components/sections/AccessControl/pages/AcOverviewPage.tsx	81	
mix	function	platform	false		src/components/sections/AccessControl/pages/AcOverviewPage.tsx	87	CoverageGauge
colorAt	function	platform	false		src/components/sections/AccessControl/pages/AcOverviewPage.tsx	91	CoverageGauge
ACTION_LABEL	object	platform	false		src/components/sections/AccessControl/pages/AcOverviewPage.tsx	112	
ACTION_ICON	object	platform	false		src/components/sections/AccessControl/pages/AcOverviewPage.tsx	122	
ago	function	platform	false		src/components/sections/AccessControl/pages/AcOverviewPage.tsx	138	
initials	function	platform	false		src/components/sections/AccessControl/pages/AcOverviewPage.tsx	145	
isRawId	function	platform	false		src/components/sections/AccessControl/pages/AcOverviewPage.tsx	148	
goTo	function	platform	false		src/components/sections/AccessControl/pages/AcOverviewPage.tsx	150	
AcOverviewPage	function	platform	true	component	src/components/sections/AccessControl/pages/AcOverviewPage.tsx	152	
clearFilters	function	platform	false		src/components/sections/AccessControl/pages/AcOverviewPage.tsx	212	AcOverviewPage
exportCoverage	function	platform	false		src/components/sections/AccessControl/pages/AcOverviewPage.tsx	253	AcOverviewPage
esc	function	platform	false		src/components/sections/AccessControl/pages/AcOverviewPage.tsx	257	exportCoverage
ROLE_ICON	object	platform	false		src/components/sections/AccessControl/pages/AcRolesPage.tsx	38	
roleStyle	function	platform	false		src/components/sections/AccessControl/pages/AcRolesPage.tsx	49	
MODULE_LUCIDE	object	platform	false		src/components/sections/AccessControl/pages/AcRolesPage.tsx	52	
moduleLucide	function	platform	false		src/components/sections/AccessControl/pages/AcRolesPage.tsx	58	
dateShort	function	platform	false		src/components/sections/AccessControl/pages/AcRolesPage.tsx	59	
capz	function	platform	false		src/components/sections/AccessControl/pages/AcRolesPage.tsx	60	
RISKS	array	platform	false		src/components/sections/AccessControl/pages/AcRolesPage.tsx	62	
makeTierLabel	function	platform	false		src/components/sections/AccessControl/pages/AcRolesPage.tsx	67	
AcRolesPage	function	platform	true	component	src/components/sections/AccessControl/pages/AcRolesPage.tsx	70	
catCount	function	platform	false		src/components/sections/AccessControl/pages/AcRolesPage.tsx	89	AcRolesPage
pickRole	function	platform	false		src/components/sections/AccessControl/pages/AcRolesPage.tsx	108	AcRolesPage
createInCategory	function	platform	false		src/components/sections/AccessControl/pages/AcRolesPage.tsx	112	AcRolesPage
TierManagerDialog	function	platform	false	component	src/components/sections/AccessControl/pages/AcRolesPage.tsx	211	
onKey	function	platform	false		src/components/sections/AccessControl/pages/AcRolesPage.tsx	219	TierManagerDialog
addTier	function	platform	false		src/components/sections/AccessControl/pages/AcRolesPage.tsx	223	TierManagerDialog
TierRow	function	platform	false	component	src/components/sections/AccessControl/pages/AcRolesPage.tsx	264	
commit	function	platform	false		src/components/sections/AccessControl/pages/AcRolesPage.tsx	271	TierRow
ApprovalDialog	function	platform	false	component	src/components/sections/AccessControl/pages/AcRolesPage.tsx	288	
onKey	function	platform	false		src/components/sections/AccessControl/pages/AcRolesPage.tsx	294	ApprovalDialog
ReviewDialog	function	platform	false	component	src/components/sections/AccessControl/pages/AcRolesPage.tsx	332	
onKey	function	platform	false		src/components/sections/AccessControl/pages/AcRolesPage.tsx	336	ReviewDialog
RoleEditor	function	platform	false	component	src/components/sections/AccessControl/pages/AcRolesPage.tsx	398	
baseGranted	function	platform	false		src/components/sections/AccessControl/pages/AcRolesPage.tsx	417	RoleEditor
granted	function	platform	false		src/components/sections/AccessControl/pages/AcRolesPage.tsx	418	RoleEditor
modKeys	function	platform	false		src/components/sections/AccessControl/pages/AcRolesPage.tsx	470	RoleEditor
setBuf	function	platform	false		src/components/sections/AccessControl/pages/AcRolesPage.tsx	479	RoleEditor
onToggle	function	platform	false		src/components/sections/AccessControl/pages/AcRolesPage.tsx	484	RoleEditor
confirmCritical	function	platform	false		src/components/sections/AccessControl/pages/AcRolesPage.tsx	491	RoleEditor
bulk	function	platform	false		src/components/sections/AccessControl/pages/AcRolesPage.tsx	497	RoleEditor
discard	function	platform	false	ui-tile	src/components/sections/AccessControl/pages/AcRolesPage.tsx	510	RoleEditor
save	function	platform	false		src/components/sections/AccessControl/pages/AcRolesPage.tsx	515	RoleEditor
toggleMod	function	platform	false		src/components/sections/AccessControl/pages/AcRolesPage.tsx	542	RoleEditor
initials	function	platform	false		src/components/sections/AccessControl/pages/AcSessionsPage.tsx	14	
ago	function	platform	false		src/components/sections/AccessControl/pages/AcSessionsPage.tsx	15	
device	function	platform	false		src/components/sections/AccessControl/pages/AcSessionsPage.tsx	17	
AcSessionsPage	function	platform	true	component	src/components/sections/AccessControl/pages/AcSessionsPage.tsx	25	
doRevoke	function	platform	false		src/components/sections/AccessControl/pages/AcSessionsPage.tsx	31	AcSessionsPage
MODULE_LUCIDE	object	platform	false		src/components/sections/AccessControl/pages/AcUsersPage.tsx	31	
moduleLucide	function	platform	false		src/components/sections/AccessControl/pages/AcUsersPage.tsx	37	
OvState	type	platform	false		src/components/sections/AccessControl/pages/AcUsersPage.tsx	39	
PAGE	variable	platform	false	component	src/components/sections/AccessControl/pages/AcUsersPage.tsx	40	
AVATAR_BG	array	platform	false		src/components/sections/AccessControl/pages/AcUsersPage.tsx	42	
bgFor	function	platform	false		src/components/sections/AccessControl/pages/AcUsersPage.tsx	43	
initials	function	platform	false		src/components/sections/AccessControl/pages/AcUsersPage.tsx	44	
timeAgo	function	platform	false		src/components/sections/AccessControl/pages/AcUsersPage.tsx	47	
CapCell	function	platform	false	component	src/components/sections/AccessControl/pages/AcUsersPage.tsx	59	
AcUsersPage	function	platform	true	component	src/components/sections/AccessControl/pages/AcUsersPage.tsx	63	
cap	function	platform	false		src/components/sections/AccessControl/pages/AcUsersPage.tsx	159	AcUsersPage
clearAllFilters	function	platform	false		src/components/sections/AccessControl/pages/AcUsersPage.tsx	169	AcUsersPage
onSelect	function	platform	false		src/components/sections/AccessControl/pages/AcUsersPage.tsx	175	AcUsersPage
save	function	platform	false		src/components/sections/AccessControl/pages/AcUsersPage.tsx	194	AcUsersPage
submitCritical	function	platform	false		src/components/sections/AccessControl/pages/AcUsersPage.tsx	206	AcUsersPage
submitRevoke	function	platform	false		src/components/sections/AccessControl/pages/AcUsersPage.tsx	217	AcUsersPage
toggleMod	function	platform	false		src/components/sections/AccessControl/pages/AcUsersPage.tsx	231	AcUsersPage
ComplianceRevokeDialog	function	platform	true	component	src/components/sections/AccessControl/pages/ComplianceRevokeDialog.tsx	16	
fmtTime	function	platform	false		src/components/sections/AdminDashboard/AdminDashboardController.tsx	23	
StatusKey	type	platform	false		src/components/sections/AdminDashboard/AdminDashboardController.tsx	30	
STATUS_COLOR	object	platform	false		src/components/sections/AdminDashboard/AdminDashboardController.tsx	32	
statusColor	function	platform	false		src/components/sections/AdminDashboard/AdminDashboardController.tsx	38	
STAT_CARDS	variable	platform	false	component,ui-tile	src/components/sections/AdminDashboard/AdminDashboardController.tsx	44	
AdminStatCards	function	platform	true	component,ui-tile	src/components/sections/AdminDashboard/AdminDashboardController.tsx	59	
AdminRecentTable	function	platform	true	component	src/components/sections/AdminDashboard/AdminDashboardController.tsx	99	
RecentRow	function	platform	false	component	src/components/sections/AdminDashboard/AdminDashboardController.tsx	141	
ApiResult	interface	platform	false		src/components/sections/AdminDashboard/api.ts	15	
unwrap	function	platform	false		src/components/sections/AdminDashboard/api.ts	17	
getAdminStats	function	platform	true		src/components/sections/AdminDashboard/api.ts	21	
getRecentAttendance	function	platform	true		src/components/sections/AdminDashboard/api.ts	26	
AttendanceApiResponse	interface	hr	false		src/components/sections/Attendance/api.ts	18	
listDailyLog	function	hr	true		src/components/sections/Attendance/api.ts	32	
COLOR_PRESENT	variable	hr	false	component	src/components/sections/Attendance/AttendanceCharts.tsx	23	
COLOR_LATE	variable	hr	false	component	src/components/sections/Attendance/AttendanceCharts.tsx	24	
COLOR_ABSENT	variable	hr	false	component	src/components/sections/Attendance/AttendanceCharts.tsx	25	
AnyChart	type	hr	false		src/components/sections/Attendance/AttendanceCharts.tsx	30	
getChartConstructor	function	hr	false		src/components/sections/Attendance/AttendanceCharts.tsx	32	
AttendanceChartsProps	interface	hr	false		src/components/sections/Attendance/AttendanceCharts.tsx	39	
TrendChart	function	hr	false	component	src/components/sections/Attendance/AttendanceCharts.tsx	47	
DistributionChart	function	hr	false	component	src/components/sections/Attendance/AttendanceCharts.tsx	152	
label	method	hr	false		src/components/sections/Attendance/AttendanceCharts.tsx	197	DistributionChart
AttendanceCharts	function	hr	true	component	src/components/sections/Attendance/AttendanceCharts.tsx	236	
esc	function	hr	false		src/components/sections/Attendance/AttendanceSection.tsx	30	
statusBadgeClass	function	hr	false		src/components/sections/Attendance/AttendanceSection.tsx	41	
LOG_COLUMNS	array	hr	false		src/components/sections/Attendance/AttendanceSection.tsx	52	
PhotoState	interface	hr	false		src/components/sections/Attendance/AttendanceSection.tsx	102	
AttendanceSection	function	hr	true	component	src/components/sections/Attendance/AttendanceSection.tsx	110	
statusBadgeClass	function	hr	false		src/components/sections/Attendance/EmployeeDetailModal.tsx	24	
EmployeeDetailModalProps	interface	hr	false		src/components/sections/Attendance/EmployeeDetailModal.tsx	35	
StatChip	function	hr	false	component	src/components/sections/Attendance/EmployeeDetailModal.tsx	44	
EmployeeDetailModal	function	hr	true	component	src/components/sections/Attendance/EmployeeDetailModal.tsx	72	
AttendanceFiltersBarProps	interface	hr	false		src/components/sections/Attendance/FiltersBar.tsx	28	
ToggleBtn	function	hr	false	component	src/components/sections/Attendance/FiltersBar.tsx	55	
AttendanceFiltersBar	function	hr	true	component	src/components/sections/Attendance/FiltersBar.tsx	77	
useAttendanceData	function	hr	true	hook	src/components/sections/Attendance/hooks.ts	28	
AttendanceMountOptions	interface	hr	true		src/components/sections/Attendance/mount.ts	29	
mountAttendanceSection	function	hr	true		src/components/sections/Attendance/mount.ts	43	
unmountAttendanceSection	function	hr	true		src/components/sections/Attendance/mount.ts	65	
PhotoModalProps	interface	hr	false		src/components/sections/Attendance/PhotoModal.tsx	16	
PhotoPane	function	hr	false	component	src/components/sections/Attendance/PhotoModal.tsx	25	
PhotoModal	function	hr	true	component	src/components/sections/Attendance/PhotoModal.tsx	89	
AttendanceStatCardsProps	interface	hr	false	ui-tile	src/components/sections/Attendance/StatCards.tsx	19	
SkeletonCard	function	hr	false	component,ui-tile	src/components/sections/Attendance/StatCards.tsx	27	
StatColor	type	hr	false		src/components/sections/Attendance/StatCards.tsx	42	
StatCardProps	interface	hr	false	ui-tile	src/components/sections/Attendance/StatCards.tsx	44	
StatCard	function	hr	false	component,ui-tile	src/components/sections/Attendance/StatCards.tsx	51	
AttendanceStatCards	function	hr	true	component,ui-tile	src/components/sections/Attendance/StatCards.tsx	67	
AttendanceRow	interface	hr	true		src/components/sections/Attendance/types.ts	13	
AttendanceStats	interface	hr	true		src/components/sections/Attendance/types.ts	26	
DailyTrend	interface	hr	true		src/components/sections/Attendance/types.ts	35	
DateRange	interface	hr	true		src/components/sections/Attendance/types.ts	44	
AttendanceData	interface	hr	true		src/components/sections/Attendance/types.ts	52	
ConsistencyRow	interface	hr	true		src/components/sections/Attendance/types.ts	61	
FilterMode	type	hr	true		src/components/sections/Attendance/types.ts	74	
MonthFilter	interface	hr	true		src/components/sections/Attendance/types.ts	76	
RangeFilter	interface	hr	true		src/components/sections/Attendance/types.ts	81	
fmtLocalTime	function	hr	true		src/components/sections/Attendance/utils.ts	20	
fmtDate	function	hr	true		src/components/sections/Attendance/utils.ts	34	
MONTH_NAMES	variable	hr	false		src/components/sections/Attendance/utils.ts	47	
getMonthName	function	hr	true		src/components/sections/Attendance/utils.ts	55	
getYearOptions	function	hr	true		src/components/sections/Attendance/utils.ts	62	
currentMonth	function	hr	true		src/components/sections/Attendance/utils.ts	70	
currentYear	function	hr	true		src/components/sections/Attendance/utils.ts	77	
STATUS_COLOR	object	hr	false		src/components/sections/Attendance/utils.ts	83	
STATUS_BG_COLOR	object	hr	false		src/components/sections/Attendance/utils.ts	89	
statusColor	function	hr	true		src/components/sections/Attendance/utils.ts	98	
statusBgColor	function	hr	true		src/components/sections/Attendance/utils.ts	105	
rateColor	function	hr	true		src/components/sections/Attendance/utils.ts	113	
buildConsistencyFromRows	function	hr	true		src/components/sections/Attendance/utils.ts	128	
MyStatusResponse	interface	hr	false		src/components/sections/AttendanceDashboard/api.ts	23	
SitesResponse	interface	hr	false		src/components/sections/AttendanceDashboard/api.ts	28	
getMyStatus	function	hr	true		src/components/sections/AttendanceDashboard/api.ts	36	
listProjectSites	function	hr	true		src/components/sections/AttendanceDashboard/api.ts	50	
markAttendance	function	hr	true		src/components/sections/AttendanceDashboard/api.ts	60	
fmtLocalTime	function	hr	false		src/components/sections/AttendanceDashboard/AttendanceDashboard.tsx	42	
haversineM	function	hr	false		src/components/sections/AttendanceDashboard/AttendanceDashboard.tsx	49	
toRad	function	hr	false		src/components/sections/AttendanceDashboard/AttendanceDashboard.tsx	51	haversineM
getCurrentLocation	function	hr	false		src/components/sections/AttendanceDashboard/AttendanceDashboard.tsx	60	
getAppStateUsername	function	hr	false		src/components/sections/AttendanceDashboard/AttendanceDashboard.tsx	80	
getAppStateUserId	function	hr	false		src/components/sections/AttendanceDashboard/AttendanceDashboard.tsx	86	
syncStatusDom	function	hr	false		src/components/sections/AttendanceDashboard/AttendanceDashboard.tsx	94	
LocationDisplay	function	hr	false	component	src/components/sections/AttendanceDashboard/AttendanceDashboard.tsx	151	
SiteSelector	function	hr	false	component	src/components/sections/AttendanceDashboard/AttendanceDashboard.tsx	196	
handleChange	function	hr	false		src/components/sections/AttendanceDashboard/AttendanceDashboard.tsx	209	SiteSelector
CameraModalProps	interface	hr	false		src/components/sections/AttendanceDashboard/AttendanceDashboard.tsx	245	
CameraModal	function	hr	false	component	src/components/sections/AttendanceDashboard/AttendanceDashboard.tsx	252	
onKey	function	hr	false		src/components/sections/AttendanceDashboard/AttendanceDashboard.tsx	294	CameraModal
handleCapture	function	hr	false		src/components/sections/AttendanceDashboard/AttendanceDashboard.tsx	308	CameraModal
handleRetake	function	hr	false		src/components/sections/AttendanceDashboard/AttendanceDashboard.tsx	344	CameraModal
handleConfirm	function	hr	false		src/components/sections/AttendanceDashboard/AttendanceDashboard.tsx	380	CameraModal
handleSiteSelect	function	hr	false		src/components/sections/AttendanceDashboard/AttendanceDashboard.tsx	388	CameraModal
AttendanceDashboardProps	interface	hr	false		src/components/sections/AttendanceDashboard/AttendanceDashboard.tsx	500	
AttendanceDashboard	function	hr	true	component	src/components/sections/AttendanceDashboard/AttendanceDashboard.tsx	504	
handleClick	function	hr	false		src/components/sections/AttendanceDashboard/AttendanceDashboard.tsx	533	AttendanceDashboard
handleAttendanceSuccess	function	hr	false		src/components/sections/AttendanceDashboard/AttendanceDashboard.tsx	547	AttendanceDashboard
getUsername	function	hr	false		src/components/sections/AttendanceDashboard/mount.ts	21	
mountAttendanceDashboard	function	hr	true		src/components/sections/AttendanceDashboard/mount.ts	27	
unmountAttendanceDashboard	function	hr	true		src/components/sections/AttendanceDashboard/mount.ts	40	
AttendanceStatus	interface	hr	true		src/components/sections/AttendanceDashboard/types.ts	11	
ProjectSiteOption	interface	hr	true		src/components/sections/AttendanceDashboard/types.ts	19	
LocationData	interface	hr	true		src/components/sections/AttendanceDashboard/types.ts	28	
MarkAttendanceResponse	interface	hr	true		src/components/sections/AttendanceDashboard/types.ts	36	
AttendanceAction	type	hr	true		src/components/sections/AttendanceDashboard/types.ts	43	
CameraPhase	type	hr	true		src/components/sections/AttendanceDashboard/types.ts	46	
StatCard	function	platform	false	component,ui-tile	src/components/sections/Calendar/CalendarPage.tsx	20	
CalendarPage	function	platform	true	component	src/components/sections/Calendar/CalendarPage.tsx	32	
shiftMonth	function	platform	false		src/components/sections/Calendar/CalendarPage.tsx	58	CalendarPage
goToday	function	platform	false		src/components/sections/Calendar/CalendarPage.tsx	59	CalendarPage
openItem	function	platform	false		src/components/sections/Calendar/CalendarPage.tsx	61	CalendarPage
TYPE_COLOR	object	platform	false		src/components/sections/Calendar/DayDrawer.tsx	14	
Donut	function	platform	false	component	src/components/sections/Calendar/DayDrawer.tsx	17	
AgendaRow	function	platform	false	component	src/components/sections/Calendar/DayDrawer.tsx	41	
DayDrawer	function	platform	true	component	src/components/sections/Calendar/DayDrawer.tsx	64	
CALENDAR_ROOT_ID	variable	platform	false		src/components/sections/Calendar/module.ts	12	
calendarModule	object	platform	true		src/components/sections/Calendar/module.ts	14	
MAX_CHIPS	variable	platform	false	component	src/components/sections/Calendar/MonthView.tsx	14	
typeIcon	function	platform	true		src/components/sections/Calendar/MonthView.tsx	16	
Chip	function	platform	false	component	src/components/sections/Calendar/MonthView.tsx	22	
MonthView	function	platform	true	component	src/components/sections/Calendar/MonthView.tsx	37	
mountCalendarSection	function	platform	true		src/components/sections/Calendar/mount.ts	10	
unmountCalendarSection	function	platform	true		src/components/sections/Calendar/mount.ts	17	
ApiResponse	interface	platform	false		src/components/sections/Dashboard/api.ts	12	
DashboardChartData	interface	platform	true		src/components/sections/Dashboard/api.ts	14	
DashChartsResponse	interface	platform	false		src/components/sections/Dashboard/api.ts	23	
getDashboardCharts	function	platform	true		src/components/sections/Dashboard/api.ts	25	
MyChartData	interface	platform	true		src/components/sections/Dashboard/api.ts	30	
MyChartResponse	interface	platform	false		src/components/sections/Dashboard/api.ts	38	
getMyChart	function	platform	true		src/components/sections/Dashboard/api.ts	40	
HiddenBarProps	interface	platform	false		src/components/sections/Dashboard/DashboardController.tsx	28	
HiddenBar	function	platform	false	component	src/components/sections/Dashboard/DashboardController.tsx	33	
clickHandler	function	platform	false		src/components/sections/Dashboard/DashboardController.tsx	53	HiddenBar
useHideBtnWiring	function	platform	false	hook	src/components/sections/Dashboard/DashboardController.tsx	66	
handler	function	platform	false		src/components/sections/Dashboard/DashboardController.tsx	71	useHideBtnWiring
useTodayDisplay	function	platform	false	hook	src/components/sections/Dashboard/DashboardController.tsx	82	
DashboardController	function	platform	true	component	src/components/sections/Dashboard/DashboardController.tsx	96	
set	function	platform	false		src/components/sections/Dashboard/DashboardController.tsx	168	DashboardController
mountDashboardController	function	platform	true		src/components/sections/Dashboard/mount.ts	15	
unmountDashboardController	function	platform	true		src/components/sections/Dashboard/mount.ts	24	
LAYOUT_KEY	variable	widgets	false		src/components/sections/Dashboard/useDashLayout.ts	18	
WIDGET_DEFS	variable	widgets	false	ui-tile	src/components/sections/Dashboard/useDashLayout.ts	19	
WidgetId	type	widgets	false	ui-tile	src/components/sections/Dashboard/useDashLayout.ts	27	
Layout	interface	widgets	false		src/components/sections/Dashboard/useDashLayout.ts	29	
loadLayout	function	widgets	false		src/components/sections/Dashboard/useDashLayout.ts	31	
saveLayout	function	widgets	false		src/components/sections/Dashboard/useDashLayout.ts	36	
snapshotGrid	function	widgets	false		src/components/sections/Dashboard/useDashLayout.ts	40	
useDashLayout	function	widgets	true	hook	src/components/sections/Dashboard/useDashLayout.ts	52	
doSave	function	widgets	false		src/components/sections/Dashboard/useDashLayout.ts	84	scheduleSave
ApiOk	interface	hr	false		src/components/sections/Employees/api.ts	38	
ApiErr	interface	hr	false		src/components/sections/Employees/api.ts	39	
ApiResult	type	hr	false		src/components/sections/Employees/api.ts	40	
unwrap	function	hr	false		src/components/sections/Employees/api.ts	43	
listEmployees	function	hr	true		src/components/sections/Employees/api.ts	50	
getEmployee	function	hr	true		src/components/sections/Employees/api.ts	55	
addEmployee	function	hr	true		src/components/sections/Employees/api.ts	60	
updateEmployee	function	hr	true		src/components/sections/Employees/api.ts	65	
deleteEmployee	function	hr	true		src/components/sections/Employees/api.ts	70	
listDepartments	function	hr	true		src/components/sections/Employees/api.ts	77	
listManagers	function	hr	true		src/components/sections/Employees/api.ts	82	
AssignableRole	interface	hr	true		src/components/sections/Employees/api.ts	87	
listAssignableRoles	function	hr	true		src/components/sections/Employees/api.ts	90	
addDepartment	function	hr	true		src/components/sections/Employees/api.ts	95	
updateDepartment	function	hr	true		src/components/sections/Employees/api.ts	100	
deleteDepartment	function	hr	true		src/components/sections/Employees/api.ts	105	
getMyHistory	function	hr	true		src/components/sections/Employees/api.ts	112	
getDeptStats	function	hr	true		src/components/sections/Employees/api.ts	123	
getDeptEmployees	function	hr	true		src/components/sections/Employees/api.ts	128	
getAdminStats	function	hr	true		src/components/sections/Employees/api.ts	135	
getRecentAttendance	function	hr	true		src/components/sections/Employees/api.ts	140	
DepartmentModalProps	interface	hr	false		src/components/sections/Employees/DepartmentModal.tsx	18	
FormState	interface	hr	false		src/components/sections/Employees/DepartmentModal.tsx	24	
DepartmentModal	function	hr	true	component	src/components/sections/Employees/DepartmentModal.tsx	29	
labelStyle	function	hr	false		src/components/sections/Employees/DepartmentModal.tsx	139	
inputStyle	function	hr	false		src/components/sections/Employees/DepartmentModal.tsx	147	
errorStyle	object	hr	false		src/components/sections/Employees/DepartmentModal.tsx	158	
cancelBtnStyle	object	hr	false		src/components/sections/Employees/DepartmentModal.tsx	164	
submitBtnStyle	function	hr	false		src/components/sections/Employees/DepartmentModal.tsx	175	
DepartmentsSection	function	hr	true	component	src/components/sections/Employees/DepartmentsSection.tsx	22	
DepartmentCard	function	hr	false	component,ui-tile	src/components/sections/Employees/DepartmentsSection.tsx	146	
EmployeeCardProps	interface	hr	false	ui-tile	src/components/sections/Employees/EmployeeCard.tsx	19	
ROLE_LABEL	object	hr	false		src/components/sections/Employees/EmployeeCard.tsx	27	
TODAY_BADGE_CLASS	object	hr	false		src/components/sections/Employees/EmployeeCard.tsx	35	
EmployeeCard	function	hr	true	component,ui-tile	src/components/sections/Employees/EmployeeCard.tsx	41	
EmployeeDrawerProps	interface	hr	false		src/components/sections/Employees/EmployeeDrawer.tsx	26	
ROLE_LABEL	object	hr	false		src/components/sections/Employees/EmployeeDrawer.tsx	34	
EmployeeDrawer	function	hr	true	component	src/components/sections/Employees/EmployeeDrawer.tsx	38	
handler	function	hr	false		src/components/sections/Employees/EmployeeDrawer.tsx	53	EmployeeDrawer
Mode	type	hr	false		src/components/sections/Employees/EmployeeModal.tsx	44	
EmployeeModalProps	interface	hr	false		src/components/sections/Employees/EmployeeModal.tsx	46	
FormState	interface	hr	false		src/components/sections/Employees/EmployeeModal.tsx	58	
DEFAULT_FORM	object	hr	false		src/components/sections/Employees/EmployeeModal.tsx	79	
EmployeeModal	function	hr	true	component	src/components/sections/Employees/EmployeeModal.tsx	102	
validate	function	hr	false		src/components/sections/Employees/EmployeeModal.tsx	182	EmployeeModal
Section	function	hr	false	component	src/components/sections/Employees/EmployeeModal.tsx	609	
Row	function	hr	false	component	src/components/sections/Employees/EmployeeModal.tsx	631	
Field	function	hr	false	component	src/components/sections/Employees/EmployeeModal.tsx	639	
CheckboxField	function	hr	false	component	src/components/sections/Employees/EmployeeModal.tsx	671	
inputStyle	function	hr	false		src/components/sections/Employees/EmployeeModal.tsx	703	
cancelBtnStyle	object	hr	false		src/components/sections/Employees/EmployeeModal.tsx	717	
submitBtnStyle	function	hr	false		src/components/sections/Employees/EmployeeModal.tsx	728	
outlineBtnStyle	function	hr	false		src/components/sections/Employees/EmployeeModal.tsx	746	
EmpRow	type	hr	false		src/components/sections/Employees/EmployeesSection.tsx	39	
COLUMNS	variable	hr	false	component	src/components/sections/Employees/EmployeesSection.tsx	41	
EmployeesSectionProps	interface	hr	false		src/components/sections/Employees/EmployeesSection.tsx	98	
EmployeesSection	function	hr	true	component	src/components/sections/Employees/EmployeesSection.tsx	103	
ViewToggleBtn	function	hr	false	component	src/components/sections/Employees/EmployeesSection.tsx	348	
COLUMNS	variable	hr	false	component	src/components/sections/Employees/HistorySection.tsx	35	
HistorySection	function	hr	true	component	src/components/sections/Employees/HistorySection.tsx	74	
useEmployeeList	function	hr	true	hook	src/components/sections/Employees/hooks.ts	40	
useEmployee	function	hr	true	hook	src/components/sections/Employees/hooks.ts	50	
useAddEmployee	function	hr	true	hook	src/components/sections/Employees/hooks.ts	61	
useUpdateEmployee	function	hr	true	hook	src/components/sections/Employees/hooks.ts	75	
useDeleteEmployee	function	hr	true	hook	src/components/sections/Employees/hooks.ts	90	
useDepartmentList	function	hr	true	hook	src/components/sections/Employees/hooks.ts	106	
useManagerList	function	hr	true	hook	src/components/sections/Employees/hooks.ts	116	
useAssignableRoles	function	hr	true	hook	src/components/sections/Employees/hooks.ts	126	
useAddDepartment	function	hr	true	hook	src/components/sections/Employees/hooks.ts	138	
useUpdateDepartment	function	hr	true	hook	src/components/sections/Employees/hooks.ts	154	
useDeleteDepartment	function	hr	true	hook	src/components/sections/Employees/hooks.ts	169	
useMyHistory	function	hr	true	hook	src/components/sections/Employees/hooks.ts	186	
useAdminStats	function	hr	true	hook	src/components/sections/Employees/hooks.ts	201	
useRecentAttendance	function	hr	true	hook	src/components/sections/Employees/hooks.ts	212	
useDeptStats	function	hr	true	hook	src/components/sections/Employees/hooks.ts	223	
useDeptEmployees	function	hr	true	hook	src/components/sections/Employees/hooks.ts	233	
EmployeeSectionId	type	hr	true		src/components/sections/Employees/index.tsx	43	
MountOptions	interface	hr	true		src/components/sections/Employees/index.tsx	54	
EmployeesRoot	function	hr	false	component	src/components/sections/Employees/index.tsx	63	
SectionRouter	function	hr	false	component	src/components/sections/Employees/index.tsx	79	
mountEmployeesModule	function	hr	true		src/components/sections/Employees/index.tsx	126	
unmountEmployeesModule	function	hr	true		src/components/sections/Employees/index.tsx	134	
ManagerDashboardProps	interface	hr	false		src/components/sections/Employees/ManagerDashboard.tsx	21	
ManagerDashboard	function	hr	true	component	src/components/sections/Employees/ManagerDashboard.tsx	25	
DeptEmpRow	function	hr	false	component	src/components/sections/Employees/ManagerDashboard.tsx	86	
employeeKeys	variable	hr	true		src/components/sections/Employees/queryKeys.ts	17	
departmentKeys	variable	hr	true		src/components/sections/Employees/queryKeys.ts	25	
historyKeys	variable	hr	true		src/components/sections/Employees/queryKeys.ts	35	
dashboardKeys	variable	hr	true		src/components/sections/Employees/queryKeys.ts	43	
StatCardProps	interface	hr	false	ui-tile	src/components/sections/Employees/StatCard.tsx	18	
iconVariant	function	hr	false		src/components/sections/Employees/StatCard.tsx	27	
useCountUp	function	hr	false	hook	src/components/sections/Employees/StatCard.tsx	37	
step	function	hr	false		src/components/sections/Employees/StatCard.tsx	48	useCountUp
StatCard	function	hr	true	component,ui-tile	src/components/sections/Employees/StatCard.tsx	69	
UserRole	type	hr	true		src/components/sections/Employees/types.ts	15	
UserStatus	type	hr	true		src/components/sections/Employees/types.ts	16	
TodayStatus	type	hr	true		src/components/sections/Employees/types.ts	17	
PayCycle	type	hr	true		src/components/sections/Employees/types.ts	18	
PayBasis	type	hr	true		src/components/sections/Employees/types.ts	19	
AttendanceStatus	type	hr	true		src/components/sections/Employees/types.ts	22	
EmployeeListItem	interface	hr	true		src/components/sections/Employees/types.ts	26	
EmployeeDetail	interface	hr	true		src/components/sections/Employees/types.ts	46	
AddEmployeePayload	interface	hr	true		src/components/sections/Employees/types.ts	73	
UpdateEmployeePayload	interface	hr	true		src/components/sections/Employees/types.ts	93	
Department	interface	hr	true		src/components/sections/Employees/types.ts	118	
Manager	interface	hr	true		src/components/sections/Employees/types.ts	127	
AddDepartmentPayload	interface	hr	true		src/components/sections/Employees/types.ts	132	
UpdateDepartmentPayload	interface	hr	true		src/components/sections/Employees/types.ts	137	
HistoryRecord	interface	hr	true		src/components/sections/Employees/types.ts	145	
DeptStats	interface	hr	true		src/components/sections/Employees/types.ts	160	
DeptEmployee	interface	hr	true		src/components/sections/Employees/types.ts	167	
AdminStats	interface	hr	true		src/components/sections/Employees/types.ts	177	
RecentAttendanceRow	interface	hr	true		src/components/sections/Employees/types.ts	190	
fmtLocalTime	function	hr	true		src/components/sections/Employees/utils.ts	23	
fmtDate	function	hr	true		src/components/sections/Employees/utils.ts	40	
todayISO	function	hr	true		src/components/sections/Employees/utils.ts	54	
dayOfWeek	function	hr	true		src/components/sections/Employees/utils.ts	62	
TODAY_STATUS_LABEL	object	hr	true		src/components/sections/Employees/utils.ts	72	
TODAY_STATUS_COLOR	object	hr	true		src/components/sections/Employees/utils.ts	78	
ATTENDANCE_STATUS_COLOR	object	hr	true		src/components/sections/Employees/utils.ts	87	
downloadCsv	function	hr	true		src/components/sections/Employees/utils.ts	100	
fileToBase64	function	hr	true		src/components/sections/Employees/utils.ts	118	
initials	function	hr	true		src/components/sections/Employees/utils.ts	139	
EmployeeCellResolvedProps	interface	finance	true		src/components/sections/Finance/_shared/EmployeeCell.tsx	37	
EmployeeCellResolved	function	finance	true	component	src/components/sections/Finance/_shared/EmployeeCell.tsx	58	
EmployeeCellProps	interface	finance	true		src/components/sections/Finance/_shared/EmployeeCell.tsx	94	
EmployeeCell	function	finance	true	component	src/components/sections/Finance/_shared/EmployeeCell.tsx	107	
useDebounce	function	finance	false	hook	src/components/sections/Finance/_shared/pickers.tsx	42	
BasePickerProps	interface	finance	true		src/components/sections/Finance/_shared/pickers.tsx	59	
EmployeePicker	function	finance	true	component	src/components/sections/Finance/_shared/pickers.tsx	76	
CostCentrePicker	function	finance	true	component	src/components/sections/Finance/_shared/pickers.tsx	125	
ApprovedRunPicker	function	finance	true	component	src/components/sections/Finance/_shared/pickers.tsx	175	
AuthorityPicker	function	finance	true	component	src/components/sections/Finance/_shared/pickers.tsx	222	
BudgetCategoryPicker	function	finance	true	component	src/components/sections/Finance/_shared/pickers.tsx	262	
ReportResult	interface	finance	true		src/components/sections/Finance/_shared/reports.tsx	42	
ReportRow	type	finance	true		src/components/sections/Finance/_shared/reports.tsx	49	
ReportColumn	interface	finance	true		src/components/sections/Finance/_shared/reports.tsx	52	
ReportDescriptor	interface	finance	true		src/components/sections/Finance/_shared/reports.tsx	71	
exportReportCsv	function	finance	true		src/components/sections/Finance/_shared/reports.tsx	83	
ReportDataTableProps	interface	finance	false		src/components/sections/Finance/_shared/reports.tsx	104	
ReportDataTable	function	finance	true	component	src/components/sections/Finance/_shared/reports.tsx	116	
cellValue	function	finance	false		src/components/sections/Finance/_shared/reports.tsx	121	ReportDataTable
isNumeric	function	finance	false		src/components/sections/Finance/_shared/reports.tsx	135	ReportDataTable
ReportPanelProps	interface	finance	true		src/components/sections/Finance/_shared/reports.tsx	184	
ReportPanel	function	finance	true	component	src/components/sections/Finance/_shared/reports.tsx	217	
handleExport	function	finance	false		src/components/sections/Finance/_shared/reports.tsx	230	ReportPanel
IconProps	interface	finance	false		src/components/sections/Finance/_shared/sfpKit.tsx	16	
svg	function	finance	false		src/components/sections/Finance/_shared/sfpKit.tsx	17	
IconFile	function	finance	true	component	src/components/sections/Finance/_shared/sfpKit.tsx	21	
IconDoc	function	finance	true	component	src/components/sections/Finance/_shared/sfpKit.tsx	22	
IconLayers	function	finance	true	component	src/components/sections/Finance/_shared/sfpKit.tsx	23	
IconClose	function	finance	true	component	src/components/sections/Finance/_shared/sfpKit.tsx	24	
IconOk	function	finance	true	component	src/components/sections/Finance/_shared/sfpKit.tsx	25	
IconOkBadge	function	finance	true	component	src/components/sections/Finance/_shared/sfpKit.tsx	27	
IconBad	function	finance	true	component	src/components/sections/Finance/_shared/sfpKit.tsx	33	
IconInfo	function	finance	true	component	src/components/sections/Finance/_shared/sfpKit.tsx	34	
IconArrow	function	finance	true	component	src/components/sections/Finance/_shared/sfpKit.tsx	35	
IconChevronLeft	function	finance	true	component	src/components/sections/Finance/_shared/sfpKit.tsx	36	
IconChevronLeftBadge	function	finance	true	component	src/components/sections/Finance/_shared/sfpKit.tsx	38	
IconCoins	function	finance	true	component	src/components/sections/Finance/_shared/sfpKit.tsx	44	
IconBook	function	finance	true	component	src/components/sections/Finance/_shared/sfpKit.tsx	45	
IconClock	function	finance	true	component	src/components/sections/Finance/_shared/sfpKit.tsx	46	
IconShield	function	finance	true	component	src/components/sections/Finance/_shared/sfpKit.tsx	47	
IconEye	function	finance	true	component	src/components/sections/Finance/_shared/sfpKit.tsx	48	
IconUpload	function	finance	true	component	src/components/sections/Finance/_shared/sfpKit.tsx	49	
IconAlert	function	finance	true	component	src/components/sections/Finance/_shared/sfpKit.tsx	50	
IconTrash	function	finance	true	component	src/components/sections/Finance/_shared/sfpKit.tsx	51	
IconGavel	function	finance	true	component	src/components/sections/Finance/_shared/sfpKit.tsx	52	
IconSpark	function	finance	true	component	src/components/sections/Finance/_shared/sfpKit.tsx	53	
VersionStatus	type	finance	true		src/components/sections/Finance/_shared/sfpKit.tsx	56	
pillClass	function	finance	true		src/components/sections/Finance/_shared/sfpKit.tsx	57	
StatusPill	function	finance	true	component	src/components/sections/Finance/_shared/sfpKit.tsx	66	
StatFormShell	function	finance	true	component	src/components/sections/Finance/_shared/sfpKit.tsx	79	
minLenError	function	finance	true		src/components/sections/Finance/_shared/sfpKit.tsx	116	
InfoHint	function	finance	false	component	src/components/sections/Finance/_shared/sfpKit.tsx	123	
TextField	function	finance	true	component	src/components/sections/Finance/_shared/sfpKit.tsx	127	
MoneyField	function	finance	true	component	src/components/sections/Finance/_shared/sfpKit.tsx	152	
SelectField	function	finance	true	component	src/components/sections/Finance/_shared/sfpKit.tsx	175	
ToggleField	function	finance	true	component	src/components/sections/Finance/_shared/sfpKit.tsx	200	
ApAdvFilters	interface	finance	true		src/components/sections/Finance/ApAdvancedFilterPanel.tsx	15	
countAdvFilters	function	finance	true		src/components/sections/Finance/ApAdvancedFilterPanel.tsx	21	
ApAdvancedFilterPanel	function	finance	true	component	src/components/sections/Finance/ApAdvancedFilterPanel.tsx	26	
set	function	finance	false		src/components/sections/Finance/ApAdvancedFilterPanel.tsx	35	ApAdvancedFilterPanel
numOrUndef	function	finance	false		src/components/sections/Finance/ApAdvancedFilterPanel.tsx	36	ApAdvancedFilterPanel
fmtDate	function	finance	false		src/components/sections/Finance/ApBillDrawer.tsx	19	
fmtDateTime	function	finance	false		src/components/sections/Finance/ApBillDrawer.tsx	20	
humanize	function	finance	false		src/components/sections/Finance/ApBillDrawer.tsx	21	
statusView	function	finance	false		src/components/sections/Finance/ApBillDrawer.tsx	23	
Tab	type	finance	false		src/components/sections/Finance/ApBillDrawer.tsx	36	
TABS	array	finance	false		src/components/sections/Finance/ApBillDrawer.tsx	37	
ApBillDrawerActions	interface	finance	true		src/components/sections/Finance/ApBillDrawer.tsx	43	
ApBillDrawer	function	finance	true	component	src/components/sections/Finance/ApBillDrawer.tsx	48	
postComment	function	finance	false		src/components/sections/Finance/ApBillDrawer.tsx	64	ApBillDrawer
fmtDue	function	finance	false		src/components/sections/Finance/ApBulkApprovalQueue.tsx	22	
Props	interface	finance	false		src/components/sections/Finance/ApBulkApprovalQueue.tsx	25	
ApBulkApprovalQueue	function	finance	true	component	src/components/sections/Finance/ApBulkApprovalQueue.tsx	31	
toggleAll	function	finance	false		src/components/sections/Finance/ApBulkApprovalQueue.tsx	52	ApBulkApprovalQueue
toggle	function	finance	false		src/components/sections/Finance/ApBulkApprovalQueue.tsx	56	ApBulkApprovalQueue
doApprove	function	finance	false		src/components/sections/Finance/ApBulkApprovalQueue.tsx	60	ApBulkApprovalQueue
doRejectOne	function	finance	false		src/components/sections/Finance/ApBulkApprovalQueue.tsx	77	ApBulkApprovalQueue
MATCH_LABEL	object	finance	false		src/components/sections/Finance/ApDuplicateReviewDrawer.tsx	19	
CONF_TONE	object	finance	false		src/components/sections/Finance/ApDuplicateReviewDrawer.tsx	26	
Props	interface	finance	false		src/components/sections/Finance/ApDuplicateReviewDrawer.tsx	30	
ApDuplicateReviewDrawer	function	finance	true	component	src/components/sections/Finance/ApDuplicateReviewDrawer.tsx	36	
handleResolve	function	finance	false		src/components/sections/Finance/ApDuplicateReviewDrawer.tsx	47	ApDuplicateReviewDrawer
Props	interface	finance	false		src/components/sections/Finance/ApDuplicateRiskBanner.tsx	12	
ApDuplicateRiskBanner	function	finance	true	component	src/components/sections/Finance/ApDuplicateRiskBanner.tsx	16	
REQUIRED_HEADERS	variable	finance	false	component	src/components/sections/Finance/ApImportWizard.tsx	24	
ALL_HEADERS	variable	finance	false	component	src/components/sections/Finance/ApImportWizard.tsx	25	
parseCsv	function	finance	false		src/components/sections/Finance/ApImportWizard.tsx	27	
STEPS	array	finance	false		src/components/sections/Finance/ApImportWizard.tsx	42	
Props	interface	finance	false		src/components/sections/Finance/ApImportWizard.tsx	44	
ApImportWizard	function	finance	true	component	src/components/sections/Finance/ApImportWizard.tsx	50	
reset	function	finance	false		src/components/sections/Finance/ApImportWizard.tsx	61	ApImportWizard
close	function	finance	false		src/components/sections/Finance/ApImportWizard.tsx	64	ApImportWizard
handleFile	function	finance	false		src/components/sections/Finance/ApImportWizard.tsx	66	ApImportWizard
parseThenValidate	function	finance	false		src/components/sections/Finance/ApImportWizard.tsx	72	ApImportWizard
doImport	function	finance	false		src/components/sections/Finance/ApImportWizard.tsx	108	ApImportWizard
onPrimary	function	finance	false		src/components/sections/Finance/ApImportWizard.tsx	125	ApImportWizard
LineDraft	interface	finance	false		src/components/sections/Finance/ApNewBillWizard.tsx	19	
emptyLine	function	finance	false		src/components/sections/Finance/ApNewBillWizard.tsx	20	
lineTotal	function	finance	false		src/components/sections/Finance/ApNewBillWizard.tsx	21	
num	function	finance	false		src/components/sections/Finance/ApNewBillWizard.tsx	22	
LineEditor	function	finance	false	component	src/components/sections/Finance/ApNewBillWizard.tsx	24	
set	function	finance	false		src/components/sections/Finance/ApNewBillWizard.tsx	28	LineEditor
ApNewBillWizard	function	finance	true	component	src/components/sections/Finance/ApNewBillWizard.tsx	53	
H	function	finance	false	component	src/components/sections/Finance/ApNewBillWizard.tsx	70	ApNewBillWizard
reset	function	finance	false		src/components/sections/Finance/ApNewBillWizard.tsx	71	ApNewBillWizard
close	function	finance	false		src/components/sections/Finance/ApNewBillWizard.tsx	72	ApNewBillWizard
pickVendor	function	finance	false		src/components/sections/Finance/ApNewBillWizard.tsx	73	ApNewBillWizard
next	function	finance	false		src/components/sections/Finance/ApNewBillWizard.tsx	81	ApNewBillWizard
METHODS	array	finance	false		src/components/sections/Finance/ApPaymentRunBuilder.tsx	28	
fmtDue	function	finance	false		src/components/sections/Finance/ApPaymentRunBuilder.tsx	34	
STEPS	array	finance	false		src/components/sections/Finance/ApPaymentRunBuilder.tsx	37	
Props	interface	finance	false		src/components/sections/Finance/ApPaymentRunBuilder.tsx	39	
ApPaymentRunBuilder	function	finance	true	component	src/components/sections/Finance/ApPaymentRunBuilder.tsx	45	
toggle	function	finance	false		src/components/sections/Finance/ApPaymentRunBuilder.tsx	75	ApPaymentRunBuilder
toggleAll	function	finance	false		src/components/sections/Finance/ApPaymentRunBuilder.tsx	78	ApPaymentRunBuilder
reset	function	finance	false		src/components/sections/Finance/ApPaymentRunBuilder.tsx	82	ApPaymentRunBuilder
close	function	finance	false		src/components/sections/Finance/ApPaymentRunBuilder.tsx	86	ApPaymentRunBuilder
doCreate	function	finance	false		src/components/sections/Finance/ApPaymentRunBuilder.tsx	88	ApPaymentRunBuilder
doProcess	function	finance	false		src/components/sections/Finance/ApPaymentRunBuilder.tsx	108	ApPaymentRunBuilder
doVoid	function	finance	false		src/components/sections/Finance/ApPaymentRunBuilder.tsx	131	ApPaymentRunBuilder
onNext	function	finance	false		src/components/sections/Finance/ApPaymentRunBuilder.tsx	157	ApPaymentRunBuilder
METHODS	array	finance	false		src/components/sections/Finance/ApRecordPaymentDialog.tsx	21	
REQUIRES_REFERENCE	array	finance	false		src/components/sections/Finance/ApRecordPaymentDialog.tsx	31	
resultingStatus	function	finance	false		src/components/sections/Finance/ApRecordPaymentDialog.tsx	35	
todayIso	function	finance	false		src/components/sections/Finance/ApRecordPaymentDialog.tsx	42	
PayForm	interface	finance	false		src/components/sections/Finance/ApRecordPaymentDialog.tsx	46	
FieldErrors	type	finance	false		src/components/sections/Finance/ApRecordPaymentDialog.tsx	54	
ApRecordPaymentDialogProps	interface	finance	true		src/components/sections/Finance/ApRecordPaymentDialog.tsx	58	
ApRecordPaymentDialog	function	finance	true	component	src/components/sections/Finance/ApRecordPaymentDialog.tsx	65	
validate	function	finance	false		src/components/sections/Finance/ApRecordPaymentDialog.tsx	90	ApRecordPaymentDialog
submit	function	finance	false		src/components/sections/Finance/ApRecordPaymentDialog.tsx	100	ApRecordPaymentDialog
BillStatusFacet	type	finance	true		src/components/sections/Finance/ApStatusFilterMenu.tsx	15	
BILL_STATUS_LABEL	object	finance	true		src/components/sections/Finance/ApStatusFilterMenu.tsx	17	
OPTIONS	array	finance	false		src/components/sections/Finance/ApStatusFilterMenu.tsx	22	
ApStatusFilterMenu	function	finance	true	component	src/components/sections/Finance/ApStatusFilterMenu.tsx	24	
validateEmail	function	finance	false		src/components/sections/Finance/ApVendorDialog.tsx	26	
validatePhone	function	finance	false		src/components/sections/Finance/ApVendorDialog.tsx	27	
CURRENCIES	array	finance	false		src/components/sections/Finance/ApVendorDialog.tsx	29	
METHODS	array	finance	false		src/components/sections/Finance/ApVendorDialog.tsx	30	
STATUSES	array	finance	false		src/components/sections/Finance/ApVendorDialog.tsx	38	
VendorForm	interface	finance	false		src/components/sections/Finance/ApVendorDialog.tsx	46	
EMPTY_FORM	object	finance	false		src/components/sections/Finance/ApVendorDialog.tsx	69	
fromVendor	function	finance	false		src/components/sections/Finance/ApVendorDialog.tsx	77	
FieldErrors	type	finance	false		src/components/sections/Finance/ApVendorDialog.tsx	90	
ApVendorDialogProps	interface	finance	true		src/components/sections/Finance/ApVendorDialog.tsx	94	
ApVendorDialog	function	finance	true	component	src/components/sections/Finance/ApVendorDialog.tsx	102	
validateStep	function	finance	false		src/components/sections/Finance/ApVendorDialog.tsx	147	ApVendorDialog
goNext	function	finance	false		src/components/sections/Finance/ApVendorDialog.tsx	165	ApVendorDialog
submit	function	finance	false		src/components/sections/Finance/ApVendorDialog.tsx	173	ApVendorDialog
fmtDate	function	finance	false		src/components/sections/Finance/ApVendorDrawer.tsx	28	
vendorStatusTone	function	finance	false		src/components/sections/Finance/ApVendorDrawer.tsx	33	
vendorStatusLabel	function	finance	false		src/components/sections/Finance/ApVendorDrawer.tsx	36	
billTone	function	finance	false		src/components/sections/Finance/ApVendorDrawer.tsx	40	
VendorOverview	function	finance	false	component	src/components/sections/Finance/ApVendorDrawer.tsx	55	
BillsTab	function	finance	false	component	src/components/sections/Finance/ApVendorDrawer.tsx	122	
PaymentsTab	function	finance	false	component	src/components/sections/Finance/ApVendorDrawer.tsx	147	
PayRow	type	finance	false		src/components/sections/Finance/ApVendorDrawer.tsx	149	PaymentsTab
ApVendorDrawerProps	interface	finance	true		src/components/sections/Finance/ApVendorDrawer.tsx	173	
ApVendorDrawer	function	finance	true	component	src/components/sections/Finance/ApVendorDrawer.tsx	180	
CURRENT_YEAR	variable	finance	false	component	src/components/sections/Finance/BudBulkUpsertWizard.tsx	27	
YEAR_OPTS	variable	finance	false	component	src/components/sections/Finance/BudBulkUpsertWizard.tsx	28	
PERIOD_OPTIONS	variable	finance	false	component	src/components/sections/Finance/BudBulkUpsertWizard.tsx	30	
LineEntry	interface	finance	false		src/components/sections/Finance/BudBulkUpsertWizard.tsx	32	
WizardState	interface	finance	false		src/components/sections/Finance/BudBulkUpsertWizard.tsx	42	
EMPTY_STATE	object	finance	false		src/components/sections/Finance/BudBulkUpsertWizard.tsx	51	
Step0FiscalYear	function	finance	false	component	src/components/sections/Finance/BudBulkUpsertWizard.tsx	62	
Step1CostCentre	function	finance	false	component	src/components/sections/Finance/BudBulkUpsertWizard.tsx	95	
Step2Categories	function	finance	false	component	src/components/sections/Finance/BudBulkUpsertWizard.tsx	115	
addCategory	function	finance	false		src/components/sections/Finance/BudBulkUpsertWizard.tsx	121	Step2Categories
removeCategory	function	finance	false		src/components/sections/Finance/BudBulkUpsertWizard.tsx	127	Step2Categories
Step3LineEntry	function	finance	false	component	src/components/sections/Finance/BudBulkUpsertWizard.tsx	175	
patchLine	function	finance	false		src/components/sections/Finance/BudBulkUpsertWizard.tsx	179	Step3LineEntry
Step4Review	function	finance	false	component	src/components/sections/Finance/BudBulkUpsertWizard.tsx	261	
Step5Confirm	function	finance	false	component	src/components/sections/Finance/BudBulkUpsertWizard.tsx	321	
STEP_TITLES	array	finance	false		src/components/sections/Finance/BudBulkUpsertWizard.tsx	346	
BudBulkUpsertWizardProps	interface	finance	true		src/components/sections/Finance/BudBulkUpsertWizard.tsx	355	
BudBulkUpsertWizard	function	finance	true	component	src/components/sections/Finance/BudBulkUpsertWizard.tsx	361	
patch	function	finance	false		src/components/sections/Finance/BudBulkUpsertWizard.tsx	378	BudBulkUpsertWizard
syncLines	function	finance	false		src/components/sections/Finance/BudBulkUpsertWizard.tsx	383	BudBulkUpsertWizard
validateStep	function	finance	false		src/components/sections/Finance/BudBulkUpsertWizard.tsx	391	BudBulkUpsertWizard
handleNext	function	finance	false		src/components/sections/Finance/BudBulkUpsertWizard.tsx	410	BudBulkUpsertWizard
handleBack	function	finance	false		src/components/sections/Finance/BudBulkUpsertWizard.tsx	421	BudBulkUpsertWizard
handleSubmit	function	finance	false		src/components/sections/Finance/BudBulkUpsertWizard.tsx	426	BudBulkUpsertWizard
handlePrimary	function	finance	false		src/components/sections/Finance/BudBulkUpsertWizard.tsx	463	BudBulkUpsertWizard
CURRENT_YEAR	variable	finance	false	component	src/components/sections/Finance/BudCopyLastYearDialog.tsx	22	
YEAR_OPTS	variable	finance	false	component	src/components/sections/Finance/BudCopyLastYearDialog.tsx	23	
DialogState	interface	finance	false		src/components/sections/Finance/BudCopyLastYearDialog.tsx	25	
EMPTY	object	finance	false		src/components/sections/Finance/BudCopyLastYearDialog.tsx	36	
PreviewStep	function	finance	false	component	src/components/sections/Finance/BudCopyLastYearDialog.tsx	48	
BudCopyLastYearDialogProps	interface	finance	true		src/components/sections/Finance/BudCopyLastYearDialog.tsx	134	
BudCopyLastYearDialog	function	finance	true	component	src/components/sections/Finance/BudCopyLastYearDialog.tsx	140	
patch	function	finance	false		src/components/sections/Finance/BudCopyLastYearDialog.tsx	147	BudCopyLastYearDialog
validate	function	finance	false		src/components/sections/Finance/BudCopyLastYearDialog.tsx	151	BudCopyLastYearDialog
handleNext	function	finance	false		src/components/sections/Finance/BudCopyLastYearDialog.tsx	160	BudCopyLastYearDialog
handleSubmit	function	finance	false		src/components/sections/Finance/BudCopyLastYearDialog.tsx	167	BudCopyLastYearDialog
handlePrimary	function	finance	false		src/components/sections/Finance/BudCopyLastYearDialog.tsx	196	BudCopyLastYearDialog
CURRENT_YEAR	variable	finance	false	component	src/components/sections/Finance/BudgetsOverview.tsx	56	
YEAR_OPTS	variable	finance	false	component	src/components/sections/Finance/BudgetsOverview.tsx	57	
PAGE_SIZE	variable	finance	false	component	src/components/sections/Finance/BudgetsOverview.tsx	58	
Tab	type	finance	false		src/components/sections/Finance/BudgetsOverview.tsx	60	
TABS	array	finance	false		src/components/sections/Finance/BudgetsOverview.tsx	61	
varianceTone	function	finance	false		src/components/sections/Finance/BudgetsOverview.tsx	71	
fmtPct	function	finance	false		src/components/sections/Finance/BudgetsOverview.tsx	79	
SOURCE_MODULE_LABELS	object	finance	false		src/components/sections/Finance/BudgetsOverview.tsx	84	
humanModule	function	finance	false		src/components/sections/Finance/BudgetsOverview.tsx	92	
EditForm	interface	finance	false		src/components/sections/Finance/BudgetsOverview.tsx	98	
EMPTY_FORM	object	finance	false		src/components/sections/Finance/BudgetsOverview.tsx	102	
EditModalState	interface	finance	false		src/components/sections/Finance/BudgetsOverview.tsx	112	
LinesTab	function	finance	false	component	src/components/sections/Finance/BudgetsOverview.tsx	116	
handleSort	function	finance	false		src/components/sections/Finance/BudgetsOverview.tsx	136	LinesTab
openDrawer	function	finance	false		src/components/sections/Finance/BudgetsOverview.tsx	171	LinesTab
openEdit	function	finance	false		src/components/sections/Finance/BudgetsOverview.tsx	176	LinesTab
onEditSubmit	function	finance	false		src/components/sections/Finance/BudgetsOverview.tsx	192	LinesTab
onDelete	function	finance	false		src/components/sections/Finance/BudgetsOverview.tsx	219	LinesTab
handleExportCsv	function	finance	false		src/components/sections/Finance/BudgetsOverview.tsx	236	LinesTab
VarianceTab	function	finance	false	component	src/components/sections/Finance/BudgetsOverview.tsx	406	
handleSort	function	finance	false		src/components/sections/Finance/BudgetsOverview.tsx	418	VarianceTab
handleExport	function	finance	false		src/components/sections/Finance/BudgetsOverview.tsx	466	VarianceTab
ActualsTab	function	finance	false	component	src/components/sections/Finance/BudgetsOverview.tsx	540	
handleSort	function	finance	false		src/components/sections/Finance/BudgetsOverview.tsx	551	ActualsTab
handleExport	function	finance	false		src/components/sections/Finance/BudgetsOverview.tsx	585	ActualsTab
BUDGET_VARIANCE_COLS	array	finance	false		src/components/sections/Finance/BudgetsOverview.tsx	638	
BUDGET_ACTUALS_COLS	array	finance	false		src/components/sections/Finance/BudgetsOverview.tsx	648	
ReportsTab	function	finance	false	component	src/components/sections/Finance/BudgetsOverview.tsx	656	
runReport	function	finance	false		src/components/sections/Finance/BudgetsOverview.tsx	668	ReportsTab
ImportsTab	function	finance	false	component	src/components/sections/Finance/BudgetsOverview.tsx	710	
parseCsv	function	finance	false		src/components/sections/Finance/BudgetsOverview.tsx	723	ImportsTab
onFileChange	function	finance	false		src/components/sections/Finance/BudgetsOverview.tsx	735	ImportsTab
onImport	function	finance	false		src/components/sections/Finance/BudgetsOverview.tsx	746	ImportsTab
BudgetsOverview	function	finance	true	component	src/components/sections/Finance/BudgetsOverview.tsx	868	
handlePageExport	function	finance	false		src/components/sections/Finance/BudgetsOverview.tsx	896	BudgetsOverview
handleVarianceDrill	function	finance	false		src/components/sections/Finance/BudgetsOverview.tsx	911	BudgetsOverview
MONTHS	array	finance	false		src/components/sections/Finance/BudLineDrawer.tsx	33	
fmtDate	function	finance	false		src/components/sections/Finance/BudLineDrawer.tsx	35	
fmtBytes	function	finance	false		src/components/sections/Finance/BudLineDrawer.tsx	40	
varianceTone	function	finance	false		src/components/sections/Finance/BudLineDrawer.tsx	47	
varianceLabel	function	finance	false		src/components/sections/Finance/BudLineDrawer.tsx	55	
approvalTone	function	finance	false		src/components/sections/Finance/BudLineDrawer.tsx	62	
DrawerTab	type	finance	false		src/components/sections/Finance/BudLineDrawer.tsx	71	
TABS	array	finance	false		src/components/sections/Finance/BudLineDrawer.tsx	72	
SummaryTab	function	finance	false	component	src/components/sections/Finance/BudLineDrawer.tsx	85	
ActualsTab	function	finance	false	component	src/components/sections/Finance/BudLineDrawer.tsx	121	
VarianceTrendTab	function	finance	false	component	src/components/sections/Finance/BudLineDrawer.tsx	187	
RelatedTransactionsTab	function	finance	false	component	src/components/sections/Finance/BudLineDrawer.tsx	246	
ApprovalsTab	function	finance	false	component	src/components/sections/Finance/BudLineDrawer.tsx	315	
TimelineTab	function	finance	false	component	src/components/sections/Finance/BudLineDrawer.tsx	360	
AuditTab	function	finance	false	component	src/components/sections/Finance/BudLineDrawer.tsx	387	
AttachmentsTab	function	finance	false	component	src/components/sections/Finance/BudLineDrawer.tsx	446	
handleFileChange	function	finance	false		src/components/sections/Finance/BudLineDrawer.tsx	456	AttachmentsTab
handleDownload	function	finance	false		src/components/sections/Finance/BudLineDrawer.tsx	491	AttachmentsTab
handleDelete	function	finance	false		src/components/sections/Finance/BudLineDrawer.tsx	500	AttachmentsTab
BudLineDrawerProps	interface	finance	true		src/components/sections/Finance/BudLineDrawer.tsx	576	
BudLineDrawer	function	finance	true	component	src/components/sections/Finance/BudLineDrawer.tsx	584	
STEPS	array	finance	false		src/components/sections/Finance/DisbComputeWizard.tsx	31	
PaymentSettings	interface	finance	false		src/components/sections/Finance/DisbComputeWizard.tsx	39	
CURRENCIES	array	finance	false		src/components/sections/Finance/DisbComputeWizard.tsx	45	
BankReadinessStep	function	finance	false	component	src/components/sections/Finance/DisbComputeWizard.tsx	47	
TotalsPreviewStep	function	finance	false	component	src/components/sections/Finance/DisbComputeWizard.tsx	105	
PaymentSettingsStep	function	finance	false	component	src/components/sections/Finance/DisbComputeWizard.tsx	155	
ReviewStep	function	finance	false	component	src/components/sections/Finance/DisbComputeWizard.tsx	201	
DisbComputeWizardProps	interface	finance	true		src/components/sections/Finance/DisbComputeWizard.tsx	235	
DisbComputeWizard	function	finance	true	component	src/components/sections/Finance/DisbComputeWizard.tsx	241	
canProceed	function	finance	false		src/components/sections/Finance/DisbComputeWizard.tsx	262	DisbComputeWizard
stepLabel	function	finance	false		src/components/sections/Finance/DisbComputeWizard.tsx	271	DisbComputeWizard
next	function	finance	false		src/components/sections/Finance/DisbComputeWizard.tsx	276	DisbComputeWizard
handleClose	function	finance	false		src/components/sections/Finance/DisbComputeWizard.tsx	317	DisbComputeWizard
fmtDate	function	finance	false		src/components/sections/Finance/DisbDrawer.tsx	39	
fmtDateTime	function	finance	false		src/components/sections/Finance/DisbDrawer.tsx	41	
humanize	function	finance	false		src/components/sections/Finance/DisbDrawer.tsx	43	
statusTone	function	finance	false		src/components/sections/Finance/DisbDrawer.tsx	48	
DisbDrawerTab	type	finance	true		src/components/sections/Finance/DisbDrawer.tsx	62	
Tab	type	finance	false		src/components/sections/Finance/DisbDrawer.tsx	63	
TABS	array	finance	false		src/components/sections/Finance/DisbDrawer.tsx	64	
SummaryTab	function	finance	false	component	src/components/sections/Finance/DisbDrawer.tsx	78	
LinesTab	function	finance	false	component	src/components/sections/Finance/DisbDrawer.tsx	105	
BankFileTab	function	finance	false	component	src/components/sections/Finance/DisbDrawer.tsx	159	
handleDownload	function	finance	false		src/components/sections/Finance/DisbDrawer.tsx	170	BankFileTab
handleDownloadBankFile	function	finance	false		src/components/sections/Finance/DisbDrawer.tsx	179	BankFileTab
handleUploadSupport	function	finance	false		src/components/sections/Finance/DisbDrawer.tsx	188	BankFileTab
handleViewAttachment	function	finance	false		src/components/sections/Finance/DisbDrawer.tsx	211	BankFileTab
BankAccountsTab	function	finance	false	component	src/components/sections/Finance/DisbDrawer.tsx	365	
ApprovalsTab	function	finance	false	component	src/components/sections/Finance/DisbDrawer.tsx	413	
PaymentsTab	function	finance	false	component	src/components/sections/Finance/DisbDrawer.tsx	465	
TimelineTab	function	finance	false	component	src/components/sections/Finance/DisbDrawer.tsx	497	
AuditTab	function	finance	false	component	src/components/sections/Finance/DisbDrawer.tsx	528	
humanizeAction	function	finance	false		src/components/sections/Finance/DisbDrawer.tsx	541	AuditTab
RelatedRunTab	function	finance	false	component	src/components/sections/Finance/DisbDrawer.tsx	581	
fmtMonth	function	finance	false		src/components/sections/Finance/DisbDrawer.tsx	594	RelatedRunTab
DisbDrawerActions	interface	finance	true		src/components/sections/Finance/DisbDrawer.tsx	626	
DisbDrawer	function	finance	true	component	src/components/sections/Finance/DisbDrawer.tsx	634	
submitKeyStore	variable	finance	false		src/components/sections/Finance/DisbursementsOverview.tsx	59	
nextSubmitKey	function	finance	false		src/components/sections/Finance/DisbursementsOverview.tsx	60	
fmtDate	function	finance	false		src/components/sections/Finance/DisbursementsOverview.tsx	68	
humanize	function	finance	false		src/components/sections/Finance/DisbursementsOverview.tsx	70	
disbStatusTone	function	finance	false		src/components/sections/Finance/DisbursementsOverview.tsx	73	
PageTab	type	finance	false		src/components/sections/Finance/DisbursementsOverview.tsx	87	
PAGE_TABS	array	finance	false		src/components/sections/Finance/DisbursementsOverview.tsx	88	
PAGE_SIZE	variable	finance	false	component	src/components/sections/Finance/DisbursementsOverview.tsx	99	
paginate	function	finance	false		src/components/sections/Finance/DisbursementsOverview.tsx	100	
downloadCsv	function	finance	false		src/components/sections/Finance/DisbursementsOverview.tsx	110	
esc	function	finance	false		src/components/sections/Finance/DisbursementsOverview.tsx	111	downloadCsv
SortKey	type	finance	false		src/components/sections/Finance/DisbursementsOverview.tsx	126	
SortDir	type	finance	false		src/components/sections/Finance/DisbursementsOverview.tsx	127	
DisbursementsTab	function	finance	false	component	src/components/sections/Finance/DisbursementsOverview.tsx	129	
toggleSort	function	finance	false		src/components/sections/Finance/DisbursementsOverview.tsx	150	DisbursementsTab
run	function	finance	false		src/components/sections/Finance/DisbursementsOverview.tsx	187	DisbursementsTab
sortArrow	function	finance	false		src/components/sections/Finance/DisbursementsOverview.tsx	192	DisbursementsTab
handleExport	function	finance	false		src/components/sections/Finance/DisbursementsOverview.tsx	194	DisbursementsTab
LinesTab	function	finance	false	component	src/components/sections/Finance/DisbursementsOverview.tsx	342	
LineRow	type	finance	false		src/components/sections/Finance/DisbursementsOverview.tsx	371	LinesTab
BankAccountAuditPanel	function	finance	false	component	src/components/sections/Finance/DisbursementsOverview.tsx	444	
fmtDateTime	function	finance	false		src/components/sections/Finance/DisbursementsOverview.tsx	447	BankAccountAuditPanel
humanizeAction	function	finance	false		src/components/sections/Finance/DisbursementsOverview.tsx	449	BankAccountAuditPanel
BankAccountFormState	interface	finance	false		src/components/sections/Finance/DisbursementsOverview.tsx	488	
emptyBankForm	function	finance	false		src/components/sections/Finance/DisbursementsOverview.tsx	500	
BankAccountsTab	function	finance	false	component	src/components/sections/Finance/DisbursementsOverview.tsx	505	
validate	function	finance	false		src/components/sections/Finance/DisbursementsOverview.tsx	533	BankAccountsTab
save	function	finance	false		src/components/sections/Finance/DisbursementsOverview.tsx	542	BankAccountsTab
BankFilesTab	function	finance	false	component	src/components/sections/Finance/DisbursementsOverview.tsx	825	
download	function	finance	false		src/components/sections/Finance/DisbursementsOverview.tsx	845	BankFilesTab
D	type	finance	false		src/components/sections/Finance/DisbursementsOverview.tsx	854	BankFilesTab
PaymentsTab	function	finance	false	component	src/components/sections/Finance/DisbursementsOverview.tsx	942	
D	type	finance	false		src/components/sections/Finance/DisbursementsOverview.tsx	957	PaymentsTab
DISB_REPORTS	array	finance	false		src/components/sections/Finance/DisbursementsOverview.tsx	1013	
SUMMARY_COLS	array	finance	false		src/components/sections/Finance/DisbursementsOverview.tsx	1019	
BANK_FILE_COLS	array	finance	false		src/components/sections/Finance/DisbursementsOverview.tsx	1028	
READINESS_COLS	array	finance	false		src/components/sections/Finance/DisbursementsOverview.tsx	1038	
ReportsTab	function	finance	false	component	src/components/sections/Finance/DisbursementsOverview.tsx	1044	
DisbursementTrend	function	finance	false	component	src/components/sections/Finance/DisbursementsOverview.tsx	1115	
DisbursementsOverview	function	finance	true	component	src/components/sections/Finance/DisbursementsOverview.tsx	1139	
openDrawer	function	finance	false		src/components/sections/Finance/DisbursementsOverview.tsx	1154	DisbursementsOverview
run	function	finance	false		src/components/sections/Finance/DisbursementsOverview.tsx	1166	DisbursementsOverview
fmtDateTime	function	finance	false		src/components/sections/Finance/ExpClaimDrawer.tsx	37	
statusPill	function	finance	false		src/components/sections/Finance/ExpClaimDrawer.tsx	42	
DrawerTab	type	finance	false		src/components/sections/Finance/ExpClaimDrawer.tsx	55	
TABS	array	finance	false		src/components/sections/Finance/ExpClaimDrawer.tsx	57	
ExpClaimDrawerActions	interface	finance	true		src/components/sections/Finance/ExpClaimDrawer.tsx	70	
ExpClaimDrawerProps	interface	finance	true		src/components/sections/Finance/ExpClaimDrawer.tsx	77	
ExpClaimDrawer	function	finance	true	component	src/components/sections/Finance/ExpClaimDrawer.tsx	89	
isTerminal	function	finance	false		src/components/sections/Finance/ExpClaimDrawer.tsx	120	ExpClaimDrawer
handleSubmit	function	finance	false		src/components/sections/Finance/ExpClaimDrawer.tsx	122	ExpClaimDrawer
handleApprove	function	finance	false		src/components/sections/Finance/ExpClaimDrawer.tsx	128	ExpClaimDrawer
handleReject	function	finance	false		src/components/sections/Finance/ExpClaimDrawer.tsx	134	ExpClaimDrawer
handleCancel	function	finance	false		src/components/sections/Finance/ExpClaimDrawer.tsx	142	ExpClaimDrawer
MainTab	type	finance	false		src/components/sections/Finance/ExpensesOverview.tsx	62	
statusTone	function	finance	false		src/components/sections/Finance/ExpensesOverview.tsx	66	
REPORTS	array	finance	false		src/components/sections/Finance/ExpensesOverview.tsx	79	
REPORT_COLUMNS	array	finance	false		src/components/sections/Finance/ExpensesOverview.tsx	86	
exportClaimsCsv	function	finance	false		src/components/sections/Finance/ExpensesOverview.tsx	99	
PAGE_SIZE	variable	finance	false	component	src/components/sections/Finance/ExpensesOverview.tsx	115	
MAIN_TABS	array	finance	false		src/components/sections/Finance/ExpensesOverview.tsx	117	
CATEGORY_OPTIONS	array	finance	false		src/components/sections/Finance/ExpensesOverview.tsx	122	
STATUS_OPTIONS	array	finance	false		src/components/sections/Finance/ExpensesOverview.tsx	134	
ExpensesOverview	function	finance	true	component	src/components/sections/Finance/ExpensesOverview.tsx	146	
runReport	function	finance	false		src/components/sections/Finance/ExpensesOverview.tsx	359	ExpensesOverview
handleSelectReport	function	finance	false		src/components/sections/Finance/ExpensesOverview.tsx	375	ExpensesOverview
PAYMENT_METHODS	variable	finance	false	component	src/components/sections/Finance/ExpMarkReimbursedDialog.tsx	26	
PaymentMethod	type	finance	false		src/components/sections/Finance/ExpMarkReimbursedDialog.tsx	34	
FieldErrors	interface	finance	false		src/components/sections/Finance/ExpMarkReimbursedDialog.tsx	36	
validate	function	finance	false		src/components/sections/Finance/ExpMarkReimbursedDialog.tsx	43	
ExpMarkReimbursedDialogProps	interface	finance	true		src/components/sections/Finance/ExpMarkReimbursedDialog.tsx	60	
ExpMarkReimbursedDialog	function	finance	true	component	src/components/sections/Finance/ExpMarkReimbursedDialog.tsx	67	
handleSubmit	function	finance	false		src/components/sections/Finance/ExpMarkReimbursedDialog.tsx	106	ExpMarkReimbursedDialog
CATEGORIES	array	finance	false		src/components/sections/Finance/ExpNewClaimWizard.tsx	38	
CURRENCIES	array	finance	false		src/components/sections/Finance/ExpNewClaimWizard.tsx	49	
STEPS	array	finance	false		src/components/sections/Finance/ExpNewClaimWizard.tsx	51	
LineDraft	interface	finance	false		src/components/sections/Finance/ExpNewClaimWizard.tsx	55	
emptyLine	function	finance	false		src/components/sections/Finance/ExpNewClaimWizard.tsx	68	
HeaderErrors	interface	finance	false		src/components/sections/Finance/ExpNewClaimWizard.tsx	77	
LineErrors	interface	finance	false		src/components/sections/Finance/ExpNewClaimWizard.tsx	85	
validateHeader	function	finance	false		src/components/sections/Finance/ExpNewClaimWizard.tsx	90	
validateLines	function	finance	false		src/components/sections/Finance/ExpNewClaimWizard.tsx	107	
ReceiptState	type	finance	false		src/components/sections/Finance/ExpNewClaimWizard.tsx	136	
ExpNewClaimWizardProps	interface	finance	true		src/components/sections/Finance/ExpNewClaimWizard.tsx	144	
ExpNewClaimWizard	function	finance	true	component	src/components/sections/Finance/ExpNewClaimWizard.tsx	150	
reset	function	finance	false		src/components/sections/Finance/ExpNewClaimWizard.tsx	195	ExpNewClaimWizard
close	function	finance	false		src/components/sections/Finance/ExpNewClaimWizard.tsx	209	ExpNewClaimWizard
setLine	function	finance	false		src/components/sections/Finance/ExpNewClaimWizard.tsx	211	ExpNewClaimWizard
tryNext	function	finance	false		src/components/sections/Finance/ExpNewClaimWizard.tsx	223	ExpNewClaimWizard
ensureCreated	function	finance	false		src/components/sections/Finance/ExpNewClaimWizard.tsx	269	ExpNewClaimWizard
advanceFromReceipt	function	finance	false		src/components/sections/Finance/ExpNewClaimWizard.tsx	305	ExpNewClaimWizard
handleFinish	function	finance	false		src/components/sections/Finance/ExpNewClaimWizard.tsx	331	ExpNewClaimWizard
renderStep	function	finance	false		src/components/sections/Finance/ExpNewClaimWizard.tsx	353	ExpNewClaimWizard
handleBack	function	finance	false		src/components/sections/Finance/ExpNewClaimWizard.tsx	763	ExpNewClaimWizard
handleNext	function	finance	false		src/components/sections/Finance/ExpNewClaimWizard.tsx	765	ExpNewClaimWizard
openApproveModal	function	finance	true		src/components/sections/Finance/FinanceApprovalActionModal.tsx	18	
openRejectModal	function	finance	true		src/components/sections/Finance/FinanceApprovalActionModal.tsx	44	
go	function	finance	false		src/components/sections/Finance/FinanceApprovalsInbox.tsx	28	
TYPE_TONES	object	finance	false		src/components/sections/Finance/FinanceApprovalsInbox.tsx	30	
Props	interface	finance	false		src/components/sections/Finance/FinanceApprovalsInbox.tsx	37	
FinanceApprovalsInbox	function	finance	true	component	src/components/sections/Finance/FinanceApprovalsInbox.tsx	42	
handleApprove	function	finance	false		src/components/sections/Finance/FinanceApprovalsInbox.tsx	52	FinanceApprovalsInbox
handleReject	function	finance	false		src/components/sections/Finance/FinanceApprovalsInbox.tsx	68	FinanceApprovalsInbox
Props	interface	finance	false		src/components/sections/Finance/FinanceExportDialog.tsx	15	
EXPORT_TYPES	array	finance	false		src/components/sections/Finance/FinanceExportDialog.tsx	20	
FinanceExportDialog	function	finance	true	component	src/components/sections/Finance/FinanceExportDialog.tsx	28	
handleExport	function	finance	false		src/components/sections/Finance/FinanceExportDialog.tsx	34	FinanceExportDialog
handleBackdrop	function	finance	false		src/components/sections/Finance/FinanceExportDialog.tsx	55	FinanceExportDialog
go	function	finance	false		src/components/sections/Finance/FinanceKpiDrilldownDrawer.tsx	17	
KPI_LABELS	object	finance	false	ui-tile	src/components/sections/Finance/FinanceKpiDrilldownDrawer.tsx	19	
KPI_MODULES	object	finance	false	ui-tile	src/components/sections/Finance/FinanceKpiDrilldownDrawer.tsx	26	
drilldownCols	array	finance	false		src/components/sections/Finance/FinanceKpiDrilldownDrawer.tsx	33	
Props	interface	finance	false		src/components/sections/Finance/FinanceKpiDrilldownDrawer.tsx	47	
FinanceKpiDrilldownDrawer	function	finance	true	component,ui-tile	src/components/sections/Finance/FinanceKpiDrilldownDrawer.tsx	53	
go	function	finance	false		src/components/sections/Finance/FinanceOverview.tsx	27	
TYPE_ROUTE	object	finance	false		src/components/sections/Finance/FinanceOverview.tsx	28	
FinanceOverview	function	finance	true	component	src/components/sections/Finance/FinanceOverview.tsx	32	
OVERVIEW_ID	variable	finance	false	component	src/components/sections/Finance/FinanceSection.tsx	27	
PAYABLES_ID	variable	finance	false	component	src/components/sections/Finance/FinanceSection.tsx	28	
STATUTORY_ID	variable	finance	false	component	src/components/sections/Finance/FinanceSection.tsx	29	
PAYROLL_ID	variable	finance	false	component	src/components/sections/Finance/FinanceSection.tsx	30	
PAYROLL_SETUP_ID	variable	finance	false	component	src/components/sections/Finance/FinanceSection.tsx	31	
REMITTANCES_ID	variable	finance	false	component	src/components/sections/Finance/FinanceSection.tsx	32	
MY_PAYSLIPS_ID	variable	finance	false	component	src/components/sections/Finance/FinanceSection.tsx	33	
EXPENSES_ID	variable	finance	false	component	src/components/sections/Finance/FinanceSection.tsx	34	
BUDGETS_ID	variable	finance	false	component	src/components/sections/Finance/FinanceSection.tsx	35	
DISBURSEMENTS_ID	variable	finance	false	component	src/components/sections/Finance/FinanceSection.tsx	36	
STATUTORY_FORMS_ID	variable	finance	false	component	src/components/sections/Finance/FinanceSection.tsx	37	
PAYSLIP_DESIGNER_ID	variable	finance	false	component	src/components/sections/Finance/FinanceSection.tsx	38	
isFinanceSection	function	finance	false		src/components/sections/Finance/FinanceSection.tsx	40	
FinanceSection	function	finance	true	component	src/components/sections/Finance/FinanceSection.tsx	56	
onSection	function	finance	false		src/components/sections/Finance/FinanceSection.tsx	62	FinanceSection
MONEY	variable	finance	false		src/components/sections/Finance/financeShared.ts	9	
fmtMoney	function	finance	true		src/components/sections/Finance/financeShared.ts	11	
fmtPercent	function	finance	true		src/components/sections/Finance/financeShared.ts	16	
fmtDate	function	finance	true		src/components/sections/Finance/financeShared.ts	22	
humanize	function	finance	true		src/components/sections/Finance/financeShared.ts	28	
toRoman	function	finance	true		src/components/sections/Finance/financeShared.ts	34	
statusTone	function	finance	true		src/components/sections/Finance/financeShared.ts	47	
money	function	finance	true		src/components/sections/Finance/hrfinFormat.ts	9	
moneyCompact	function	finance	true		src/components/sections/Finance/hrfinFormat.ts	15	
deltaLabel	function	finance	true		src/components/sections/Finance/hrfinFormat.ts	26	
dateBadge	function	finance	true		src/components/sections/Finance/hrfinFormat.ts	33	
FINANCE_ROOT_ID	variable	finance	false		src/components/sections/Finance/module.ts	14	
OVERVIEW_ITEM	object	finance	false		src/components/sections/Finance/module.ts	16	
PAYABLES_ITEM	object	finance	false		src/components/sections/Finance/module.ts	23	
STATUTORY_ITEM	object	finance	false		src/components/sections/Finance/module.ts	30	
PAYROLL_ITEM	object	finance	false		src/components/sections/Finance/module.ts	37	
PAYROLL_SETUP_ITEM	object	finance	false		src/components/sections/Finance/module.ts	44	
PAYSLIP_DESIGNER_ITEM	object	finance	false		src/components/sections/Finance/module.ts	51	
REMITTANCES_ITEM	object	finance	false		src/components/sections/Finance/module.ts	58	
MY_PAYSLIPS_ITEM	object	finance	false		src/components/sections/Finance/module.ts	65	
EXPENSES_ITEM	object	finance	false		src/components/sections/Finance/module.ts	71	
BUDGETS_ITEM	object	finance	false		src/components/sections/Finance/module.ts	78	
DISBURSEMENTS_ITEM	object	finance	false		src/components/sections/Finance/module.ts	85	
STATUTORY_FORMS_ITEM	object	finance	false		src/components/sections/Finance/module.ts	92	
financeModule	object	finance	true		src/components/sections/Finance/module.ts	99	
mountFinanceSection	function	finance	true		src/components/sections/Finance/mount.ts	10	
unmountFinanceSection	function	finance	true		src/components/sections/Finance/mount.ts	22	
MY_PAYSLIPS_KEY	variable	payroll	false	component	src/components/sections/Finance/MyPayslipsOverview.tsx	30	
MyPayslipsOverview	function	payroll	true	component	src/components/sections/Finance/MyPayslipsOverview.tsx	34	
PayslipRow	function	payroll	false	component	src/components/sections/Finance/MyPayslipsOverview.tsx	101	
download	function	payroll	false		src/components/sections/Finance/MyPayslipsOverview.tsx	104	PayslipRow
fmtDue	function	finance	false		src/components/sections/Finance/PayablesOverview.tsx	41	
AGING_TONE	array	finance	false		src/components/sections/Finance/PayablesOverview.tsx	42	
billTone	function	finance	false		src/components/sections/Finance/PayablesOverview.tsx	44	
nextFriday	function	finance	false		src/components/sections/Finance/PayablesOverview.tsx	56	
PayablesOverview	function	finance	true	component	src/components/sections/Finance/PayablesOverview.tsx	61	
doApprove	function	finance	false		src/components/sections/Finance/PayablesOverview.tsx	120	PayablesOverview
doReject	function	finance	false		src/components/sections/Finance/PayablesOverview.tsx	124	PayablesOverview
doVoid	function	finance	false		src/components/sections/Finance/PayablesOverview.tsx	128	PayablesOverview
doSubmit	function	finance	false		src/components/sections/Finance/PayablesOverview.tsx	132	PayablesOverview
openPay	function	finance	false		src/components/sections/Finance/PayablesOverview.tsx	133	PayablesOverview
exportBills	function	finance	false		src/components/sections/Finance/PayablesOverview.tsx	135	PayablesOverview
PayCreateDisbursementDialog	function	finance	true	component	src/components/sections/Finance/PayBridgeDialog.tsx	24	
submit	function	finance	false		src/components/sections/Finance/PayBridgeDialog.tsx	35	PayCreateDisbursementDialog
_AUTHORITIES	array	finance	false		src/components/sections/Finance/PayBridgeDialog.tsx	92	
PayCreateRemittanceDialog	function	finance	true	component	src/components/sections/Finance/PayBridgeDialog.tsx	98	
submit	function	finance	false		src/components/sections/Finance/PayBridgeDialog.tsx	114	PayCreateRemittanceDialog
PAY_FREQS	array	finance	false		src/components/sections/Finance/PayNewRunWizard.tsx	35	
WEEKS_MAP	object	finance	false		src/components/sections/Finance/PayNewRunWizard.tsx	42	
iso8601Month	function	finance	false		src/components/sections/Finance/PayNewRunWizard.tsx	44	
FIELD_STYLE	object	finance	false		src/components/sections/Finance/PayNewRunWizard.tsx	48	
Step0Fields	function	finance	false	component	src/components/sections/Finance/PayNewRunWizard.tsx	58	
Step1Population	function	finance	false	component	src/components/sections/Finance/PayNewRunWizard.tsx	195	
Step2InputsPreview	function	finance	false	component	src/components/sections/Finance/PayNewRunWizard.tsx	290	
Step3StatutoryPreview	function	finance	false	component	src/components/sections/Finance/PayNewRunWizard.tsx	315	
Step4PreCheck	function	finance	false	component	src/components/sections/Finance/PayNewRunWizard.tsx	343	
Step5Review	function	finance	false	component	src/components/sections/Finance/PayNewRunWizard.tsx	431	
STEP_LABELS	array	finance	false		src/components/sections/Finance/PayNewRunWizard.tsx	489	
PayNewRunWizard	function	finance	true	component	src/components/sections/Finance/PayNewRunWizard.tsx	498	
handlePrimary	function	finance	false		src/components/sections/Finance/PayNewRunWizard.tsx	529	PayNewRunWizard
PAGE_KEY	variable	payroll	false	component	src/components/sections/Finance/PayrollCommandCenter.tsx	42	
BOARD_COLS	variable	payroll	false	component	src/components/sections/Finance/PayrollCommandCenter.tsx	43	
KPI_PAGE_KEY	variable	payroll	false	component,ui-tile	src/components/sections/Finance/PayrollCommandCenter.tsx	44	
W_ASSIGNED	variable	payroll	false	component	src/components/sections/Finance/PayrollCommandCenter.tsx	45	
W_DEADLINES	variable	payroll	false	component	src/components/sections/Finance/PayrollCommandCenter.tsx	46	
W_READINESS	variable	payroll	false	component	src/components/sections/Finance/PayrollCommandCenter.tsx	47	
W_IMPACT	variable	payroll	false	component	src/components/sections/Finance/PayrollCommandCenter.tsx	48	
W_REGISTER	variable	payroll	false	component	src/components/sections/Finance/PayrollCommandCenter.tsx	49	
W_KPI_NEXTPAY	variable	payroll	false	component,ui-tile	src/components/sections/Finance/PayrollCommandCenter.tsx	50	
W_KPI_ACTIVE	variable	payroll	false	component,ui-tile	src/components/sections/Finance/PayrollCommandCenter.tsx	51	
W_KPI_EMPLOYEES	variable	payroll	false	component,ui-tile	src/components/sections/Finance/PayrollCommandCenter.tsx	52	
W_KPI_GROSS	variable	payroll	false	component,ui-tile	src/components/sections/Finance/PayrollCommandCenter.tsx	53	
W_KPI_NET	variable	payroll	false	component,ui-tile	src/components/sections/Finance/PayrollCommandCenter.tsx	54	
CELL	variable	payroll	false	component	src/components/sections/Finance/PayrollCommandCenter.tsx	55	
defInst	function	payroll	false		src/components/sections/Finance/PayrollCommandCenter.tsx	57	
defaultKpiLayout	function	payroll	false	ui-tile	src/components/sections/Finance/PayrollCommandCenter.tsx	62	
defaultLayout	function	payroll	false		src/components/sections/Finance/PayrollCommandCenter.tsx	76	
floor	function	payroll	false		src/components/sections/Finance/PayrollCommandCenter.tsx	93	
REGISTER_TABS	array	payroll	false		src/components/sections/Finance/PayrollCommandCenter.tsx	96	
fmtTTD	function	payroll	false		src/components/sections/Finance/PayrollCommandCenter.tsx	104	
fmtTTDc	function	payroll	false		src/components/sections/Finance/PayrollCommandCenter.tsx	105	
fmtDay	function	payroll	false		src/components/sections/Finance/PayrollCommandCenter.tsx	111	
fmtDayShort	function	payroll	false		src/components/sections/Finance/PayrollCommandCenter.tsx	117	
relDate	function	payroll	false		src/components/sections/Finance/PayrollCommandCenter.tsx	123	
timeOf	function	payroll	false		src/components/sections/Finance/PayrollCommandCenter.tsx	135	
initials	function	payroll	false		src/components/sections/Finance/PayrollCommandCenter.tsx	139	
READINESS_PROGRESS	object	payroll	false		src/components/sections/Finance/PayrollCommandCenter.tsx	142	
READINESS_LABEL	object	payroll	false		src/components/sections/Finance/PayrollCommandCenter.tsx	145	
DEADLINE_LABEL	object	payroll	false		src/components/sections/Finance/PayrollCommandCenter.tsx	150	
DEADLINE_PILL	object	payroll	false		src/components/sections/Finance/PayrollCommandCenter.tsx	153	
ACTIVITY_VISUAL	object	payroll	false		src/components/sections/Finance/PayrollCommandCenter.tsx	160	
activityVisual	function	payroll	false		src/components/sections/Finance/PayrollCommandCenter.tsx	171	
GATE_STATE	object	payroll	false		src/components/sections/Finance/PayrollCommandCenter.tsx	175	
HEALTH_STATE_LABEL	object	payroll	false		src/components/sections/Finance/PayrollCommandCenter.tsx	182	
HEALTH_ICON	object	payroll	false		src/components/sections/Finance/PayrollCommandCenter.tsx	185	
ReadinessDoughnut	function	payroll	false	component	src/components/sections/Finance/PayrollCommandCenter.tsx	190	
SkeletonPage	function	payroll	false	component	src/components/sections/Finance/PayrollCommandCenter.tsx	220	
PayrollCommandCenter	function	payroll	true	component	src/components/sections/Finance/PayrollCommandCenter.tsx	232	
placeBottom	function	payroll	false		src/components/sections/Finance/PayrollCommandCenter.tsx	263	PayrollCommandCenter
promoteDefault	function	payroll	false		src/components/sections/Finance/PayrollCommandCenter.tsx	265	PayrollCommandCenter
runAction	function	payroll	false		src/components/sections/Finance/PayrollCommandCenter.tsx	282	PayrollCommandCenter
submitRunStable	function	payroll	false		src/components/sections/Finance/PayrollCommandCenter.tsx	288	PayrollCommandCenter
PortfolioBand	function	payroll	false	component	src/components/sections/Finance/PayrollCommandCenter.tsx	482	
MetricsRow	function	payroll	false	component	src/components/sections/Finance/PayrollCommandCenter.tsx	525	
RunRegister	function	payroll	false	component	src/components/sections/Finance/PayrollCommandCenter.tsx	557	
RunRow	function	payroll	false	component	src/components/sections/Finance/PayrollCommandCenter.tsx	616	
ApprovalsWidget	function	payroll	false	component,ui-tile	src/components/sections/Finance/PayrollCommandCenter.tsx	636	
DeadlinesWidget	function	payroll	false	component,ui-tile	src/components/sections/Finance/PayrollCommandCenter.tsx	684	
dayKey	function	payroll	false		src/components/sections/Finance/PayrollCommandCenter.tsx	688	DeadlinesWidget
onDay	function	payroll	false		src/components/sections/Finance/PayrollCommandCenter.tsx	689	DeadlinesWidget
ReadinessWidget	function	payroll	false	component,ui-tile	src/components/sections/Finance/PayrollCommandCenter.tsx	740	
ImpactWidget	function	payroll	false	component,ui-tile	src/components/sections/Finance/PayrollCommandCenter.tsx	797	
PAGE_SIZE	variable	payroll	false	component	src/components/sections/Finance/PayrollOverview.tsx	53	
paginate	function	payroll	false		src/components/sections/Finance/PayrollOverview.tsx	55	
runStatusTone	function	payroll	false		src/components/sections/Finance/PayrollOverview.tsx	63	
monthLabel	function	payroll	false		src/components/sections/Finance/PayrollOverview.tsx	76	
PageTab	type	payroll	false		src/components/sections/Finance/PayrollOverview.tsx	83	
PAGE_TABS	array	payroll	false		src/components/sections/Finance/PayrollOverview.tsx	85	
tabFilter	function	payroll	false		src/components/sections/Finance/PayrollOverview.tsx	95	
REPORTS	array	payroll	false		src/components/sections/Finance/PayrollOverview.tsx	108	
dynamicColumns	function	payroll	false		src/components/sections/Finance/PayrollOverview.tsx	123	
ReportsSurface	function	payroll	false	component	src/components/sections/Finance/PayrollOverview.tsx	136	
runReport	function	payroll	false		src/components/sections/Finance/PayrollOverview.tsx	153	ReportsSurface
SortKey	type	payroll	false		src/components/sections/Finance/PayrollOverview.tsx	235	
SortDir	type	payroll	false		src/components/sections/Finance/PayrollOverview.tsx	236	
sortRuns	function	payroll	false		src/components/sections/Finance/PayrollOverview.tsx	238	
downloadCsv	function	payroll	false		src/components/sections/Finance/PayrollOverview.tsx	252	
PayrollOverview	function	payroll	true	component	src/components/sections/Finance/PayrollOverview.tsx	274	
runAction	function	payroll	false		src/components/sections/Finance/PayrollOverview.tsx	306	PayrollOverview
submitRunStable	function	payroll	false		src/components/sections/Finance/PayrollOverview.tsx	315	PayrollOverview
toggleSort	function	payroll	false		src/components/sections/Finance/PayrollOverview.tsx	403	PayrollOverview
openDrawer	function	payroll	false		src/components/sections/Finance/PayrollOverview.tsx	485	PayrollOverview
runRowActions	function	payroll	false		src/components/sections/Finance/PayrollOverview.tsx	490	PayrollOverview
empName	function	payroll	false		src/components/sections/Finance/PayrollSetupOverview.tsx	54	
todayIso	function	payroll	false		src/components/sections/Finance/PayrollSetupOverview.tsx	57	
FREQUENCIES	array	payroll	false		src/components/sections/Finance/PayrollSetupOverview.tsx	59	
OT_EVENT_TYPES	array	payroll	false		src/components/sections/Finance/PayrollSetupOverview.tsx	66	
otEventLabel	function	payroll	false		src/components/sections/Finance/PayrollSetupOverview.tsx	73	
PAGE_SIZE	variable	payroll	false	component	src/components/sections/Finance/PayrollSetupOverview.tsx	75	
paginate	function	payroll	false		src/components/sections/Finance/PayrollSetupOverview.tsx	76	
SetupTab	type	payroll	false		src/components/sections/Finance/PayrollSetupOverview.tsx	88	
PayrollSetupOverview	function	payroll	true	component	src/components/sections/Finance/PayrollSetupOverview.tsx	90	
LOAN_TYPES	array	payroll	false		src/components/sections/Finance/PayrollSetupOverview.tsx	130	
loanStatusTone	function	payroll	false		src/components/sections/Finance/PayrollSetupOverview.tsx	135	
LoansPanel	function	payroll	false	component	src/components/sections/Finance/PayrollSetupOverview.tsx	147	
run	function	payroll	false		src/components/sections/Finance/PayrollSetupOverview.tsx	177	LoansPanel
doSubmitLoan	function	payroll	false		src/components/sections/Finance/PayrollSetupOverview.tsx	184	LoansPanel
rowActions	function	payroll	false		src/components/sections/Finance/PayrollSetupOverview.tsx	207	LoansPanel
NewLoanModal	function	payroll	false	component	src/components/sections/Finance/PayrollSetupOverview.tsx	273	
submit	function	payroll	false		src/components/sections/Finance/PayrollSetupOverview.tsx	294	NewLoanModal
PayGroupsPanel	function	payroll	false	component	src/components/sections/Finance/PayrollSetupOverview.tsx	375	
rowActions	function	payroll	false		src/components/sections/Finance/PayrollSetupOverview.tsx	411	PayGroupsPanel
NewPayGroupModal	function	payroll	false	component	src/components/sections/Finance/PayrollSetupOverview.tsx	455	
submit	function	payroll	false		src/components/sections/Finance/PayrollSetupOverview.tsx	475	NewPayGroupModal
PayGroupMembersModal	function	payroll	false	component	src/components/sections/Finance/PayrollSetupOverview.tsx	553	
addMember	function	payroll	false		src/components/sections/Finance/PayrollSetupOverview.tsx	570	PayGroupMembersModal
ruleWindowTone	function	payroll	false		src/components/sections/Finance/PayrollSetupOverview.tsx	651	
OvertimeRulesPanel	function	payroll	false	component	src/components/sections/Finance/PayrollSetupOverview.tsx	659	
toggleActive	function	payroll	false		src/components/sections/Finance/PayrollSetupOverview.tsx	679	OvertimeRulesPanel
rowActions	function	payroll	false		src/components/sections/Finance/PayrollSetupOverview.tsx	707	OvertimeRulesPanel
NewOvertimeRuleModal	function	payroll	false	component	src/components/sections/Finance/PayrollSetupOverview.tsx	763	
submit	function	payroll	false		src/components/sections/Finance/PayrollSetupOverview.tsx	782	NewOvertimeRuleModal
runStatusTone	function	finance	false		src/components/sections/Finance/PayRunDrawer.tsx	58	
fmtDateTime	function	finance	false		src/components/sections/Finance/PayRunDrawer.tsx	72	
Tab	type	finance	false		src/components/sections/Finance/PayRunDrawer.tsx	82	
TABS	array	finance	false		src/components/sections/Finance/PayRunDrawer.tsx	84	
SummaryTab	function	finance	false	component	src/components/sections/Finance/PayRunDrawer.tsx	101	
RunLinesTab	function	finance	false	component	src/components/sections/Finance/PayRunDrawer.tsx	153	
InputsTab	function	finance	false	component	src/components/sections/Finance/PayRunDrawer.tsx	202	
handleEditAmount	function	finance	false		src/components/sections/Finance/PayRunDrawer.tsx	212	InputsTab
handleExclude	function	finance	false		src/components/sections/Finance/PayRunDrawer.tsx	233	InputsTab
handleViewSource	function	finance	false		src/components/sections/Finance/PayRunDrawer.tsx	250	InputsTab
WarningsTab	function	finance	false	component	src/components/sections/Finance/PayRunDrawer.tsx	316	
warnTone	function	finance	false		src/components/sections/Finance/PayRunDrawer.tsx	331	WarningsTab
handleAcknowledge	function	finance	false		src/components/sections/Finance/PayRunDrawer.tsx	337	WarningsTab
handleCreateTicket	function	finance	false		src/components/sections/Finance/PayRunDrawer.tsx	350	WarningsTab
PayslipsTab	function	finance	false	component	src/components/sections/Finance/PayRunDrawer.tsx	459	
downloadPayslip	function	finance	false		src/components/sections/Finance/PayRunDrawer.tsx	474	PayslipsTab
bulkDownload	function	finance	false		src/components/sections/Finance/PayRunDrawer.tsx	483	PayslipsTab
generatePayslips	function	finance	false		src/components/sections/Finance/PayRunDrawer.tsx	494	PayslipsTab
emailPayslips	function	finance	false		src/components/sections/Finance/PayRunDrawer.tsx	506	PayslipsTab
resendOne	function	finance	false		src/components/sections/Finance/PayRunDrawer.tsx	518	PayslipsTab
notifyEmployees	function	finance	false		src/components/sections/Finance/PayRunDrawer.tsx	525	PayslipsTab
toggleSelect	function	finance	false		src/components/sections/Finance/PayRunDrawer.tsx	542	PayslipsTab
toggleAll	function	finance	false		src/components/sections/Finance/PayRunDrawer.tsx	550	PayslipsTab
handleTemplateChange	function	finance	false		src/components/sections/Finance/PayRunDrawer.tsx	567	PayslipsTab
WorksheetTab	function	finance	false	component	src/components/sections/Finance/PayRunDrawer.tsx	691	
toggleOne	function	finance	false		src/components/sections/Finance/PayRunDrawer.tsx	736	WorksheetTab
toggleAll	function	finance	false		src/components/sections/Finance/PayRunDrawer.tsx	737	WorksheetTab
add	function	finance	false		src/components/sections/Finance/PayRunDrawer.tsx	744	WorksheetTab
remove	function	finance	false		src/components/sections/Finance/PayRunDrawer.tsx	756	WorksheetTab
recalc	function	finance	false		src/components/sections/Finance/PayRunDrawer.tsx	760	WorksheetTab
BackPayModal	function	finance	false	component	src/components/sections/Finance/PayRunDrawer.tsx	891	
runPreview	function	finance	false		src/components/sections/Finance/PayRunDrawer.tsx	913	BackPayModal
apply	function	finance	false		src/components/sections/Finance/PayRunDrawer.tsx	918	BackPayModal
GridRow	interface	finance	false		src/components/sections/Finance/PayRunDrawer.tsx	997	
WorksheetVirtualRows	function	finance	false	component	src/components/sections/Finance/PayRunDrawer.tsx	999	
MassEditModal	function	finance	false	component	src/components/sections/Finance/PayRunDrawer.tsx	1032	
apply	function	finance	false		src/components/sections/Finance/PayRunDrawer.tsx	1044	MassEditModal
GlTab	function	finance	false	component	src/components/sections/Finance/PayRunDrawer.tsx	1093	
post	function	finance	false		src/components/sections/Finance/PayRunDrawer.tsx	1099	GlTab
reverse	function	finance	false		src/components/sections/Finance/PayRunDrawer.tsx	1105	GlTab
note	function	finance	false		src/components/sections/Finance/PayRunDrawer.tsx	1123	GlTab
ExportsTab	function	finance	false	component	src/components/sections/Finance/PayRunDrawer.tsx	1178	
handleDownload	function	finance	false		src/components/sections/Finance/PayRunDrawer.tsx	1183	ExportsTab
handleRegenerate	function	finance	false		src/components/sections/Finance/PayRunDrawer.tsx	1198	ExportsTab
copyId	function	finance	false		src/components/sections/Finance/PayRunDrawer.tsx	1208	ExportsTab
ApprovalsTab	function	finance	false	component	src/components/sections/Finance/PayRunDrawer.tsx	1289	
TimelineTab	function	finance	false	component	src/components/sections/Finance/PayRunDrawer.tsx	1321	
AuditTab	function	finance	false	component	src/components/sections/Finance/PayRunDrawer.tsx	1347	
RelatedTab	function	finance	false	component	src/components/sections/Finance/PayRunDrawer.tsx	1401	
PayRunDrawerActions	interface	finance	true		src/components/sections/Finance/PayRunDrawer.tsx	1455	
DrawerFooter	function	finance	false	component	src/components/sections/Finance/PayRunDrawer.tsx	1467	
PayRunDrawer	function	finance	true	component	src/components/sections/Finance/PayRunDrawer.tsx	1496	
severityTone	function	finance	false		src/components/sections/Finance/PayWarningResolveDialog.tsx	15	
PayWarningResolveDialog	function	finance	true	component	src/components/sections/Finance/PayWarningResolveDialog.tsx	21	
submit	function	finance	false		src/components/sections/Finance/PayWarningResolveDialog.tsx	33	PayWarningResolveDialog
AUTHORITY_LABEL	object	finance	false		src/components/sections/Finance/RemittancesOverview.tsx	55	
FILING_METHOD_OPTIONS	array	finance	false		src/components/sections/Finance/RemittancesOverview.tsx	61	
STATUS_TONES	object	finance	false		src/components/sections/Finance/RemittancesOverview.tsx	69	
statusTone	function	finance	false		src/components/sections/Finance/RemittancesOverview.tsx	78	
periodLabel	function	finance	false		src/components/sections/Finance/RemittancesOverview.tsx	82	
PageTab	type	finance	false		src/components/sections/Finance/RemittancesOverview.tsx	87	
PAGE_TABS	array	finance	false		src/components/sections/Finance/RemittancesOverview.tsx	89	
PAGE_SIZE	variable	finance	false	component	src/components/sections/Finance/RemittancesOverview.tsx	98	
RemittancesOverview	function	finance	true	component	src/components/sections/Finance/RemittancesOverview.tsx	102	
rowActions	function	finance	false		src/components/sections/Finance/RemittancesOverview.tsx	293	RemittancesOverview
doSubmit	function	finance	false		src/components/sections/Finance/RemittancesOverview.tsx	326	RemittancesOverview
doApprove	function	finance	false		src/components/sections/Finance/RemittancesOverview.tsx	334	RemittancesOverview
doCancel	function	finance	false		src/components/sections/Finance/RemittancesOverview.tsx	339	RemittancesOverview
handleSort	function	finance	false		src/components/sections/Finance/RemittancesOverview.tsx	352	RemittancesOverview
openMarkPaid	function	finance	false		src/components/sections/Finance/RemittancesOverview.tsx	362	RemittancesOverview
openMarkFiled	function	finance	false		src/components/sections/Finance/RemittancesOverview.tsx	363	RemittancesOverview
RemLinesTab	function	finance	false	component	src/components/sections/Finance/RemittancesOverview.tsx	610	
RemPaymentsTab	function	finance	false	component	src/components/sections/Finance/RemittancesOverview.tsx	692	
RemFilingsTab	function	finance	false	component	src/components/sections/Finance/RemittancesOverview.tsx	768	
RemAuthoritiesTab	function	finance	false	component	src/components/sections/Finance/RemittancesOverview.tsx	839	
authStats	function	finance	false		src/components/sections/Finance/RemittancesOverview.tsx	849	RemAuthoritiesTab
REPORT_DESCRIPTORS	array	finance	false		src/components/sections/Finance/RemittancesOverview.tsx	901	
SUMMARY_COLS	array	finance	false		src/components/sections/Finance/RemittancesOverview.tsx	907	
LINES_COLS	array	finance	false		src/components/sections/Finance/RemittancesOverview.tsx	921	
FILING_COLS	array	finance	false		src/components/sections/Finance/RemittancesOverview.tsx	931	
COLS_FOR	function	finance	false	component	src/components/sections/Finance/RemittancesOverview.tsx	943	
RemReportsTab	function	finance	false	component	src/components/sections/Finance/RemittancesOverview.tsx	949	
DrawerTab	type	finance	false		src/components/sections/Finance/RemittancesOverview.tsx	1020	
DRAWER_TABS	array	finance	false		src/components/sections/Finance/RemittancesOverview.tsx	1022	
RemittanceDrawer	function	finance	false	component	src/components/sections/Finance/RemittancesOverview.tsx	1034	
DrawerSummaryTab	function	finance	false	component	src/components/sections/Finance/RemittancesOverview.tsx	1104	
DrawerLinesTab	function	finance	false	component	src/components/sections/Finance/RemittancesOverview.tsx	1124	
DrawerFilingTab	function	finance	false	component	src/components/sections/Finance/RemittancesOverview.tsx	1170	
DrawerPaymentsTab	function	finance	false	component	src/components/sections/Finance/RemittancesOverview.tsx	1193	
DrawerApprovalsTab	function	finance	false	component	src/components/sections/Finance/RemittancesOverview.tsx	1206	
DrawerTimelineTab	function	finance	false	component	src/components/sections/Finance/RemittancesOverview.tsx	1243	
DrawerAuditTab	function	finance	false	component	src/components/sections/Finance/RemittancesOverview.tsx	1265	
DrawerPayrollRunTab	function	finance	false	component	src/components/sections/Finance/RemittancesOverview.tsx	1299	
DrawerAttachmentsTab	function	finance	false	component	src/components/sections/Finance/RemittancesOverview.tsx	1325	
handleUpload	function	finance	false		src/components/sections/Finance/RemittancesOverview.tsx	1333	DrawerAttachmentsTab
handleView	function	finance	false		src/components/sections/Finance/RemittancesOverview.tsx	1351	DrawerAttachmentsTab
handleDelete	function	finance	false		src/components/sections/Finance/RemittancesOverview.tsx	1360	DrawerAttachmentsTab
WizardStep	type	finance	false		src/components/sections/Finance/RemittancesOverview.tsx	1426	
RemComputeWizard	function	finance	false	component	src/components/sections/Finance/RemittancesOverview.tsx	1428	
validate	function	finance	false		src/components/sections/Finance/RemittancesOverview.tsx	1443	RemComputeWizard
next	function	finance	false		src/components/sections/Finance/RemittancesOverview.tsx	1451	RemComputeWizard
submit	function	finance	false		src/components/sections/Finance/RemittancesOverview.tsx	1456	RemComputeWizard
RemMarkPaidDialog	function	finance	false	component	src/components/sections/Finance/RemittancesOverview.tsx	1587	
submit	function	finance	false		src/components/sections/Finance/RemittancesOverview.tsx	1594	RemMarkPaidDialog
RemMarkFiledDialog	function	finance	false	component	src/components/sections/Finance/RemittancesOverview.tsx	1646	
validate	function	finance	false		src/components/sections/Finance/RemittancesOverview.tsx	1661	RemMarkFiledDialog
submit	function	finance	false		src/components/sections/Finance/RemittancesOverview.tsx	1669	RemMarkFiledDialog
STEPS	array	finance	false		src/components/sections/Finance/StatNewVersionPage.tsx	39	
n	function	finance	false		src/components/sections/Finance/StatNewVersionPage.tsx	46	
BandRow	interface	finance	false		src/components/sections/Finance/StatNewVersionPage.tsx	48	
emptyBand	function	finance	false		src/components/sections/Finance/StatNewVersionPage.tsx	49	
bandHasData	function	finance	false		src/components/sections/Finance/StatNewVersionPage.tsx	50	
StatNewVersionPage	function	finance	true	component	src/components/sections/Finance/StatNewVersionPage.tsx	52	
set	function	finance	false		src/components/sections/Finance/StatNewVersionPage.tsx	74	StatNewVersionPage
copyFrom	function	finance	false		src/components/sections/Finance/StatNewVersionPage.tsx	82	StatNewVersionPage
copyBands	function	finance	false		src/components/sections/Finance/StatNewVersionPage.tsx	99	StatNewVersionPage
submit	function	finance	false		src/components/sections/Finance/StatNewVersionPage.tsx	186	StatNewVersionPage
setBand	function	finance	false		src/components/sections/Finance/StatNewVersionPage.tsx	214	StatNewVersionPage
WEEKS_PER_MONTH	variable	finance	false	component	src/components/sections/Finance/StatNisBandPage.tsx	34	
numOrNull	function	finance	false		src/components/sections/Finance/StatNisBandPage.tsx	36	
pillClass	function	finance	false		src/components/sections/Finance/StatNisBandPage.tsx	44	
IconOk	function	finance	false	component	src/components/sections/Finance/StatNisBandPage.tsx	55	
IconBad	function	finance	false	component	src/components/sections/Finance/StatNisBandPage.tsx	58	
IconCoins	function	finance	false	component	src/components/sections/Finance/StatNisBandPage.tsx	61	
IconBook	function	finance	false	component	src/components/sections/Finance/StatNisBandPage.tsx	64	
IconClock	function	finance	false	component	src/components/sections/Finance/StatNisBandPage.tsx	67	
IconArrow	function	finance	false	component	src/components/sections/Finance/StatNisBandPage.tsx	70	
IconInfo	function	finance	false	component	src/components/sections/Finance/StatNisBandPage.tsx	73	
MoneyField	function	finance	false	component	src/components/sections/Finance/StatNisBandPage.tsx	78	
StatNisBandPage	function	finance	true	component	src/components/sections/Finance/StatNisBandPage.tsx	101	
set	function	finance	false		src/components/sections/Finance/StatNisBandPage.tsx	126	StatNisBandPage
save	function	finance	false		src/components/sections/Finance/StatNisBandPage.tsx	194	StatNisBandPage
remove	function	finance	false		src/components/sections/Finance/StatNisBandPage.tsx	224	StatNisBandPage
TEMPLATE	variable	finance	false	component	src/components/sections/Finance/StatNisImportPage.tsx	31	
STEPS	array	finance	false		src/components/sections/Finance/StatNisImportPage.tsx	32	
Severity	type	finance	false		src/components/sections/Finance/StatNisImportPage.tsx	39	
ValRow	interface	finance	false		src/components/sections/Finance/StatNisImportPage.tsx	40	
pf	function	finance	false		src/components/sections/Finance/StatNisImportPage.tsx	54	
norm	function	finance	false		src/components/sections/Finance/StatNisImportPage.tsx	55	
validateCsv	function	finance	false		src/components/sections/Finance/StatNisImportPage.tsx	58	
idx	function	finance	false		src/components/sections/Finance/StatNisImportPage.tsx	62	validateCsv
flagErr	function	finance	false		src/components/sections/Finance/StatNisImportPage.tsx	84	validateCsv
_flagWarn	function	finance	false		src/components/sections/Finance/StatNisImportPage.tsx	85	validateCsv
COL_MAP	array	finance	false		src/components/sections/Finance/StatNisImportPage.tsx	123	
RULES	array	finance	false		src/components/sections/Finance/StatNisImportPage.tsx	130	
StatNisImportPage	function	finance	true	component	src/components/sections/Finance/StatNisImportPage.tsx	137	
loadText	function	finance	false		src/components/sections/Finance/StatNisImportPage.tsx	160	StatNisImportPage
onFile	function	finance	false		src/components/sections/Finance/StatNisImportPage.tsx	161	StatNisImportPage
doImport	function	finance	false		src/components/sections/Finance/StatNisImportPage.tsx	168	StatNisImportPage
rowsHaveData	function	finance	false		src/components/sections/Finance/StatNisImportPage.tsx	343	
CODE_RE	variable	finance	false	component	src/components/sections/Finance/StatPayComponentPage.tsx	33	
StatPayComponentPage	function	finance	true	component	src/components/sections/Finance/StatPayComponentPage.tsx	35	
set	function	finance	false		src/components/sections/Finance/StatPayComponentPage.tsx	55	StatPayComponentPage
save	function	finance	false		src/components/sections/Finance/StatPayComponentPage.tsx	71	StatPayComponentPage
retire	function	finance	false		src/components/sections/Finance/StatPayComponentPage.tsx	94	StatPayComponentPage
flagRow	function	finance	false		src/components/sections/Finance/StatPayComponentPage.tsx	110	StatPayComponentPage
StatColumn	interface	finance	true		src/components/sections/Finance/StatTable.tsx	17	
StatTableProps	interface	finance	true		src/components/sections/Finance/StatTable.tsx	27	
StatTone	type	finance	true		src/components/sections/Finance/StatTable.tsx	57	
TONE_CLASS	object	finance	false		src/components/sections/Finance/StatTable.tsx	58	
StatBadge	function	finance	true	component	src/components/sections/Finance/StatTable.tsx	59	
pageWindow	function	finance	false		src/components/sections/Finance/StatTable.tsx	63	
StatTable	function	finance	true	component	src/components/sections/Finance/StatTable.tsx	73	
StatSubView	type	finance	false		src/components/sections/Finance/StatutoryConfigOverview.tsx	56	
statusTone	function	finance	false		src/components/sections/Finance/StatutoryConfigOverview.tsx	64	
statusPillTone	function	finance	false		src/components/sections/Finance/StatutoryConfigOverview.tsx	76	
PAGE_SIZE	variable	finance	false	component	src/components/sections/Finance/StatutoryConfigOverview.tsx	86	
toTitleCase	function	finance	false		src/components/sections/Finance/StatutoryConfigOverview.tsx	89	
MainTab	type	finance	false		src/components/sections/Finance/StatutoryConfigOverview.tsx	95	
StatutoryConfigOverview	function	finance	true	component	src/components/sections/Finance/StatutoryConfigOverview.tsx	99	
openDrawer	function	finance	false		src/components/sections/Finance/StatutoryConfigOverview.tsx	106	StatutoryConfigOverview
openDrawerAtRuns	function	finance	false		src/components/sections/Finance/StatutoryConfigOverview.tsx	107	StatutoryConfigOverview
handleExport	function	finance	false		src/components/sections/Finance/StatutoryConfigOverview.tsx	135	StatutoryConfigOverview
VersionsTab	function	finance	false	component	src/components/sections/Finance/StatutoryConfigOverview.tsx	240	
run	function	finance	false		src/components/sections/Finance/StatutoryConfigOverview.tsx	278	VersionsTab
rowActions	function	finance	false		src/components/sections/Finance/StatutoryConfigOverview.tsx	366	VersionsTab
NisClassesTab	function	finance	false	component	src/components/sections/Finance/StatutoryConfigOverview.tsx	441	
handleDelete	function	finance	false		src/components/sections/Finance/StatutoryConfigOverview.tsx	479	NisClassesTab
PayComponentsTab	function	finance	false	component	src/components/sections/Finance/StatutoryConfigOverview.tsx	567	
handleApprove	function	finance	false		src/components/sections/Finance/StatutoryConfigOverview.tsx	591	PayComponentsTab
handleReject	function	finance	false		src/components/sections/Finance/StatutoryConfigOverview.tsx	598	PayComponentsTab
handleRetire	function	finance	false		src/components/sections/Finance/StatutoryConfigOverview.tsx	606	PayComponentsTab
NisVerifyTab	function	finance	false	component	src/components/sections/Finance/StatutoryConfigOverview.tsx	757	
verify	function	finance	false		src/components/sections/Finance/StatutoryConfigOverview.tsx	775	NisVerifyTab
reject	function	finance	false		src/components/sections/Finance/StatutoryConfigOverview.tsx	791	NisVerifyTab
val	function	finance	false		src/components/sections/Finance/StatutoryConfigOverview.tsx	802	NisVerifyTab
dv	function	finance	false		src/components/sections/Finance/StatutoryConfigOverview.tsx	810	NisVerifyTab
REPORTS	array	finance	false		src/components/sections/Finance/StatutoryConfigOverview.tsx	883	
REPORT_COLUMNS	object	finance	false		src/components/sections/Finance/StatutoryConfigOverview.tsx	890	
StatReportsTab	function	finance	false	component	src/components/sections/Finance/StatutoryConfigOverview.tsx	927	
DrawerTab	type	finance	false		src/components/sections/Finance/StatutoryConfigOverview.tsx	947	
DRAWER_TABS	array	finance	false		src/components/sections/Finance/StatutoryConfigOverview.tsx	948	
DRAWER_PRIMARY_TABS	variable	finance	false	component	src/components/sections/Finance/StatutoryConfigOverview.tsx	960	
DRAWER_MORE_TABS	variable	finance	false	component	src/components/sections/Finance/StatutoryConfigOverview.tsx	961	
DRAWER_MORE_ICONS	object	finance	false		src/components/sections/Finance/StatutoryConfigOverview.tsx	963	
drawerTabLabel	function	finance	false		src/components/sections/Finance/StatutoryConfigOverview.tsx	970	
drawerTabKey	function	finance	false		src/components/sections/Finance/StatutoryConfigOverview.tsx	971	
StatVersionDrawer	function	finance	false	component	src/components/sections/Finance/StatutoryConfigOverview.tsx	973	
run	function	finance	false		src/components/sections/Finance/StatutoryConfigOverview.tsx	1013	StatVersionDrawer
actorName	function	finance	false		src/components/sections/Finance/StatutoryConfigOverview.tsx	1019	StatVersionDrawer
railSub	function	finance	false		src/components/sections/Finance/StatutoryConfigOverview.tsx	1035	StatVersionDrawer
tlEvent	function	finance	false		src/components/sections/Finance/StatutoryConfigOverview.tsx	1055	StatVersionDrawer
stepDate	function	finance	false		src/components/sections/Finance/StatutoryConfigOverview.tsx	1060	StatVersionDrawer
stepBy	function	finance	false		src/components/sections/Finance/StatutoryConfigOverview.tsx	1061	StatVersionDrawer
retireVersion	function	finance	false		src/components/sections/Finance/StatutoryConfigOverview.tsx	1089	StatVersionDrawer
lifeDotColor	function	finance	false		src/components/sections/Finance/StatutoryConfigOverview.tsx	1362	
lifeLabel	function	finance	false		src/components/sections/Finance/StatutoryConfigOverview.tsx	1372	
SvdTile	function	finance	false	component,ui-tile	src/components/sections/Finance/StatutoryConfigOverview.tsx	1379	
SvdSection	function	finance	false	component	src/components/sections/Finance/StatutoryConfigOverview.tsx	1390	
SvdRailItem	interface	finance	true		src/components/sections/Finance/StatutoryConfigOverview.tsx	1399	
SvdSteps	function	finance	false	component	src/components/sections/Finance/StatutoryConfigOverview.tsx	1409	
SvdRail	function	finance	false	component	src/components/sections/Finance/StatutoryConfigOverview.tsx	1436	
StatEditVersionDialog	function	finance	false	component	src/components/sections/Finance/StatutoryConfigOverview.tsx	1467	
submit	function	finance	false		src/components/sections/Finance/StatutoryConfigOverview.tsx	1491	StatEditVersionDialog
MainTab	type	finance	true		src/components/sections/Finance/StatutoryDashboard.tsx	67	
TABS	array	finance	false		src/components/sections/Finance/StatutoryDashboard.tsx	69	
PAGE_KEY	variable	finance	false	component	src/components/sections/Finance/StatutoryDashboard.tsx	85	
KPI_PAGE_KEY	variable	finance	false	component,ui-tile	src/components/sections/Finance/StatutoryDashboard.tsx	86	
W_KPI_ACTIVE	variable	finance	false	component,ui-tile	src/components/sections/Finance/StatutoryDashboard.tsx	87	
W_KPI_DRAFTS	variable	finance	false	component,ui-tile	src/components/sections/Finance/StatutoryDashboard.tsx	88	
W_KPI_COMPONENTS	variable	finance	false	component,ui-tile	src/components/sections/Finance/StatutoryDashboard.tsx	89	
W_KPI_NIS	variable	finance	false	component,ui-tile	src/components/sections/Finance/StatutoryDashboard.tsx	90	
W_KPI_VERIFY	variable	finance	false	component,ui-tile	src/components/sections/Finance/StatutoryDashboard.tsx	91	
W_KPI_APPROVALS	variable	finance	false	component,ui-tile	src/components/sections/Finance/StatutoryDashboard.tsx	92	
W_CHART	variable	finance	false	component	src/components/sections/Finance/StatutoryDashboard.tsx	93	
W_READY	variable	finance	false	component	src/components/sections/Finance/StatutoryDashboard.tsx	94	
W_DEADLINES	variable	finance	false	component	src/components/sections/Finance/StatutoryDashboard.tsx	95	
W_REGISTER	variable	finance	false	component	src/components/sections/Finance/StatutoryDashboard.tsx	96	
defInst	function	finance	false		src/components/sections/Finance/StatutoryDashboard.tsx	98	
defaultStatutoryLayout	function	finance	false		src/components/sections/Finance/StatutoryDashboard.tsx	104	
defaultKpiLayout	function	finance	false	ui-tile	src/components/sections/Finance/StatutoryDashboard.tsx	122	
StatutoryDashboardProps	interface	finance	true		src/components/sections/Finance/StatutoryDashboard.tsx	138	
GAUGE_SEGMENTS	variable	finance	false	component	src/components/sections/Finance/StatutoryDashboard.tsx	170	
HalfGauge	variable	finance	false	component	src/components/sections/Finance/StatutoryDashboard.tsx	171	
StatutoryDashboard	function	finance	true	component	src/components/sections/Finance/StatutoryDashboard.tsx	201	
sameDay	function	finance	false		src/components/sections/Finance/StatutoryDashboard.tsx	220	StatutoryDashboard
deadlinesOn	function	finance	false		src/components/sections/Finance/StatutoryDashboard.tsx	222	StatutoryDashboard
shiftWeek	function	finance	false		src/components/sections/Finance/StatutoryDashboard.tsx	234	StatutoryDashboard
setPct	function	finance	false		src/components/sections/Finance/StatutoryDashboard.tsx	274	StatutoryDashboard
step	function	finance	false		src/components/sections/Finance/StatutoryDashboard.tsx	285	StatutoryDashboard
beforeDatasetsDraw	method	finance	false		src/components/sections/Finance/StatutoryDashboard.tsx	332	revealPlugin
afterDatasetsDraw	method	finance	false		src/components/sections/Finance/StatutoryDashboard.tsx	346	revealPlugin
easeOutCubic	function	finance	false		src/components/sections/Finance/StatutoryDashboard.tsx	420	StatutoryDashboard
tick	function	finance	false		src/components/sections/Finance/StatutoryDashboard.tsx	422	StatutoryDashboard
promotePageDefault	function	finance	false		src/components/sections/Finance/StatutoryDashboard.tsx	456	StatutoryDashboard
resetPageLayout	function	finance	false		src/components/sections/Finance/StatutoryDashboard.tsx	464	StatutoryDashboard
placeBottom	function	finance	false		src/components/sections/Finance/StatutoryDashboard.tsx	467	StatutoryDashboard
discardPreview	function	finance	false	ui-tile	src/components/sections/Finance/StatutoryDashboard.tsx	475	StatutoryDashboard
commitPreview	function	finance	false		src/components/sections/Finance/StatutoryDashboard.tsx	476	StatutoryDashboard
goToRegisterTab	function	finance	false		src/components/sections/Finance/StatutoryDashboard.tsx	481	StatutoryDashboard
renderKpiActive	function	finance	false	ui-tile	src/components/sections/Finance/StatutoryDashboard.tsx	491	StatutoryDashboard
renderKpiDrafts	function	finance	false	ui-tile	src/components/sections/Finance/StatutoryDashboard.tsx	498	StatutoryDashboard
renderKpiComponents	function	finance	false	ui-tile	src/components/sections/Finance/StatutoryDashboard.tsx	504	StatutoryDashboard
renderKpiNis	function	finance	false	ui-tile	src/components/sections/Finance/StatutoryDashboard.tsx	509	StatutoryDashboard
renderKpiVerify	function	finance	false	ui-tile	src/components/sections/Finance/StatutoryDashboard.tsx	517	StatutoryDashboard
renderKpiApprovals	function	finance	false	ui-tile	src/components/sections/Finance/StatutoryDashboard.tsx	523	StatutoryDashboard
renderChart	function	finance	false		src/components/sections/Finance/StatutoryDashboard.tsx	533	StatutoryDashboard
renderRegister	function	finance	false		src/components/sections/Finance/StatutoryDashboard.tsx	596	StatutoryDashboard
renderReadiness	function	finance	false		src/components/sections/Finance/StatutoryDashboard.tsx	627	StatutoryDashboard
renderDeadlines	function	finance	false		src/components/sections/Finance/StatutoryDashboard.tsx	658	StatutoryDashboard
floor	function	finance	false		src/components/sections/Finance/StatutoryDashboard.tsx	710	StatutoryDashboard
CURRENT_YEAR	variable	finance	false	component	src/components/sections/Finance/StatutoryFormsOverview.tsx	25	
fmtDate	function	finance	false		src/components/sections/Finance/StatutoryFormsOverview.tsx	26	
FORM_LABEL	object	finance	false		src/components/sections/Finance/StatutoryFormsOverview.tsx	29	
Tab	type	finance	false		src/components/sections/Finance/StatutoryFormsOverview.tsx	33	
TABS	array	finance	false		src/components/sections/Finance/StatutoryFormsOverview.tsx	34	
PROFILE_FIELDS	array	finance	false		src/components/sections/Finance/StatutoryFormsOverview.tsx	42	
EmployerProfileTab	function	finance	false	component	src/components/sections/Finance/StatutoryFormsOverview.tsx	55	
set	function	finance	false		src/components/sections/Finance/StatutoryFormsOverview.tsx	62	EmployerProfileTab
save	function	finance	false		src/components/sections/Finance/StatutoryFormsOverview.tsx	64	EmployerProfileTab
MONTHS	array	finance	false		src/components/sections/Finance/StatutoryFormsOverview.tsx	108	
GenerateTab	function	finance	false	component	src/components/sections/Finance/StatutoryFormsOverview.tsx	110	
genYear	function	finance	false		src/components/sections/Finance/StatutoryFormsOverview.tsx	119	GenerateTab
genEmp	function	finance	false		src/components/sections/Finance/StatutoryFormsOverview.tsx	123	GenerateTab
genNi	function	finance	false		src/components/sections/Finance/StatutoryFormsOverview.tsx	128	GenerateTab
formTone	function	finance	false		src/components/sections/Finance/StatutoryFormsOverview.tsx	195	
PAGE_SIZE	variable	finance	false	component	src/components/sections/Finance/StatutoryFormsOverview.tsx	199	
FormsTab	function	finance	false	component	src/components/sections/Finance/StatutoryFormsOverview.tsx	201	
download	function	finance	false		src/components/sections/Finance/StatutoryFormsOverview.tsx	210	FormsTab
StatutoryFormsOverview	function	finance	true	component	src/components/sections/Finance/StatutoryFormsOverview.tsx	253	
HR_STATUSES	array	hr	false		src/components/sections/HR/ActionDialogs.tsx	33	
NIS_STATUSES	array	hr	false		src/components/sections/HR/ActionDialogs.tsx	34	
ROLES	array	hr	false		src/components/sections/HR/ActionDialogs.tsx	35	
EMPLOYMENT_TYPES	array	hr	false		src/components/sections/HR/ActionDialogs.tsx	36	
CHANGE_TYPES	array	hr	false		src/components/sections/HR/ActionDialogs.tsx	37	
cap	function	hr	false		src/components/sections/HR/ActionDialogs.tsx	38	
STATUS_SYS_ACTIONS	array	hr	false		src/components/sections/HR/ActionDialogs.tsx	42	
CHANGE_SYS_ACTIONS	array	hr	false		src/components/sections/HR/ActionDialogs.tsx	43	
OFFBOARD_SYS_ACTIONS	array	hr	false		src/components/sections/HR/ActionDialogs.tsx	44	
Modal	function	hr	false	component	src/components/sections/HR/ActionDialogs.tsx	48	
L	function	hr	false	component	src/components/sections/HR/ActionDialogs.tsx	62	
S	function	hr	false	component	src/components/sections/HR/ActionDialogs.tsx	65	
C	function	hr	false	component	src/components/sections/HR/ActionDialogs.tsx	79	
Err	function	hr	false	component	src/components/sections/HR/ActionDialogs.tsx	82	
footBtns	function	hr	false		src/components/sections/HR/ActionDialogs.tsx	84	
DialogProps	interface	hr	false		src/components/sections/HR/ActionDialogs.tsx	92	
ContactDialog	function	hr	true	component	src/components/sections/HR/ActionDialogs.tsx	96	
set	function	hr	false		src/components/sections/HR/ActionDialogs.tsx	102	ContactDialog
submit	function	hr	false		src/components/sections/HR/ActionDialogs.tsx	111	ContactDialog
StatusDialog	function	hr	true	component	src/components/sections/HR/ActionDialogs.tsx	153	
submit	function	hr	false		src/components/sections/HR/ActionDialogs.tsx	161	StatusDialog
OffboardingDialog	function	hr	true	component	src/components/sections/HR/ActionDialogs.tsx	187	
submit	function	hr	false		src/components/sections/HR/ActionDialogs.tsx	192	OffboardingDialog
ChangeRequestDialog	function	hr	true	component	src/components/sections/HR/ActionDialogs.tsx	217	
set	function	hr	false		src/components/sections/HR/ActionDialogs.tsx	226	ChangeRequestDialog
fields	function	hr	false		src/components/sections/HR/ActionDialogs.tsx	228	ChangeRequestDialog
requestedValue	function	hr	false		src/components/sections/HR/ActionDialogs.tsx	239	ChangeRequestDialog
submit	function	hr	false		src/components/sections/HR/ActionDialogs.tsx	251	ChangeRequestDialog
DOC_TYPES	array	hr	false		src/components/sections/HR/ActionDialogs.tsx	278	
CONFIDENTIALITY	array	hr	false		src/components/sections/HR/ActionDialogs.tsx	279	
DocumentDialog	function	hr	true	component	src/components/sections/HR/ActionDialogs.tsx	281	
submit	function	hr	false		src/components/sections/HR/ActionDialogs.tsx	289	DocumentDialog
StatutoryDialog	function	hr	true	component	src/components/sections/HR/ActionDialogs.tsx	317	
set	function	hr	false		src/components/sections/HR/ActionDialogs.tsx	326	StatutoryDialog
submit	function	hr	false		src/components/sections/HR/ActionDialogs.tsx	337	StatutoryDialog
ExcRow	interface	hr	false		src/components/sections/HR/AttendanceOverview.tsx	27	
STATUS_OPTIONS	array	hr	false		src/components/sections/HR/AttendanceOverview.tsx	29	
SOURCE_OPTIONS	array	hr	false		src/components/sections/HR/AttendanceOverview.tsx	30	
CORRECTABLE	array	hr	false		src/components/sections/HR/AttendanceOverview.tsx	31	
toLocalInput	function	hr	false		src/components/sections/HR/AttendanceOverview.tsx	38	
pad	function	hr	false		src/components/sections/HR/AttendanceOverview.tsx	41	toLocalInput
Surface	type	hr	false		src/components/sections/HR/AttendanceOverview.tsx	45	
SURFACES	array	hr	false		src/components/sections/HR/AttendanceOverview.tsx	47	
tsTone	function	hr	false		src/components/sections/HR/AttendanceOverview.tsx	53	
excTone	function	hr	false		src/components/sections/HR/AttendanceOverview.tsx	56	
statTone	function	hr	false		src/components/sections/HR/AttendanceOverview.tsx	59	
fmtTime	function	hr	false		src/components/sections/HR/AttendanceOverview.tsx	62	
AttendanceOverview	function	hr	true	component	src/components/sections/HR/AttendanceOverview.tsx	64	
run	function	hr	false		src/components/sections/HR/AttendanceOverview.tsx	86	AttendanceOverview
excRecord	function	hr	false		src/components/sections/HR/AttendanceOverview.tsx	91	AttendanceOverview
onWaive	function	hr	false		src/components/sections/HR/AttendanceOverview.tsx	96	AttendanceOverview
onResolve	function	hr	false		src/components/sections/HR/AttendanceOverview.tsx	107	AttendanceOverview
CorrectRecordModal	function	hr	false	component	src/components/sections/HR/AttendanceOverview.tsx	250	
initialValue	function	hr	false		src/components/sections/HR/AttendanceOverview.tsx	252	CorrectRecordModal
pickField	function	hr	false		src/components/sections/HR/AttendanceOverview.tsx	265	CorrectRecordModal
currentDisplay	function	hr	false		src/components/sections/HR/AttendanceOverview.tsx	267	CorrectRecordModal
newDisplay	function	hr	false		src/components/sections/HR/AttendanceOverview.tsx	274	CorrectRecordModal
submit	function	hr	false		src/components/sections/HR/AttendanceOverview.tsx	282	CorrectRecordModal
ParsedCsv	interface	hr	false		src/components/sections/HR/AttendanceOverview.tsx	349	
CSV_TEMPLATE	variable	hr	false	component	src/components/sections/HR/AttendanceOverview.tsx	351	
parseAttendanceCsv	function	hr	false		src/components/sections/HR/AttendanceOverview.tsx	353	
col	function	hr	false		src/components/sections/HR/AttendanceOverview.tsx	358	parseAttendanceCsv
at	function	hr	false		src/components/sections/HR/AttendanceOverview.tsx	372	parseAttendanceCsv
rowIsValid	function	hr	false		src/components/sections/HR/AttendanceOverview.tsx	386	
ImportAttendanceModal	function	hr	false	component	src/components/sections/HR/AttendanceOverview.tsx	393	
onFile	function	hr	false		src/components/sections/HR/AttendanceOverview.tsx	404	ImportAttendanceModal
doImport	function	hr	false		src/components/sections/HR/AttendanceOverview.tsx	412	ImportAttendanceModal
Surface	type	hr	false		src/components/sections/HR/CompensationOverview.tsx	27	
empName	function	hr	false		src/components/sections/HR/CompensationOverview.tsx	29	
CompensationOverview	function	hr	true	component	src/components/sections/HR/CompensationOverview.tsx	31	
PayItemsSurface	function	hr	false	component	src/components/sections/HR/CompensationOverview.tsx	61	
compName	function	hr	false		src/components/sections/HR/CompensationOverview.tsx	65	PayItemsSurface
payItemRecord	function	hr	false		src/components/sections/HR/CompensationOverview.tsx	66	PayItemsSurface
run	function	hr	false		src/components/sections/HR/CompensationOverview.tsx	86	PayItemsSurface
NewPayItemForm	function	hr	false	component	src/components/sections/HR/CompensationOverview.tsx	140	
submit	function	hr	false		src/components/sections/HR/CompensationOverview.tsx	148	NewPayItemForm
EMPTY_PROFILE	object	hr	false		src/components/sections/HR/CompensationOverview.tsx	223	
StatutorySurface	function	hr	false	component	src/components/sections/HR/CompensationOverview.tsx	228	
set	function	hr	false		src/components/sections/HR/CompensationOverview.tsx	238	StatutorySurface
capture	function	hr	false		src/components/sections/HR/CompensationOverview.tsx	251	StatutorySurface
submit	function	hr	false		src/components/sections/HR/CompensationOverview.tsx	268	StatutorySurface
EMPLOYMENT_TYPES	array	hr	false		src/components/sections/HR/CreateEmployeeWizard.tsx	26	
NIS_STATUSES	array	hr	false		src/components/sections/HR/CreateEmployeeWizard.tsx	27	
ROLES	array	hr	false		src/components/sections/HR/CreateEmployeeWizard.tsx	28	
POSITIONS	array	hr	false		src/components/sections/HR/CreateEmployeeWizard.tsx	29	
EMPLOYEE_GRADES	array	hr	false		src/components/sections/HR/CreateEmployeeWizard.tsx	30	
WORK_SCHEDULES	array	hr	false		src/components/sections/HR/CreateEmployeeWizard.tsx	31	
EMPLOYMENT_STATUSES	array	hr	false		src/components/sections/HR/CreateEmployeeWizard.tsx	32	
LOGIN_ACCESS	array	hr	false		src/components/sections/HR/CreateEmployeeWizard.tsx	33	
PERMISSION_PROFILES	array	hr	false		src/components/sections/HR/CreateEmployeeWizard.tsx	34	
SELF_SERVICE_PROFILES	array	hr	false		src/components/sections/HR/CreateEmployeeWizard.tsx	35	
ONBOARDING_REQS	array	hr	false		src/components/sections/HR/CreateEmployeeWizard.tsx	36	
STEPS	array	hr	false		src/components/sections/HR/CreateEmployeeWizard.tsx	46	
Form	interface	hr	false		src/components/sections/HR/CreateEmployeeWizard.tsx	56	
EMPTY	object	hr	false		src/components/sections/HR/CreateEmployeeWizard.tsx	69	
humanizeOpt	function	hr	false		src/components/sections/HR/CreateEmployeeWizard.tsx	81	
CreateEmployeeWizard	function	hr	true	component	src/components/sections/HR/CreateEmployeeWizard.tsx	83	
set	function	hr	false		src/components/sections/HR/CreateEmployeeWizard.tsx	99	CreateEmployeeWizard
validate	function	hr	false		src/components/sections/HR/CreateEmployeeWizard.tsx	103	CreateEmployeeWizard
submit	function	hr	false		src/components/sections/HR/CreateEmployeeWizard.tsx	110	CreateEmployeeWizard
Field	function	hr	false	component	src/components/sections/HR/CreateEmployeeWizard.tsx	333	
Sel	function	hr	false	component	src/components/sections/HR/CreateEmployeeWizard.tsx	345	
Check	function	hr	false	component	src/components/sections/HR/CreateEmployeeWizard.tsx	361	
PAGE_KEY	variable	hr	false	component	src/components/sections/HR/EmployeeMaster.tsx	49	
Filters	interface	hr	false		src/components/sections/HR/EmployeeMaster.tsx	55	
EMPTY_FILTERS	object	hr	false		src/components/sections/HR/EmployeeMaster.tsx	56	
ColDef	interface	hr	false		src/components/sections/HR/EmployeeMaster.tsx	60	
TABLE_COLS	array	hr	false		src/components/sections/HR/EmployeeMaster.tsx	61	
EmployeeRow	function	hr	false	component	src/components/sections/HR/EmployeeMaster.tsx	74	
activate	function	hr	false		src/components/sections/HR/EmployeeMaster.tsx	85	EmployeeRow
pageWindow	function	hr	false		src/components/sections/HR/EmployeeMaster.tsx	144	
defInst	function	hr	false		src/components/sections/HR/EmployeeMaster.tsx	157	
defaultEmployeeLayout	function	hr	false		src/components/sections/HR/EmployeeMaster.tsx	163	
EmployeeMaster	function	hr	true	component	src/components/sections/HR/EmployeeMaster.tsx	176	
toggleSort	function	hr	false		src/components/sections/HR/EmployeeMaster.tsx	204	EmployeeMaster
placeBottom	function	hr	false		src/components/sections/HR/EmployeeMaster.tsx	235	EmployeeMaster
discardPreview	function	hr	false	ui-tile	src/components/sections/HR/EmployeeMaster.tsx	240	EmployeeMaster
commitPreview	function	hr	false		src/components/sections/HR/EmployeeMaster.tsx	244	EmployeeMaster
onRowHover	function	hr	false		src/components/sections/HR/EmployeeMaster.tsx	253	EmployeeMaster
onRowHoverEnd	function	hr	false		src/components/sections/HR/EmployeeMaster.tsx	257	EmployeeMaster
deptLabelFn	function	hr	false		src/components/sections/HR/EmployeeMaster.tsx	265	EmployeeMaster
notify	function	hr	false		src/components/sections/HR/EmployeeMaster.tsx	269	EmployeeMaster
openAction	function	hr	false		src/components/sections/HR/EmployeeMaster.tsx	270	EmployeeMaster
setFiltersReset	function	hr	false		src/components/sections/HR/EmployeeMaster.tsx	285	EmployeeMaster
trainingLabel	function	hr	false		src/components/sections/HR/EmployeeMaster.tsx	294	EmployeeMaster
clearAdvanced	function	hr	false		src/components/sections/HR/EmployeeMaster.tsx	310	EmployeeMaster
renderRegister	function	hr	false		src/components/sections/HR/EmployeeMaster.tsx	314	EmployeeMaster
fmtDate	function	hr	false		src/components/sections/HR/EmployeeOnboardingSummary.tsx	21	
relativeTime	function	hr	false		src/components/sections/HR/EmployeeOnboardingSummary.tsx	27	
STATUS_TONE	object	hr	false		src/components/sections/HR/EmployeeOnboardingSummary.tsx	37	
EmployeeOnboardingSummaryProps	interface	hr	true		src/components/sections/HR/EmployeeOnboardingSummary.tsx	42	
EmployeeOnboardingSummary	function	hr	true	component	src/components/sections/HR/EmployeeOnboardingSummary.tsx	47	
CONFIDENTIALITY_LABELS	object	hr	false		src/components/sections/HR/HRDocumentsOverview.tsx	45	
STATUS_LABELS	object	hr	false		src/components/sections/HR/HRDocumentsOverview.tsx	49	
EXPIRY_LABELS	object	hr	false		src/components/sections/HR/HRDocumentsOverview.tsx	53	
fmtDate	function	hr	false		src/components/sections/HR/HRDocumentsOverview.tsx	57	
ExpiryBadge	function	hr	false	component	src/components/sections/HR/HRDocumentsOverview.tsx	62	
StatusBadge	function	hr	false	component	src/components/sections/HR/HRDocumentsOverview.tsx	69	
RegisterTab	function	hr	false	component	src/components/sections/HR/HRDocumentsOverview.tsx	78	
handleDownload	function	hr	false		src/components/sections/HR/HRDocumentsOverview.tsx	105	RegisterTab
docRecord	function	hr	false		src/components/sections/HR/HRDocumentsOverview.tsx	114	RegisterTab
handleVerify	function	hr	false		src/components/sections/HR/HRDocumentsOverview.tsx	127	RegisterTab
handleArchive	function	hr	false		src/components/sections/HR/HRDocumentsOverview.tsx	142	RegisterTab
handleExport	function	hr	false		src/components/sections/HR/HRDocumentsOverview.tsx	157	RegisterTab
UploadModal	function	hr	false	component	src/components/sections/HR/HRDocumentsOverview.tsx	271	
handleSubmit	function	hr	false		src/components/sections/HR/HRDocumentsOverview.tsx	282	UploadModal
empName	function	hr	false		src/components/sections/HR/HRDocumentsOverview.tsx	301	UploadModal
ExpiringTab	function	hr	false	component	src/components/sections/HR/HRDocumentsOverview.tsx	360	
handleSweep	function	hr	false		src/components/sections/HR/HRDocumentsOverview.tsx	365	ExpiringTab
RequirementsTab	function	hr	false	component	src/components/sections/HR/HRDocumentsOverview.tsx	427	
handleRetire	function	hr	false		src/components/sections/HR/HRDocumentsOverview.tsx	439	RequirementsTab
RequirementModal	function	hr	false	component	src/components/sections/HR/HRDocumentsOverview.tsx	555	
handleSubmit	function	hr	false		src/components/sections/HR/HRDocumentsOverview.tsx	571	RequirementModal
StatsRow	function	hr	false	component	src/components/sections/HR/HRDocumentsOverview.tsx	677	
DocTab	type	hr	false		src/components/sections/HR/HRDocumentsOverview.tsx	701	
TABS	array	hr	false		src/components/sections/HR/HRDocumentsOverview.tsx	703	
HRDocumentsOverview	function	hr	true	component	src/components/sections/HR/HRDocumentsOverview.tsx	709	
humanize	function	hr	false		src/components/sections/HR/HRRequestsOverview.tsx	22	
requestRecord	function	hr	false		src/components/sections/HR/HRRequestsOverview.tsx	23	
statusTone	function	hr	false		src/components/sections/HR/HRRequestsOverview.tsx	30	
TERMINAL	variable	hr	false	component	src/components/sections/HR/HRRequestsOverview.tsx	38	
NewRequestModalProps	interface	hr	false		src/components/sections/HR/HRRequestsOverview.tsx	42	
NewRequestModal	function	hr	false	component	src/components/sections/HR/HRRequestsOverview.tsx	48	
submit	function	hr	false		src/components/sections/HR/HRRequestsOverview.tsx	60	NewRequestModal
MyRequestsTab	function	hr	false	component	src/components/sections/HR/HRRequestsOverview.tsx	127	
handleCancel	function	hr	false		src/components/sections/HR/HRRequestsOverview.tsx	136	MyRequestsTab
DecideModalProps	interface	hr	false		src/components/sections/HR/HRRequestsOverview.tsx	190	
DecideModal	function	hr	false	component	src/components/sections/HR/HRRequestsOverview.tsx	196	
submit	function	hr	false		src/components/sections/HR/HRRequestsOverview.tsx	201	DecideModal
FulfillModalProps	interface	hr	false		src/components/sections/HR/HRRequestsOverview.tsx	258	
FulfillModal	function	hr	false	component	src/components/sections/HR/HRRequestsOverview.tsx	264	
submit	function	hr	false		src/components/sections/HR/HRRequestsOverview.tsx	269	FulfillModal
TriageTab	function	hr	false	component	src/components/sections/HR/HRRequestsOverview.tsx	310	
handleCancel	function	hr	false		src/components/sections/HR/HRRequestsOverview.tsx	322	TriageTab
HRRequestsOverview	function	hr	true	component	src/components/sections/HR/HRRequestsOverview.tsx	391	
EMP_ID	variable	hr	false	component	src/components/sections/HR/HRSection.tsx	30	
ONB_ID	variable	hr	false	component	src/components/sections/HR/HRSection.tsx	31	
ORG_ID	variable	hr	false	component	src/components/sections/HR/HRSection.tsx	32	
DOC_ID	variable	hr	false	component	src/components/sections/HR/HRSection.tsx	33	
OFF_ID	variable	hr	false	component	src/components/sections/HR/HRSection.tsx	34	
LEAVE_ID	variable	hr	false	component	src/components/sections/HR/HRSection.tsx	35	
TRANSFERS_ID	variable	hr	false	component	src/components/sections/HR/HRSection.tsx	36	
REQ_ID	variable	hr	false	component	src/components/sections/HR/HRSection.tsx	37	
ATTENDANCE_ID	variable	hr	false	component	src/components/sections/HR/HRSection.tsx	38	
ROSTER_ID	variable	hr	false	component	src/components/sections/HR/HRSection.tsx	39	
COMP_ID	variable	hr	false	component	src/components/sections/HR/HRSection.tsx	40	
OT_ID	variable	hr	false	component	src/components/sections/HR/HRSection.tsx	41	
isHrSection	function	hr	false		src/components/sections/HR/HRSection.tsx	43	
HRSection	function	hr	true	component	src/components/sections/HR/HRSection.tsx	47	
onSection	function	hr	false		src/components/sections/HR/HRSection.tsx	54	HRSection
onOpenCase	function	hr	false		src/components/sections/HR/HRSection.tsx	61	HRSection
STEPS	array	hr	false		src/components/sections/HR/ImportWizard.tsx	20	
ORDER	variable	hr	false	component	src/components/sections/HR/ImportWizard.tsx	28	
FIELDS	array	hr	false		src/components/sections/HR/ImportWizard.tsx	30	
REQUIRED_COUNT	variable	hr	false	component	src/components/sections/HR/ImportWizard.tsx	50	
PAYROLL_KEYS	variable	hr	false	component	src/components/sections/HR/ImportWizard.tsx	51	
MAP_FILTERS	variable	hr	false	component	src/components/sections/HR/ImportWizard.tsx	52	
guessMapping	function	hr	false		src/components/sections/HR/ImportWizard.tsx	55	
DEFAULT_POLICY	object	hr	false		src/components/sections/HR/ImportWizard.tsx	64	
BATCH_OWNERS	array	hr	false		src/components/sections/HR/ImportWizard.tsx	70	
NOTIFY_TARGETS	array	hr	false		src/components/sections/HR/ImportWizard.tsx	71	
fileToBase64	function	hr	false		src/components/sections/HR/ImportWizard.tsx	73	
cap	function	hr	false		src/components/sections/HR/ImportWizard.tsx	81	
Fld	function	hr	false	component	src/components/sections/HR/ImportWizard.tsx	83	
Section	function	hr	false	component	src/components/sections/HR/ImportWizard.tsx	86	
ImportWizard	function	hr	true	component	src/components/sections/HR/ImportWizard.tsx	95	
setMap	function	hr	false		src/components/sections/HR/ImportWizard.tsx	117	ImportWizard
setPol	function	hr	false		src/components/sections/HR/ImportWizard.tsx	118	ImportWizard
guard	function	hr	false		src/components/sections/HR/ImportWizard.tsx	121	ImportWizard
doUpload	function	hr	false		src/components/sections/HR/ImportWizard.tsx	126	ImportWizard
doMap	function	hr	false		src/components/sections/HR/ImportWizard.tsx	140	ImportWizard
loadReport	function	hr	false		src/components/sections/HR/ImportWizard.tsx	146	ImportWizard
doValidate	function	hr	false		src/components/sections/HR/ImportWizard.tsx	147	ImportWizard
resolve	function	hr	false		src/components/sections/HR/ImportWizard.tsx	148	ImportWizard
doCommit	function	hr	false		src/components/sections/HR/ImportWizard.tsx	149	ImportWizard
STATUS_OPTIONS	array	hr	false		src/components/sections/HR/LeaveOverview.tsx	23	
statusTone	function	hr	false		src/components/sections/HR/LeaveOverview.tsx	31	
humanize	function	hr	false		src/components/sections/HR/LeaveOverview.tsx	38	
SubmitDialogProps	interface	hr	false		src/components/sections/HR/LeaveOverview.tsx	44	
workingDays	function	hr	false		src/components/sections/HR/LeaveOverview.tsx	47	
SubmitLeaveDialog	function	hr	false	component	src/components/sections/HR/LeaveOverview.tsx	56	
handleSubmit	function	hr	false		src/components/sections/HR/LeaveOverview.tsx	86	SubmitLeaveDialog
LeaveOverview	function	hr	true	component	src/components/sections/HR/LeaveOverview.tsx	152	
leaveRecord	function	hr	false		src/components/sections/HR/LeaveOverview.tsx	159	LeaveOverview
onReview	function	hr	false		src/components/sections/HR/LeaveOverview.tsx	165	LeaveOverview
handleCancel	function	hr	false		src/components/sections/HR/LeaveOverview.tsx	210	LeaveOverview
HR_ROOT_ID	variable	hr	false		src/components/sections/HR/module.ts	13	
EMPLOYEE_MASTER_ITEM	object	hr	false		src/components/sections/HR/module.ts	15	
ONBOARDING_ITEM	object	hr	false		src/components/sections/HR/module.ts	22	
ORGANIZATION_ITEM	object	hr	false		src/components/sections/HR/module.ts	29	
DOCUMENTS_ITEM	object	hr	false		src/components/sections/HR/module.ts	36	
OFFBOARDING_ITEM	object	hr	false		src/components/sections/HR/module.ts	43	
LEAVE_ITEM	object	hr	false		src/components/sections/HR/module.ts	50	
TRANSFERS_ITEM	object	hr	false		src/components/sections/HR/module.ts	57	
ATTENDANCE_ITEM	object	hr	false		src/components/sections/HR/module.ts	64	
REQUESTS_ITEM	object	hr	false		src/components/sections/HR/module.ts	71	
ROSTER_ITEM	object	hr	false		src/components/sections/HR/module.ts	78	
COMPENSATION_ITEM	object	hr	false		src/components/sections/HR/module.ts	85	
OVERTIME_ITEM	object	hr	false		src/components/sections/HR/module.ts	92	
hrModule	object	hr	true		src/components/sections/HR/module.ts	99	
mountHRSection	function	hr	true		src/components/sections/HR/mount.ts	10	
unmountHRSection	function	hr	true		src/components/sections/HR/mount.ts	22	
REASONS	array	hr	false		src/components/sections/HR/OffboardingOverview.tsx	25	
STATUS_FILTERS	variable	hr	false	component	src/components/sections/HR/OffboardingOverview.tsx	26	
humanize	function	hr	false		src/components/sections/HR/OffboardingOverview.tsx	27	
statusTone	function	hr	false		src/components/sections/HR/OffboardingOverview.tsx	28	
OffboardingOverview	function	hr	true	component	src/components/sections/HR/OffboardingOverview.tsx	32	
NewCaseModal	function	hr	false	component	src/components/sections/HR/OffboardingOverview.tsx	90	
submit	function	hr	false		src/components/sections/HR/OffboardingOverview.tsx	96	NewCaseModal
CaseDetail	function	hr	false	component	src/components/sections/HR/OffboardingOverview.tsx	141	
run	function	hr	false		src/components/sections/HR/OffboardingOverview.tsx	155	CaseDetail
onPause	function	hr	false		src/components/sections/HR/OffboardingOverview.tsx	170	CaseDetail
onResume	function	hr	false		src/components/sections/HR/OffboardingOverview.tsx	174	CaseDetail
onReady	function	hr	false		src/components/sections/HR/OffboardingOverview.tsx	178	CaseDetail
onComplete	function	hr	false		src/components/sections/HR/OffboardingOverview.tsx	182	CaseDetail
onFinalize	function	hr	false		src/components/sections/HR/OffboardingOverview.tsx	186	CaseDetail
onCancel	function	hr	false		src/components/sections/HR/OffboardingOverview.tsx	195	CaseDetail
STATUS_META	object	widgets	false		src/components/sections/HR/offboardingWidgets.tsx	17	
REASON_META	object	widgets	false		src/components/sections/HR/offboardingWidgets.tsx	27	
MODULE_META	object	widgets	false		src/components/sections/HR/offboardingWidgets.tsx	34	
moduleMeta	function	widgets	false		src/components/sections/HR/offboardingWidgets.tsx	40	
statusMeta	function	widgets	false		src/components/sections/HR/offboardingWidgets.tsx	41	
pct	function	widgets	false		src/components/sections/HR/offboardingWidgets.tsx	44	
humanize	function	widgets	false		src/components/sections/HR/offboardingWidgets.tsx	45	
fmtDay	function	widgets	false		src/components/sections/HR/offboardingWidgets.tsx	46	
daysUntil	function	widgets	false		src/components/sections/HR/offboardingWidgets.tsx	51	
relLabel	function	widgets	false		src/components/sections/HR/offboardingWidgets.tsx	55	
Gauge	function	widgets	false	component	src/components/sections/HR/offboardingWidgets.tsx	63	
Donut	function	widgets	false	component	src/components/sections/HR/offboardingWidgets.tsx	74	
MetricStrip	function	widgets	false	component	src/components/sections/HR/offboardingWidgets.tsx	101	
ExitReadinessCard	function	widgets	false	component,ui-tile	src/components/sections/HR/offboardingWidgets.tsx	141	
StatusDonutCard	function	widgets	false	component,ui-tile	src/components/sections/HR/offboardingWidgets.tsx	183	
ReasonsMixCard	function	widgets	false	component,ui-tile	src/components/sections/HR/offboardingWidgets.tsx	213	
ModuleClearanceCard	function	widgets	false	component,ui-tile	src/components/sections/HR/offboardingWidgets.tsx	236	
UpcomingExitsCard	function	widgets	false	component,ui-tile	src/components/sections/HR/offboardingWidgets.tsx	273	
BlockedAtRiskCard	function	widgets	false	component,ui-tile	src/components/sections/HR/offboardingWidgets.tsx	307	
OffboardingDashboardSkeleton	function	widgets	true	component	src/components/sections/HR/offboardingWidgets.tsx	342	
OffboardingDashboard	function	widgets	true	component	src/components/sections/HR/offboardingWidgets.tsx	358	
ActivationCompletionCard	function	hr	false	component,ui-tile	src/components/sections/HR/onboarding/cards/ActivationCompletionCard.tsx	6	
BlockedCasesCard	function	hr	false	component,ui-tile	src/components/sections/HR/onboarding/cards/BlockedCasesCard.tsx	8	
moveBlockers	function	hr	false		src/components/sections/HR/onboarding/cards/BlockedCasesCard.tsx	22	BlockedCasesCard
CasePerformanceCard	function	hr	false	component,ui-tile	src/components/sections/HR/onboarding/cards/CasePerformanceCard.tsx	8	
movePage	function	hr	false		src/components/sections/HR/onboarding/cards/CasePerformanceCard.tsx	28	CasePerformanceCard
CommandCenterHealthBanner	function	hr	false	component	src/components/sections/HR/onboarding/cards/CommandCenterHealthBanner.tsx	6	
CommandMetricStrip	function	hr	false	component	src/components/sections/HR/onboarding/cards/CommandMetricStrip.tsx	6	
MorningGoalCard	function	hr	false	component,ui-tile	src/components/sections/HR/onboarding/cards/MorningGoalCard.tsx	9	
CriticalAction	type	hr	false		src/components/sections/HR/onboarding/cards/MorningGoalCard.tsx	15	MorningGoalCard
selectAction	function	hr	false		src/components/sections/HR/onboarding/cards/MorningGoalCard.tsx	67	MorningGoalCard
movePriority	function	hr	false		src/components/sections/HR/onboarding/cards/MorningGoalCard.tsx	68	MorningGoalCard
runSelectedAction	function	hr	false		src/components/sections/HR/onboarding/cards/MorningGoalCard.tsx	72	MorningGoalCard
RecentActivityCard	function	hr	false	component,ui-tile	src/components/sections/HR/onboarding/cards/RecentActivityCard.tsx	7	
RecentProjectWorkCard	function	hr	false	component,ui-tile	src/components/sections/HR/onboarding/cards/RecentProjectWorkCard.tsx	8	
movePage	function	hr	false		src/components/sections/HR/onboarding/cards/RecentProjectWorkCard.tsx	27	RecentProjectWorkCard
taskProgress	function	hr	false		src/components/sections/HR/onboarding/cards/RecentProjectWorkCard.tsx	28	RecentProjectWorkCard
TasksPlannerCard	function	hr	false	component,ui-tile	src/components/sections/HR/onboarding/cards/TasksPlannerCard.tsx	10	
moveDateWindow	function	hr	false		src/components/sections/HR/onboarding/cards/TasksPlannerCard.tsx	47	TasksPlannerCard
openComposer	function	hr	false		src/components/sections/HR/onboarding/cards/TasksPlannerCard.tsx	54	TasksPlannerCard
closeComposer	function	hr	false		src/components/sections/HR/onboarding/cards/TasksPlannerCard.tsx	55	TasksPlannerCard
saveTask	function	hr	false		src/components/sections/HR/onboarding/cards/TasksPlannerCard.tsx	62	TasksPlannerCard
renderTask	function	hr	false		src/components/sections/HR/onboarding/cards/TasksPlannerCard.tsx	74	TasksPlannerCard
UpcomingDeadlinesCard	function	hr	false	component,ui-tile	src/components/sections/HR/onboarding/cards/UpcomingDeadlinesCard.tsx	8	
moveDateWindow	function	hr	false		src/components/sections/HR/onboarding/cards/UpcomingDeadlinesCard.tsx	19	UpcomingDeadlinesCard
Icon	function	hr	false	component	src/components/sections/HR/onboarding/primitives.tsx	8	
PersonAvatar	function	hr	false	component	src/components/sections/HR/onboarding/primitives.tsx	43	
Button	function	hr	false	component	src/components/sections/HR/onboarding/primitives.tsx	47	
MetricGauge	function	hr	false	component	src/components/sections/HR/onboarding/primitives.tsx	51	
MetricMicroChart	function	hr	false	component	src/components/sections/HR/onboarding/primitives.tsx	93	
InsightGlyph	function	hr	false	component	src/components/sections/HR/onboarding/primitives.tsx	123	
taskIconFor	function	hr	false		src/components/sections/HR/onboarding/primitives.tsx	128	
OnboardingAddTaskModalProps	interface	hr	true		src/components/sections/HR/OnboardingAddTaskModal.tsx	15	
EMPTY_FORM	object	hr	false		src/components/sections/HR/OnboardingAddTaskModal.tsx	24	
OnboardingAddTaskModal	function	hr	true	component	src/components/sections/HR/OnboardingAddTaskModal.tsx	26	
handleClose	function	hr	false		src/components/sections/HR/OnboardingAddTaskModal.tsx	40	OnboardingAddTaskModal
submit	function	hr	false		src/components/sections/HR/OnboardingAddTaskModal.tsx	46	OnboardingAddTaskModal
ACTIVE_STATUSES	array	hr	false		src/components/sections/HR/OnboardingBlockedBoard.tsx	27	
MODULE_META	object	hr	false		src/components/sections/HR/OnboardingBlockedBoard.tsx	28	
moduleLabel	function	hr	false		src/components/sections/HR/OnboardingBlockedBoard.tsx	40	
moduleIcon	function	hr	false		src/components/sections/HR/OnboardingBlockedBoard.tsx	41	
OnboardingBlockedBoard	function	hr	true	component	src/components/sections/HR/OnboardingBlockedBoard.tsx	43	
run	function	hr	false		src/components/sections/HR/OnboardingBlockedBoard.tsx	78	OnboardingBlockedBoard
handleResolve	function	hr	false		src/components/sections/HR/OnboardingBlockedBoard.tsx	81	OnboardingBlockedBoard
handleEscalate	function	hr	false		src/components/sections/HR/OnboardingBlockedBoard.tsx	82	OnboardingBlockedBoard
handleNotify	function	hr	false		src/components/sections/HR/OnboardingBlockedBoard.tsx	83	OnboardingBlockedBoard
openWaive	function	hr	false		src/components/sections/HR/OnboardingBlockedBoard.tsx	84	OnboardingBlockedBoard
submitWaive	function	hr	false		src/components/sections/HR/OnboardingBlockedBoard.tsx	85	OnboardingBlockedBoard
card	function	hr	false	ui-tile	src/components/sections/HR/OnboardingBlockedBoard.tsx	92	OnboardingBlockedBoard
STAGE_NAMES	array	hr	true		src/components/sections/HR/onboardingCase.helpers.tsx	14	
STAGE_RANK	object	hr	true		src/components/sections/HR/onboardingCase.helpers.tsx	16	
initials	function	hr	true		src/components/sections/HR/onboardingCase.helpers.tsx	22	
pctOf	function	hr	true		src/components/sections/HR/onboardingCase.helpers.tsx	25	
daysUntil	function	hr	true		src/components/sections/HR/onboardingCase.helpers.tsx	27	
isOpen	function	hr	true		src/components/sections/HR/onboardingCase.helpers.tsx	30	
txt	function	hr	false		src/components/sections/HR/onboardingCase.helpers.tsx	33	
matchDocs	function	hr	true		src/components/sections/HR/onboardingCase.helpers.tsx	36	
matchTraining	function	hr	true		src/components/sections/HR/onboardingCase.helpers.tsx	38	
matchProvision	function	hr	true		src/components/sections/HR/onboardingCase.helpers.tsx	40	
matchIT	function	hr	true		src/components/sections/HR/onboardingCase.helpers.tsx	42	
StatusBucket	interface	hr	true		src/components/sections/HR/onboardingCase.helpers.tsx	45	
bucket	function	hr	true		src/components/sections/HR/onboardingCase.helpers.tsx	46	
pctChange	function	hr	true		src/components/sections/HR/onboardingCase.helpers.tsx	57	
sparkPath	function	hr	false		src/components/sections/HR/onboardingCase.helpers.tsx	64	
Spark	function	hr	true	component	src/components/sections/HR/onboardingCase.helpers.tsx	75	
Ring	function	hr	true	component	src/components/sections/HR/onboardingCase.helpers.tsx	94	
GaugeArc	function	hr	true	component	src/components/sections/HR/onboardingCase.helpers.tsx	113	
Bars	function	hr	true	component	src/components/sections/HR/onboardingCase.helpers.tsx	131	
_initials	function	hr	false		src/components/sections/HR/OnboardingCaseDetail.tsx	46	
tone	function	hr	false		src/components/sections/HR/OnboardingCaseDetail.tsx	49	
Pill	function	hr	false	component	src/components/sections/HR/OnboardingCaseDetail.tsx	56	
CASE_PAGE_KEY	variable	hr	false	component	src/components/sections/HR/OnboardingCaseDetail.tsx	58	
CASE_ZONE	variable	hr	false	component	src/components/sections/HR/OnboardingCaseDetail.tsx	59	
defInst	function	hr	false		src/components/sections/HR/OnboardingCaseDetail.tsx	60	
defaultCaseLayout	function	hr	false		src/components/sections/HR/OnboardingCaseDetail.tsx	63	
OnboardingCaseDetail	function	hr	true	component	src/components/sections/HR/OnboardingCaseDetail.tsx	81	
placeBottom	function	hr	false		src/components/sections/HR/OnboardingCaseDetail.tsx	108	OnboardingCaseDetail
commitPreview	function	hr	false		src/components/sections/HR/OnboardingCaseDetail.tsx	115	OnboardingCaseDetail
discardPreview	function	hr	false	ui-tile	src/components/sections/HR/OnboardingCaseDetail.tsx	116	OnboardingCaseDetail
run	function	hr	false		src/components/sections/HR/OnboardingCaseDetail.tsx	138	OnboardingCaseDetail
caseRecord	function	hr	false		src/components/sections/HR/OnboardingCaseDetail.tsx	143	OnboardingCaseDetail
handlePause	function	hr	false		src/components/sections/HR/OnboardingCaseDetail.tsx	148	OnboardingCaseDetail
handleResume	function	hr	false		src/components/sections/HR/OnboardingCaseDetail.tsx	152	OnboardingCaseDetail
handleMarkReady	function	hr	false		src/components/sections/HR/OnboardingCaseDetail.tsx	156	OnboardingCaseDetail
handleComplete	function	hr	false		src/components/sections/HR/OnboardingCaseDetail.tsx	160	OnboardingCaseDetail
handleCancel	function	hr	false		src/components/sections/HR/OnboardingCaseDetail.tsx	164	OnboardingCaseDetail
handleReassignOwner	function	hr	false		src/components/sections/HR/OnboardingCaseDetail.tsx	168	OnboardingCaseDetail
handleProvision	function	hr	false		src/components/sections/HR/OnboardingCaseDetail.tsx	169	OnboardingCaseDetail
openAddTask	function	hr	false		src/components/sections/HR/OnboardingCaseDetail.tsx	176	OnboardingCaseDetail
handleCompleteTask	function	hr	false		src/components/sections/HR/OnboardingCaseDetail.tsx	177	OnboardingCaseDetail
handleBlockTask	function	hr	false		src/components/sections/HR/OnboardingCaseDetail.tsx	178	OnboardingCaseDetail
handleUnblockTask	function	hr	false		src/components/sections/HR/OnboardingCaseDetail.tsx	183	OnboardingCaseDetail
handleReassignTask	function	hr	false		src/components/sections/HR/OnboardingCaseDetail.tsx	184	OnboardingCaseDetail
handleResolve	function	hr	false		src/components/sections/HR/OnboardingCaseDetail.tsx	187	OnboardingCaseDetail
handleEscalate	function	hr	false		src/components/sections/HR/OnboardingCaseDetail.tsx	192	OnboardingCaseDetail
handleWaive	function	hr	false		src/components/sections/HR/OnboardingCaseDetail.tsx	197	OnboardingCaseDetail
openAddAction	function	hr	false		src/components/sections/HR/OnboardingCaseDetail.tsx	204	OnboardingCaseDetail
submitAddAction	function	hr	false		src/components/sections/HR/OnboardingCaseDetail.tsx	208	OnboardingCaseDetail
handleCompleteAction	function	hr	false		src/components/sections/HR/OnboardingCaseDetail.tsx	218	OnboardingCaseDetail
handleCancelAction	function	hr	false		src/components/sections/HR/OnboardingCaseDetail.tsx	219	OnboardingCaseDetail
handleUpdateActionStatus	function	hr	false		src/components/sections/HR/OnboardingCaseDetail.tsx	224	OnboardingCaseDetail
blockerOpen	function	hr	false		src/components/sections/HR/OnboardingCaseDetail.tsx	226	OnboardingCaseDetail
wcard	function	hr	false	ui-tile	src/components/sections/HR/OnboardingCaseDetail.tsx	229	OnboardingCaseDetail
empty	function	hr	false		src/components/sections/HR/OnboardingCaseDetail.tsx	235	OnboardingCaseDetail
tasksBody	function	hr	false		src/components/sections/HR/OnboardingCaseDetail.tsx	237	OnboardingCaseDetail
blockersBody	function	hr	false		src/components/sections/HR/OnboardingCaseDetail.tsx	260	OnboardingCaseDetail
handoffsBody	function	hr	false		src/components/sections/HR/OnboardingCaseDetail.tsx	279	OnboardingCaseDetail
actionsBody	function	hr	false		src/components/sections/HR/OnboardingCaseDetail.tsx	295	OnboardingCaseDetail
adaptCase	function	hr	true		src/components/sections/HR/OnboardingCommandCenter.adapters.ts	11	
adaptTask	function	hr	true		src/components/sections/HR/OnboardingCommandCenter.adapters.ts	25	
adaptBlocker	function	hr	true		src/components/sections/HR/OnboardingCommandCenter.adapters.ts	37	
ACTIVITY_TONE_BY_KEYWORD	array	hr	false		src/components/sections/HR/OnboardingCommandCenter.adapters.ts	47	
fmtActivityTime	function	hr	true		src/components/sections/HR/OnboardingCommandCenter.adapters.ts	56	
adaptActivity	function	hr	true		src/components/sections/HR/OnboardingCommandCenter.adapters.ts	70	
KpiInputs	interface	hr	true	ui-tile	src/components/sections/HR/OnboardingCommandCenter.adapters.ts	79	
deriveKpis	function	hr	true	ui-tile	src/components/sections/HR/OnboardingCommandCenter.adapters.ts	92	
PrioritySnapshot	interface	hr	true		src/components/sections/HR/OnboardingCommandCenter.adapters.ts	127	
derivePrioritySnapshot	function	hr	true		src/components/sections/HR/OnboardingCommandCenter.adapters.ts	135	
Tone	type	hr	true		src/components/sections/HR/OnboardingCommandCenter.helpers.ts	6	
BadgeTone	type	hr	true		src/components/sections/HR/OnboardingCommandCenter.helpers.ts	7	
OnboardingSurface	type	hr	true		src/components/sections/HR/OnboardingCommandCenter.helpers.ts	9	
OnboardingSurfaceFilters	type	hr	true		src/components/sections/HR/OnboardingCommandCenter.helpers.ts	18	
OnboardingCommandCenterProps	interface	hr	true		src/components/sections/HR/OnboardingCommandCenter.helpers.ts	20	
DashboardMode	type	hr	true		src/components/sections/HR/OnboardingCommandCenter.helpers.ts	27	
KpiRow	interface	hr	true	ui-tile	src/components/sections/HR/OnboardingCommandCenter.helpers.ts	29	
CaseRow	interface	hr	true		src/components/sections/HR/OnboardingCommandCenter.helpers.ts	42	
TaskRow	interface	hr	true		src/components/sections/HR/OnboardingCommandCenter.helpers.ts	63	
BlockerRow	interface	hr	true		src/components/sections/HR/OnboardingCommandCenter.helpers.ts	83	
DeadlineRow	interface	hr	true		src/components/sections/HR/OnboardingCommandCenter.helpers.ts	100	
ActivityRow	interface	hr	true		src/components/sections/HR/OnboardingCommandCenter.helpers.ts	112	
humanize	function	hr	true		src/components/sections/HR/OnboardingCommandCenter.helpers.ts	121	
parseDueAt	function	hr	false		src/components/sections/HR/OnboardingCommandCenter.helpers.ts	129	
fmtDate	function	hr	true		src/components/sections/HR/OnboardingCommandCenter.helpers.ts	133	
isSameCalendarDay	function	hr	true		src/components/sections/HR/OnboardingCommandCenter.helpers.ts	144	
addDays	function	hr	true		src/components/sections/HR/OnboardingCommandCenter.helpers.ts	148	
weekWindow	function	hr	true		src/components/sections/HR/OnboardingCommandCenter.helpers.ts	152	
blockerMeta	function	hr	true		src/components/sections/HR/OnboardingCommandCenter.helpers.ts	156	
relativeDueLabel	function	hr	false		src/components/sections/HR/OnboardingCommandCenter.helpers.ts	162	
deriveDeadlines	function	hr	true		src/components/sections/HR/OnboardingCommandCenter.helpers.ts	174	
OnboardingCommandCenter	function	hr	true	component	src/components/sections/HR/OnboardingCommandCenter.tsx	31	
openSurface	function	hr	false		src/components/sections/HR/OnboardingCommandCenter.tsx	45	OnboardingCommandCenter
openCase	function	hr	false		src/components/sections/HR/OnboardingCommandCenter.tsx	46	OnboardingCommandCenter
startNewCase	function	hr	false		src/components/sections/HR/OnboardingCommandCenter.tsx	47	OnboardingCommandCenter
handleCompleteTask	function	hr	false		src/components/sections/HR/OnboardingCommandCenter.tsx	80	OnboardingCommandCenter
HANDOFF_STATUSES	array	workflow	false		src/components/sections/HR/OnboardingHandoffsWorkspace.tsx	28	
OPEN_HANDOFF	variable	workflow	false	component	src/components/sections/HR/OnboardingHandoffsWorkspace.tsx	29	
MODULE_META	object	workflow	false		src/components/sections/HR/OnboardingHandoffsWorkspace.tsx	33	
moduleLabel	function	workflow	false		src/components/sections/HR/OnboardingHandoffsWorkspace.tsx	44	
moduleIcon	function	workflow	false		src/components/sections/HR/OnboardingHandoffsWorkspace.tsx	45	
OnboardingHandoffsWorkspace	function	workflow	true	component	src/components/sections/HR/OnboardingHandoffsWorkspace.tsx	47	
run	function	workflow	false		src/components/sections/HR/OnboardingHandoffsWorkspace.tsx	87	OnboardingHandoffsWorkspace
handleRetry	function	workflow	false		src/components/sections/HR/OnboardingHandoffsWorkspace.tsx	90	OnboardingHandoffsWorkspace
handleAccept	function	workflow	false		src/components/sections/HR/OnboardingHandoffsWorkspace.tsx	91	OnboardingHandoffsWorkspace
handleComplete	function	workflow	false		src/components/sections/HR/OnboardingHandoffsWorkspace.tsx	92	OnboardingHandoffsWorkspace
handleCancel	function	workflow	false		src/components/sections/HR/OnboardingHandoffsWorkspace.tsx	93	OnboardingHandoffsWorkspace
retryAllFailed	function	workflow	false		src/components/sections/HR/OnboardingHandoffsWorkspace.tsx	96	OnboardingHandoffsWorkspace
lifecycleActions	function	workflow	false		src/components/sections/HR/OnboardingHandoffsWorkspace.tsx	108	OnboardingHandoffsWorkspace
CASE_COLS	array	hr	false		src/components/sections/HR/OnboardingOverview.tsx	40	
pageWindow	function	hr	false		src/components/sections/HR/OnboardingOverview.tsx	43	
DUE_LABEL	object	hr	false		src/components/sections/HR/OnboardingOverview.tsx	57	
BLOCK_LABEL	object	hr	false		src/components/sections/HR/OnboardingOverview.tsx	60	
READY_LABEL	object	hr	false		src/components/sections/HR/OnboardingOverview.tsx	63	
OnboardingSurface	type	hr	false		src/components/sections/HR/OnboardingOverview.tsx	69	
OnboardingOverview	function	hr	true	component	src/components/sections/HR/OnboardingOverview.tsx	71	
openCaseById	function	hr	false		src/components/sections/HR/OnboardingOverview.tsx	91	OnboardingOverview
onOpen	function	hr	false		src/components/sections/HR/OnboardingOverview.tsx	95	OnboardingOverview
setPkg	function	hr	false		src/components/sections/HR/OnboardingOverview.tsx	121	OnboardingOverview
setWorker	function	hr	false		src/components/sections/HR/OnboardingOverview.tsx	122	OnboardingOverview
setDue	function	hr	false		src/components/sections/HR/OnboardingOverview.tsx	123	OnboardingOverview
setBlock	function	hr	false		src/components/sections/HR/OnboardingOverview.tsx	124	OnboardingOverview
setReady	function	hr	false		src/components/sections/HR/OnboardingOverview.tsx	125	OnboardingOverview
resetAdvanced	function	hr	false		src/components/sections/HR/OnboardingOverview.tsx	126	OnboardingOverview
notify	function	hr	false		src/components/sections/HR/OnboardingOverview.tsx	154	OnboardingOverview
renderCases	function	hr	false		src/components/sections/HR/OnboardingOverview.tsx	267	OnboardingOverview
handleOpenSurface	function	hr	false		src/components/sections/HR/OnboardingOverview.tsx	376	OnboardingOverview
PkgTab	type	hr	false		src/components/sections/HR/OnboardingPackageDetail.tsx	31	
TABS	array	hr	false		src/components/sections/HR/OnboardingPackageDetail.tsx	32	
ACTION_TYPES	array	hr	false		src/components/sections/HR/OnboardingPackageDetail.tsx	37	
OWNER_TYPES	array	hr	false		src/components/sections/HR/OnboardingPackageDetail.tsx	38	
PRIORITIES	array	hr	false		src/components/sections/HR/OnboardingPackageDetail.tsx	39	
emptyTaskForm	object	hr	false		src/components/sections/HR/OnboardingPackageDetail.tsx	40	
emptyHandoffForm	object	hr	false		src/components/sections/HR/OnboardingPackageDetail.tsx	41	
emptyActionForm	object	hr	false		src/components/sections/HR/OnboardingPackageDetail.tsx	42	
OnboardingPackageDetail	function	hr	true	component	src/components/sections/HR/OnboardingPackageDetail.tsx	48	
run	function	hr	false		src/components/sections/HR/OnboardingPackageDetail.tsx	69	OnboardingPackageDetail
openEdit	function	hr	false		src/components/sections/HR/OnboardingPackageDetail.tsx	77	OnboardingPackageDetail
submitEdit	function	hr	false		src/components/sections/HR/OnboardingPackageDetail.tsx	81	OnboardingPackageDetail
handleStatusStep	function	hr	false		src/components/sections/HR/OnboardingPackageDetail.tsx	90	OnboardingPackageDetail
openAddTask	function	hr	false		src/components/sections/HR/OnboardingPackageDetail.tsx	98	OnboardingPackageDetail
openEditTask	function	hr	false		src/components/sections/HR/OnboardingPackageDetail.tsx	99	OnboardingPackageDetail
submitTask	function	hr	false		src/components/sections/HR/OnboardingPackageDetail.tsx	102	OnboardingPackageDetail
deleteTask	function	hr	false		src/components/sections/HR/OnboardingPackageDetail.tsx	109	OnboardingPackageDetail
openAddHandoff	function	hr	false		src/components/sections/HR/OnboardingPackageDetail.tsx	115	OnboardingPackageDetail
openEditHandoff	function	hr	false		src/components/sections/HR/OnboardingPackageDetail.tsx	116	OnboardingPackageDetail
submitHandoff	function	hr	false		src/components/sections/HR/OnboardingPackageDetail.tsx	119	OnboardingPackageDetail
deleteHandoff	function	hr	false		src/components/sections/HR/OnboardingPackageDetail.tsx	126	OnboardingPackageDetail
openAddAction	function	hr	false		src/components/sections/HR/OnboardingPackageDetail.tsx	132	OnboardingPackageDetail
openEditAction	function	hr	false		src/components/sections/HR/OnboardingPackageDetail.tsx	133	OnboardingPackageDetail
submitAction	function	hr	false		src/components/sections/HR/OnboardingPackageDetail.tsx	141	OnboardingPackageDetail
retireAction	function	hr	false		src/components/sections/HR/OnboardingPackageDetail.tsx	155	OnboardingPackageDetail
YN	function	hr	false	component	src/components/sections/HR/OnboardingPackageDetail.tsx	160	OnboardingPackageDetail
empty	function	hr	false		src/components/sections/HR/OnboardingPackageDetail.tsx	161	OnboardingPackageDetail
STATUS_FILTERS	variable	hr	false	component	src/components/sections/HR/OnboardingPackageManager.tsx	19	
StatusFilter	type	hr	false		src/components/sections/HR/OnboardingPackageManager.tsx	20	
statusTone	function	hr	false		src/components/sections/HR/OnboardingPackageManager.tsx	22	
OnboardingPackageManager	function	hr	true	component	src/components/sections/HR/OnboardingPackageManager.tsx	26	
openNew	function	hr	false		src/components/sections/HR/OnboardingPackageManager.tsx	46	OnboardingPackageManager
submitNew	function	hr	false		src/components/sections/HR/OnboardingPackageManager.tsx	51	OnboardingPackageManager
toggleStatus	function	hr	false		src/components/sections/HR/OnboardingPackageManager.tsx	65	OnboardingPackageManager
CASE_STATUSES	array	hr	false		src/components/sections/HR/OnboardingReportsWorkspace.tsx	22	
BAR_COLORS	array	hr	false		src/components/sections/HR/OnboardingReportsWorkspace.tsx	23	
fmtCell	function	hr	false		src/components/sections/HR/OnboardingReportsWorkspace.tsx	25	
ChartView	function	hr	false	component	src/components/sections/HR/OnboardingReportsWorkspace.tsx	35	
OnboardingReportsWorkspace	function	hr	true	component	src/components/sections/HR/OnboardingReportsWorkspace.tsx	70	
handleExport	function	hr	false		src/components/sections/HR/OnboardingReportsWorkspace.tsx	94	OnboardingReportsWorkspace
Pill	interface	hr	true		src/components/sections/HR/onboardingStatus.ts	13	
T	object	hr	false		src/components/sections/HR/onboardingStatus.ts	14	
CASE_STATUS	object	hr	true		src/components/sections/HR/onboardingStatus.ts	20	
TASK_STATUS	object	hr	true		src/components/sections/HR/onboardingStatus.ts	26	
HANDOFF_STATUS	object	hr	true		src/components/sections/HR/onboardingStatus.ts	32	
BLOCKER_STATUS	object	hr	true		src/components/sections/HR/onboardingStatus.ts	38	
SEVERITY	object	hr	true		src/components/sections/HR/onboardingStatus.ts	43	
CASE_ACTION_STATUS	object	hr	true		src/components/sections/HR/onboardingStatus.ts	47	
fallback	function	hr	false		src/components/sections/HR/onboardingStatus.ts	53	
caseStatusPill	function	hr	true		src/components/sections/HR/onboardingStatus.ts	54	
taskStatusPill	function	hr	true		src/components/sections/HR/onboardingStatus.ts	55	
handoffStatusPill	function	hr	true		src/components/sections/HR/onboardingStatus.ts	56	
blockerStatusPill	function	hr	true		src/components/sections/HR/onboardingStatus.ts	57	
severityPill	function	hr	true		src/components/sections/HR/onboardingStatus.ts	58	
caseActionPill	function	hr	true		src/components/sections/HR/onboardingStatus.ts	59	
CASE_STATUS_OPTIONS	variable	hr	true		src/components/sections/HR/onboardingStatus.ts	61	
BG_TO_CLS	object	hr	false		src/components/sections/HR/onboardingStatus.ts	63	
pillClass	function	hr	true		src/components/sections/HR/onboardingStatus.ts	67	
humanize	function	hr	true		src/components/sections/HR/onboardingStatus.ts	69	
fmtDate	function	hr	true		src/components/sections/HR/onboardingStatus.ts	73	
fmtDateTime	function	hr	true		src/components/sections/HR/onboardingStatus.ts	75	
ViewMode	type	hr	false		src/components/sections/HR/OnboardingTasksWorkspace.tsx	28	
VIEWS	array	hr	false		src/components/sections/HR/OnboardingTasksWorkspace.tsx	29	
TASK_STATUSES	array	hr	false		src/components/sections/HR/OnboardingTasksWorkspace.tsx	35	
OPEN_STATUSES	variable	hr	false	component	src/components/sections/HR/OnboardingTasksWorkspace.tsx	36	
DUE_OPTS	array	hr	false		src/components/sections/HR/OnboardingTasksWorkspace.tsx	37	
BOARD_COLS	array	hr	false		src/components/sections/HR/OnboardingTasksWorkspace.tsx	41	
isOpen	function	hr	false		src/components/sections/HR/OnboardingTasksWorkspace.tsx	49	
isOverdue	function	hr	false		src/components/sections/HR/OnboardingTasksWorkspace.tsx	50	
dueGroup	function	hr	false		src/components/sections/HR/OnboardingTasksWorkspace.tsx	51	
DUE_GROUPS	array	hr	false		src/components/sections/HR/OnboardingTasksWorkspace.tsx	62	
OnboardingTasksWorkspace	function	hr	true	component	src/components/sections/HR/OnboardingTasksWorkspace.tsx	70	
run	function	hr	false		src/components/sections/HR/OnboardingTasksWorkspace.tsx	112	OnboardingTasksWorkspace
handleComplete	function	hr	false		src/components/sections/HR/OnboardingTasksWorkspace.tsx	115	OnboardingTasksWorkspace
handleBlock	function	hr	false		src/components/sections/HR/OnboardingTasksWorkspace.tsx	116	OnboardingTasksWorkspace
handleUnblock	function	hr	false		src/components/sections/HR/OnboardingTasksWorkspace.tsx	117	OnboardingTasksWorkspace
handleReassign	function	hr	false		src/components/sections/HR/OnboardingTasksWorkspace.tsx	118	OnboardingTasksWorkspace
submitAdd	function	hr	false		src/components/sections/HR/OnboardingTasksWorkspace.tsx	127	OnboardingTasksWorkspace
Pill	function	hr	false	component	src/components/sections/HR/OnboardingTasksWorkspace.tsx	138	OnboardingTasksWorkspace
rowActions	function	hr	false		src/components/sections/HR/OnboardingTasksWorkspace.tsx	142	OnboardingTasksWorkspace
openDrawer	function	hr	false		src/components/sections/HR/OnboardingTasksWorkspace.tsx	150	OnboardingTasksWorkspace
taskCard	function	hr	false	ui-tile	src/components/sections/HR/OnboardingTasksWorkspace.tsx	152	OnboardingTasksWorkspace
tableView	function	hr	false		src/components/sections/HR/OnboardingTasksWorkspace.tsx	164	OnboardingTasksWorkspace
boardView	function	hr	false		src/components/sections/HR/OnboardingTasksWorkspace.tsx	193	OnboardingTasksWorkspace
groupedView	function	hr	false		src/components/sections/HR/OnboardingTasksWorkspace.tsx	207	OnboardingTasksWorkspace
ownerView	function	hr	false		src/components/sections/HR/OnboardingTasksWorkspace.tsx	233	OnboardingTasksWorkspace
dueView	function	hr	false		src/components/sections/HR/OnboardingTasksWorkspace.tsx	245	OnboardingTasksWorkspace
TaskDrawer	function	hr	false	component	src/components/sections/HR/OnboardingTasksWorkspace.tsx	335	
submitNote	function	hr	false		src/components/sections/HR/OnboardingTasksWorkspace.tsx	354	TaskDrawer
onEvidenceFile	function	hr	false		src/components/sections/HR/OnboardingTasksWorkspace.tsx	360	TaskDrawer
Opt	interface	hr	false		src/components/sections/HR/OrgStructureOverview.tsx	34	
ORG_UNIT_TYPES	array	hr	false		src/components/sections/HR/OrgStructureOverview.tsx	35	
toastResult	function	hr	false		src/components/sections/HR/OrgStructureOverview.tsx	37	
titleCase	function	hr	false		src/components/sections/HR/OrgStructureOverview.tsx	41	
ImpactModal	function	hr	false	component	src/components/sections/HR/OrgStructureOverview.tsx	44	
UNIT_TYPE_INFO	object	hr	false		src/components/sections/HR/OrgStructureOverview.tsx	80	
ancestorChain	function	hr	false		src/components/sections/HR/OrgStructureOverview.tsx	90	
placementPath	function	hr	false		src/components/sections/HR/OrgStructureOverview.tsx	100	
selfAndDescendants	function	hr	false		src/components/sections/HR/OrgStructureOverview.tsx	107	
UnitModal	function	hr	false	component	src/components/sections/HR/OrgStructureOverview.tsx	125	
submit	function	hr	false		src/components/sections/HR/OrgStructureOverview.tsx	152	UnitModal
MoveModal	function	hr	false	component	src/components/sections/HR/OrgStructureOverview.tsx	243	
submit	function	hr	false		src/components/sections/HR/OrgStructureOverview.tsx	246	MoveModal
PositionModal	function	hr	false	component	src/components/sections/HR/OrgStructureOverview.tsx	283	
submit	function	hr	false		src/components/sections/HR/OrgStructureOverview.tsx	294	PositionModal
nameFrom	function	hr	false		src/components/sections/HR/OrgStructureOverview.tsx	318	PositionModal
CostCenterModal	function	hr	false	component	src/components/sections/HR/OrgStructureOverview.tsx	365	
submit	function	hr	false		src/components/sections/HR/OrgStructureOverview.tsx	376	CostCenterModal
Tab	type	hr	false		src/components/sections/HR/OrgStructureOverview.tsx	432	
ModalState	type	hr	false		src/components/sections/HR/OrgStructureOverview.tsx	433	
OrgStructureOverview	function	hr	true	component	src/components/sections/HR/OrgStructureOverview.tsx	440	
toggle	function	hr	false		src/components/sections/HR/OrgStructureOverview.tsx	480	OrgStructureOverview
runImpact	function	hr	false		src/components/sections/HR/OrgStructureOverview.tsx	482	OrgStructureOverview
confirmImpact	function	hr	false		src/components/sections/HR/OrgStructureOverview.tsx	487	OrgStructureOverview
onArchiveUnit	function	hr	false		src/components/sections/HR/OrgStructureOverview.tsx	496	OrgStructureOverview
onDeleteUnit	function	hr	false		src/components/sections/HR/OrgStructureOverview.tsx	500	OrgStructureOverview
onActivateUnit	function	hr	false		src/components/sections/HR/OrgStructureOverview.tsx	504	OrgStructureOverview
StatRow	function	hr	false	component	src/components/sections/HR/OrgStructureOverview.tsx	559	OrgStructureOverview
HealthPanel	function	hr	false	component	src/components/sections/HR/OrgStructureOverview.tsx	569	OrgStructureOverview
renderTree	function	hr	false		src/components/sections/HR/OrgStructureOverview.tsx	592	OrgStructureOverview
PositionsTab	function	hr	false	component	src/components/sections/HR/OrgStructureOverview.tsx	633	OrgStructureOverview
onRetire	function	hr	false		src/components/sections/HR/OrgStructureOverview.tsx	638	PositionsTab
onReactivate	function	hr	false		src/components/sections/HR/OrgStructureOverview.tsx	642	PositionsTab
CostCentersTab	function	hr	false	component	src/components/sections/HR/OrgStructureOverview.tsx	685	OrgStructureOverview
onRetire	function	hr	false		src/components/sections/HR/OrgStructureOverview.tsx	690	CostCentersTab
onReactivate	function	hr	false		src/components/sections/HR/OrgStructureOverview.tsx	694	CostCentersTab
ChangeRequestsTab	function	hr	false	component	src/components/sections/HR/OrgStructureOverview.tsx	735	OrgStructureOverview
onCancel	function	hr	false		src/components/sections/HR/OrgStructureOverview.tsx	739	ChangeRequestsTab
riskTone	function	hr	false		src/components/sections/HR/OrgStructureOverview.tsx	744	ChangeRequestsTab
empName	function	hr	false		src/components/sections/HR/OvertimeOverview.tsx	23	
STATUS_FILTERS	variable	hr	false	component	src/components/sections/HR/OvertimeOverview.tsx	25	
OT_TYPES	array	hr	false		src/components/sections/HR/OvertimeOverview.tsx	33	
otTypeLabel	function	hr	false		src/components/sections/HR/OvertimeOverview.tsx	40	
OvertimeOverview	function	hr	true	component	src/components/sections/HR/OvertimeOverview.tsx	42	
run	function	hr	false		src/components/sections/HR/OvertimeOverview.tsx	58	OvertimeOverview
otRecord	function	hr	false		src/components/sections/HR/OvertimeOverview.tsx	62	OvertimeOverview
LogOvertimeForm	function	hr	false	component	src/components/sections/HR/OvertimeOverview.tsx	152	
submit	function	hr	false		src/components/sections/HR/OvertimeOverview.tsx	167	LogOvertimeForm
openOnboardingCase	function	hr	false		src/components/sections/HR/ProfileDrawer.tsx	48	
fmtDate	function	hr	false		src/components/sections/HR/ProfileDrawer.tsx	54	
fmtDateTime	function	hr	false		src/components/sections/HR/ProfileDrawer.tsx	60	
yn	function	hr	false		src/components/sections/HR/ProfileDrawer.tsx	66	
relativeTime	function	hr	false		src/components/sections/HR/ProfileDrawer.tsx	68	
overallTraining	function	hr	false		src/components/sections/HR/ProfileDrawer.tsx	85	
trainBadge	function	hr	false		src/components/sections/HR/ProfileDrawer.tsx	95	
activityIcon	function	hr	false		src/components/sections/HR/ProfileDrawer.tsx	101	
docTone	function	hr	false		src/components/sections/HR/ProfileDrawer.tsx	115	
wfTone	function	hr	false		src/components/sections/HR/ProfileDrawer.tsx	122	
gated	function	hr	false		src/components/sections/HR/ProfileDrawer.tsx	131	
TrainingSnapshot	function	hr	false	component	src/components/sections/HR/ProfileDrawer.tsx	137	
OverviewTab	function	hr	false	component	src/components/sections/HR/ProfileDrawer.tsx	159	
EmploymentTab	function	hr	false	component	src/components/sections/HR/ProfileDrawer.tsx	218	
AssignmentsTab	function	hr	false	component	src/components/sections/HR/ProfileDrawer.tsx	241	
DocumentsTab	function	hr	false	component	src/components/sections/HR/ProfileDrawer.tsx	274	
download	function	hr	false		src/components/sections/HR/ProfileDrawer.tsx	280	DocumentsTab
TrainingTab	function	hr	false	component	src/components/sections/HR/ProfileDrawer.tsx	322	
StatutoryTab	function	hr	false	component	src/components/sections/HR/ProfileDrawer.tsx	350	
WorkflowsTab	function	hr	false	component	src/components/sections/HR/ProfileDrawer.tsx	399	
AuditTab	function	hr	false	component	src/components/sections/HR/ProfileDrawer.tsx	422	
ModuleLinkTab	function	hr	false	component	src/components/sections/HR/ProfileDrawer.tsx	446	
PRIMARY_TABS	array	hr	false		src/components/sections/HR/ProfileDrawer.tsx	456	
MORE_TABS	array	hr	false		src/components/sections/HR/ProfileDrawer.tsx	457	
DrawerSkeleton	function	hr	false	component	src/components/sections/HR/ProfileDrawer.tsx	461	
ProfileDrawer	function	hr	true	component	src/components/sections/HR/ProfileDrawer.tsx	482	
handlePhotoDecision	function	hr	false		src/components/sections/HR/ProfileDrawer.tsx	495	ProfileDrawer
humanize	function	hr	false		src/components/sections/HR/RosterOverview.tsx	31	
fmtDate	function	hr	false		src/components/sections/HR/RosterOverview.tsx	32	
isoWeekStart	function	hr	false		src/components/sections/HR/RosterOverview.tsx	33	
isoWeekEnd	function	hr	false		src/components/sections/HR/RosterOverview.tsx	37	
statusTone	function	hr	false		src/components/sections/HR/RosterOverview.tsx	41	
Tab	type	hr	false		src/components/sections/HR/RosterOverview.tsx	49	
RosterOverview	function	hr	true	component	src/components/sections/HR/RosterOverview.tsx	53	
RostersTab	function	hr	false	component	src/components/sections/HR/RosterOverview.tsx	98	
RosterDetail	function	hr	false	component	src/components/sections/HR/RosterOverview.tsx	158	
rosterRecord	function	hr	false		src/components/sections/HR/RosterOverview.tsx	174	RosterDetail
onPublish	function	hr	false		src/components/sections/HR/RosterOverview.tsx	180	RosterDetail
onReopen	function	hr	false		src/components/sections/HR/RosterOverview.tsx	198	RosterDetail
onSyncLeave	function	hr	false		src/components/sections/HR/RosterOverview.tsx	216	RosterDetail
onGenerate	function	hr	false		src/components/sections/HR/RosterOverview.tsx	223	RosterDetail
onCellClick	function	hr	false		src/components/sections/HR/RosterOverview.tsx	254	RosterDetail
TemplatesTab	function	hr	false	component	src/components/sections/HR/RosterOverview.tsx	381	
MyShiftsTab	function	hr	false	component	src/components/sections/HR/RosterOverview.tsx	509	
NewRosterModal	function	hr	false	component	src/components/sections/HR/RosterOverview.tsx	558	
submit	function	hr	false		src/components/sections/HR/RosterOverview.tsx	568	NewRosterModal
NewShiftTemplateModal	function	hr	false	component	src/components/sections/HR/RosterOverview.tsx	630	
submit	function	hr	false		src/components/sections/HR/RosterOverview.tsx	634	NewShiftTemplateModal
PillTone	type	hr	true		src/components/sections/HR/shared.tsx	12	
humanize	function	hr	true		src/components/sections/HR/shared.tsx	15	
rowName	function	hr	true		src/components/sections/HR/shared.tsx	19	
initials	function	hr	true		src/components/sections/HR/shared.tsx	23	
statusTone	function	hr	true		src/components/sections/HR/shared.tsx	28	
TRAINING_TONE	object	hr	true		src/components/sections/HR/shared.tsx	38	
TRAINING_LABEL	object	hr	true		src/components/sections/HR/shared.tsx	41	
Avatar	function	hr	true	component	src/components/sections/HR/shared.tsx	45	
TinyAvatar	function	hr	true	component	src/components/sections/HR/shared.tsx	48	
IconName	type	hr	false		src/components/sections/HR/StartOnboardingWizard.tsx	25	
Icon	function	hr	false	component	src/components/sections/HR/StartOnboardingWizard.tsx	30	
initialsOf	function	hr	false		src/components/sections/HR/StartOnboardingWizard.tsx	60	
StepKey	type	hr	false		src/components/sections/HR/StartOnboardingWizard.tsx	64	
STEPS	array	hr	false		src/components/sections/HR/StartOnboardingWizard.tsx	65	
WorkerType	type	hr	false		src/components/sections/HR/StartOnboardingWizard.tsx	74	
WORKER_TYPES	array	hr	false		src/components/sections/HR/StartOnboardingWizard.tsx	75	
REASONS	array	hr	false		src/components/sections/HR/StartOnboardingWizard.tsx	80	
PRIORITIES	array	hr	false		src/components/sections/HR/StartOnboardingWizard.tsx	81	
CASE_OWNERS	array	hr	false		src/components/sections/HR/StartOnboardingWizard.tsx	82	
LAUNCH_MODES	array	hr	false		src/components/sections/HR/StartOnboardingWizard.tsx	83	
TEMPORARY_REASONS	array	hr	false		src/components/sections/HR/StartOnboardingWizard.tsx	84	
ASSIGNMENT_LENGTHS	array	hr	false		src/components/sections/HR/StartOnboardingWizard.tsx	85	
isRecommendedPackage	function	hr	false		src/components/sections/HR/StartOnboardingWizard.tsx	89	
StartOnboardingWizard	function	hr	true	component	src/components/sections/HR/StartOnboardingWizard.tsx	95	
setStep	function	hr	false		src/components/sections/HR/StartOnboardingWizard.tsx	119	StartOnboardingWizard
toggleAction	function	hr	false		src/components/sections/HR/StartOnboardingWizard.tsx	191	StartOnboardingWizard
setDocumentSelection	function	hr	false		src/components/sections/HR/StartOnboardingWizard.tsx	201	StartOnboardingWizard
fieldErr	function	hr	false		src/components/sections/HR/StartOnboardingWizard.tsx	256	StartOnboardingWizard
stepStatus	function	hr	false		src/components/sections/HR/StartOnboardingWizard.tsx	274	StartOnboardingWizard
buildWorkerTypeDetails	function	hr	false		src/components/sections/HR/StartOnboardingWizard.tsx	284	StartOnboardingWizard
launch	function	hr	false		src/components/sections/HR/StartOnboardingWizard.tsx	297	StartOnboardingWizard
goNext	function	hr	false		src/components/sections/HR/StartOnboardingWizard.tsx	340	StartOnboardingWizard
goPrev	function	hr	false		src/components/sections/HR/StartOnboardingWizard.tsx	350	StartOnboardingWizard
StepHeader	function	hr	false	component	src/components/sections/HR/StartOnboardingWizard.tsx	819	
Fld	function	hr	false	component	src/components/sections/HR/StartOnboardingWizard.tsx	830	
SelFld	function	hr	false	component	src/components/sections/HR/StartOnboardingWizard.tsx	845	
DateFld	function	hr	false	component	src/components/sections/HR/StartOnboardingWizard.tsx	864	
WorkerSearchField	function	hr	false	component	src/components/sections/HR/StartOnboardingWizard.tsx	882	
DocumentRequirementCard	function	hr	false	component,ui-tile	src/components/sections/HR/StartOnboardingWizard.tsx	908	
handleWaive	function	hr	false		src/components/sections/HR/StartOnboardingWizard.tsx	918	DocumentRequirementCard
STATUS_FILTERS	variable	hr	false	component	src/components/sections/HR/TransfersOverview.tsx	26	
humanize	function	hr	false		src/components/sections/HR/TransfersOverview.tsx	28	
statusTone	function	hr	false		src/components/sections/HR/TransfersOverview.tsx	29	
TransfersOverview	function	hr	true	component	src/components/sections/HR/TransfersOverview.tsx	35	
summarizeChanges	function	hr	false		src/components/sections/HR/TransfersOverview.tsx	116	
NewRequestModal	function	hr	false	component	src/components/sections/HR/TransfersOverview.tsx	131	
submit	function	hr	false		src/components/sections/HR/TransfersOverview.tsx	155	NewRequestModal
RequestDetail	function	hr	false	component	src/components/sections/HR/TransfersOverview.tsx	260	
transferRecord	function	hr	false		src/components/sections/HR/TransfersOverview.tsx	270	RequestDetail
decide	function	hr	false		src/components/sections/HR/TransfersOverview.tsx	278	RequestDetail
onCancel	function	hr	false		src/components/sections/HR/TransfersOverview.tsx	299	RequestDetail
FIELD_LABELS	array	hr	false		src/components/sections/HR/TransfersOverview.tsx	393	
AreaPlaceholder	function	hse	false	component	src/components/sections/HSE/AreaRouter.tsx	27	
AreaRouter	function	hse	true	component	src/components/sections/HSE/AreaRouter.tsx	50	
ContractorRow	interface	hse	false		src/components/sections/HSE/Contractors.tsx	16	
mockContractors	array	hse	false		src/components/sections/HSE/Contractors.tsx	29	
InductionRow	interface	hse	false		src/components/sections/HSE/Contractors.tsx	38	
mockInductions	array	hse	false		src/components/sections/HSE/Contractors.tsx	50	
HseFileRow	interface	hse	false		src/components/sections/HSE/Contractors.tsx	57	
mockHseFiles	array	hse	false		src/components/sections/HSE/Contractors.tsx	67	
AccessRow	interface	hse	false		src/components/sections/HSE/Contractors.tsx	76	
mockAccess	array	hse	false		src/components/sections/HSE/Contractors.tsx	86	
TRADES	variable	hse	false	component	src/components/sections/HSE/Contractors.tsx	93	
TABS	array	hse	false		src/components/sections/HSE/Contractors.tsx	97	
RegisterTab	function	hse	false	component	src/components/sections/HSE/Contractors.tsx	104	
InductionTab	function	hse	false	component	src/components/sections/HSE/Contractors.tsx	199	
FilesTab	function	hse	false	component	src/components/sections/HSE/Contractors.tsx	240	
AccessTab	function	hse	false	component	src/components/sections/HSE/Contractors.tsx	307	
ContractorsArea	function	hse	true	component	src/components/sections/HSE/Contractors.tsx	347	
TABS	array	hse	false		src/components/sections/HSE/Documents.tsx	17	
TYPE_ICONS	object	hse	false		src/components/sections/HSE/Documents.tsx	22	
HAZARD_COLORS	object	hse	false		src/components/sections/HSE/Documents.tsx	27	
DocsTab	function	hse	false	component	src/components/sections/HSE/Documents.tsx	32	
SdsTab	function	hse	false	component	src/components/sections/HSE/Documents.tsx	154	
DocumentsArea	function	hse	true	component	src/components/sections/HSE/Documents.tsx	266	
EmergencyPlan	interface	hse	false		src/components/sections/HSE/EmergencyResponse.tsx	16	
mockPlans	array	hse	false		src/components/sections/HSE/EmergencyResponse.tsx	28	
MusterPoint	interface	hse	false		src/components/sections/HSE/EmergencyResponse.tsx	38	
mockMusterPoints	array	hse	false		src/components/sections/HSE/EmergencyResponse.tsx	49	
DrillRow	interface	hse	false		src/components/sections/HSE/EmergencyResponse.tsx	59	
mockDrills	array	hse	false		src/components/sections/HSE/EmergencyResponse.tsx	72	
ErtMember	interface	hse	false		src/components/sections/HSE/EmergencyResponse.tsx	80	
mockErtMembers	array	hse	false		src/components/sections/HSE/EmergencyResponse.tsx	92	
TABS	array	hse	false		src/components/sections/HSE/EmergencyResponse.tsx	102	
PlansTab	function	hse	false	component	src/components/sections/HSE/EmergencyResponse.tsx	109	
MusterTab	function	hse	false	component	src/components/sections/HSE/EmergencyResponse.tsx	176	
DrillsTab	function	hse	false	component	src/components/sections/HSE/EmergencyResponse.tsx	210	
ErtTab	function	hse	false	component	src/components/sections/HSE/EmergencyResponse.tsx	313	
EmergencyResponseArea	function	hse	true	component	src/components/sections/HSE/EmergencyResponse.tsx	375	
SpillRow	interface	hse	false		src/components/sections/HSE/Environmental.tsx	16	
mockSpills	array	hse	false		src/components/sections/HSE/Environmental.tsx	30	
WasteRow	interface	hse	false		src/components/sections/HSE/Environmental.tsx	37	
mockWaste	array	hse	false		src/components/sections/HSE/Environmental.tsx	50	
EmaNotification	interface	hse	false		src/components/sections/HSE/Environmental.tsx	58	
mockEmaNotifications	array	hse	false		src/components/sections/HSE/Environmental.tsx	70	
MonitoringRow	interface	hse	false		src/components/sections/HSE/Environmental.tsx	76	
mockMonitoring	array	hse	false		src/components/sections/HSE/Environmental.tsx	89	
TABS	array	hse	false		src/components/sections/HSE/Environmental.tsx	100	
SpillsTab	function	hse	false	component	src/components/sections/HSE/Environmental.tsx	107	
handleReport	function	hse	false		src/components/sections/HSE/Environmental.tsx	119	SpillsTab
WasteTab	function	hse	false	component	src/components/sections/HSE/Environmental.tsx	222	
EmaTab	function	hse	false	component	src/components/sections/HSE/Environmental.tsx	289	
MonitoringTab	function	hse	false	component	src/components/sections/HSE/Environmental.tsx	323	
EnvironmentalArea	function	hse	true	component	src/components/sections/HSE/Environmental.tsx	392	
C	object	hse	false		src/components/sections/HSE/HSEDashboard.tsx	29	
DD	interface	hse	false		src/components/sections/HSE/HSEDashboard.tsx	39	
Drawer	function	hse	false	component	src/components/sections/HSE/HSEDashboard.tsx	41	
drill	function	hse	false		src/components/sections/HSE/HSEDashboard.tsx	66	
DonutRing	function	hse	false	component	src/components/sections/HSE/HSEDashboard.tsx	75	
BarSpark	function	hse	false	component	src/components/sections/HSE/HSEDashboard.tsx	100	
KPI_TRENDS	object	hse	false	ui-tile	src/components/sections/HSE/HSEDashboard.tsx	118	
KPI_ICON	object	hse	false	ui-tile	src/components/sections/HSE/HSEDashboard.tsx	127	
SEV_TINT	object	hse	false		src/components/sections/HSE/HSEDashboard.tsx	136	
deltaChip	function	hse	false		src/components/sections/HSE/HSEDashboard.tsx	143	
KpiRow	function	hse	false	component,ui-tile	src/components/sections/HSE/HSEDashboard.tsx	156	
AlertItem	interface	hse	false		src/components/sections/HSE/HSEDashboard.tsx	212	
ESCALATION_ALERTS	array	hse	false		src/components/sections/HSE/HSEDashboard.tsx	220	
AlertsLayer	function	hse	false	component	src/components/sections/HSE/HSEDashboard.tsx	229	
ModAlertItem	interface	hse	false		src/components/sections/HSE/HSEDashboard.tsx	299	
ModStat	interface	hse	false		src/components/sections/HSE/HSEDashboard.tsx	300	
ProgItem	interface	hse	false		src/components/sections/HSE/HSEDashboard.tsx	301	
ModuleHealthProps	interface	hse	false		src/components/sections/HSE/HSEDashboard.tsx	303	
ModuleHealthRow	function	hse	false	component	src/components/sections/HSE/HSEDashboard.tsx	323	
ModuleHealthLayer	function	hse	false	component	src/components/sections/HSE/HSEDashboard.tsx	407	
SH	variable	hse	false	component	src/components/sections/HSE/HSEDashboard.tsx	700	
SW	variable	hse	false	component	src/components/sections/HSE/HSEDashboard.tsx	700	
_sparkPath	function	hse	false		src/components/sections/HSE/HSEDashboard.tsx	701	
_SparkDot	function	hse	false		src/components/sections/HSE/HSEDashboard.tsx	707	
Delta	function	hse	false	component	src/components/sections/HSE/HSEDashboard.tsx	712	
AnalyticsLayer	function	hse	false	component	src/components/sections/HSE/HSEDashboard.tsx	722	
Pt3	type	hse	false		src/components/sections/HSE/HSEDashboard.tsx	733	AnalyticsLayer
tPts	function	hse	false		src/components/sections/HSE/HSEDashboard.tsx	734	AnalyticsLayer
lPath	function	hse	false		src/components/sections/HSE/HSEDashboard.tsx	740	AnalyticsLayer
aPath	function	hse	false		src/components/sections/HSE/HSEDashboard.tsx	741	AnalyticsLayer
SITE_DATA	variable	hse	false	component	src/components/sections/HSE/HSEDashboard.tsx	840	
RISK_COLOR	object	hse	false		src/components/sections/HSE/HSEDashboard.tsx	848	
SiteIntelligenceLayer	function	hse	false	component	src/components/sections/HSE/HSEDashboard.tsx	854	
LayerLabel	function	hse	false	component	src/components/sections/HSE/HSEDashboard.tsx	903	
HSEDashboard	function	hse	true	component	src/components/sections/HSE/HSEDashboard.tsx	909	
HSE_DASHBOARD_ID	variable	hse	false	component	src/components/sections/HSE/HSESection.tsx	20	
Page	type	hse	false		src/components/sections/HSE/HSESection.tsx	22	
pageFor	function	hse	false		src/components/sections/HSE/HSESection.tsx	28	
isHseSection	function	hse	false		src/components/sections/HSE/HSESection.tsx	38	
HSESection	function	hse	true	component	src/components/sections/HSE/HSESection.tsx	42	
onSection	function	hse	false		src/components/sections/HSE/HSESection.tsx	48	HSESection
OshClass	type	hse	false		src/components/sections/HSE/Incidents.tsx	45	
PersonInvolved	interface	hse	false		src/components/sections/HSE/Incidents.tsx	49	
Witness	interface	hse	false		src/components/sections/HSE/Incidents.tsx	52	
dbSeverityToUi	function	hse	false		src/components/sections/HSE/Incidents.tsx	61	
dbTypeToUi	function	hse	false		src/components/sections/HSE/Incidents.tsx	68	
dbStatusToUi	function	hse	false		src/components/sections/HSE/Incidents.tsx	80	
dbToIncidentRecord	function	hse	false		src/components/sections/HSE/Incidents.tsx	93	
dbInvStatusToUi	function	hse	false		src/components/sections/HSE/Incidents.tsx	110	
dbToInvestigation	function	hse	false		src/components/sections/HSE/Incidents.tsx	123	
dbCapaStatusToUi	function	hse	false		src/components/sections/HSE/Incidents.tsx	149	
dbToCapa	function	hse	false		src/components/sections/HSE/Incidents.tsx	163	
_TABS	array	hse	false		src/components/sections/HSE/Incidents.tsx	181	
INCIDENT_TYPES	array	hse	false		src/components/sections/HSE/Incidents.tsx	187	
SEVERITIES	variable	hse	false	component	src/components/sections/HSE/Incidents.tsx	190	
OSH_CLASSES	array	hse	false		src/components/sections/HSE/Incidents.tsx	192	
BODY_PARTS	array	hse	false		src/components/sections/HSE/Incidents.tsx	204	
INJURY_TYPES	array	hse	false		src/components/sections/HSE/Incidents.tsx	211	
SEVERITY_META	object	hse	false		src/components/sections/HSE/Incidents.tsx	219	
TYPE_ICONS	object	hse	false		src/components/sections/HSE/Incidents.tsx	226	
daysOpen	function	hse	false		src/components/sections/HSE/Incidents.tsx	238	
OWQFilter	type	hse	false		src/components/sections/HSE/Incidents.tsx	246	
OWQPanel	function	hse	true	component	src/components/sections/HSE/Incidents.tsx	248	
OWQItem	interface	hse	false		src/components/sections/HSE/Incidents.tsx	256	OWQPanel
_InvestigationPipeline	function	hse	false		src/components/sections/HSE/Incidents.tsx	425	
ReorderStrip	function	hse	false	component	src/components/sections/HSE/Incidents.tsx	459	
IncidentControlStrip	function	hse	false	component	src/components/sections/HSE/Incidents.tsx	491	
_CapaHealthCard	function	hse	false	ui-tile	src/components/sections/HSE/Incidents.tsx	900	
IncidentsArea	function	hse	true	component	src/components/sections/HSE/Incidents.tsx	966	
handleReportSubmit	function	hse	false		src/components/sections/HSE/Incidents.tsx	999	IncidentsArea
_nextStep	function	hse	false		src/components/sections/HSE/Incidents.tsx	1188	
RegisterTab	function	hse	false	component	src/components/sections/HSE/Incidents.tsx	1198	
AuditEntry	interface	hse	false		src/components/sections/HSE/Incidents.tsx	1389	
auditTs	function	hse	false		src/components/sections/HSE/Incidents.tsx	1395	
buildAuditTrail	function	hse	false		src/components/sections/HSE/Incidents.tsx	1401	
ts	function	hse	false		src/components/sections/HSE/Incidents.tsx	1403	buildAuditTrail
_matchSev	function	hse	false		src/components/sections/HSE/Incidents.tsx	1446	
_priorityClass	function	hse	false		src/components/sections/HSE/Incidents.tsx	1453	
_priorityLabel	function	hse	false		src/components/sections/HSE/Incidents.tsx	1459	
incidentPill	function	hse	false		src/components/sections/HSE/Incidents.tsx	1465	
HSE_AREAS	array	hse	false		src/components/sections/HSE/Incidents.tsx	1472	
HSE_SHIFTS	array	hse	false		src/components/sections/HSE/Incidents.tsx	1473	
SPILL_TYPES	array	hse	false		src/components/sections/HSE/Incidents.tsx	1474	
SPILL_MEDIA	array	hse	false		src/components/sections/HSE/Incidents.tsx	1475	
ReportPayload	interface	hse	false		src/components/sections/HSE/Incidents.tsx	1477	
WIZARD_STEPS	variable	hse	false	component	src/components/sections/HSE/Incidents.tsx	1486	
IncidentReportWizard	function	hse	false	component	src/components/sections/HSE/Incidents.tsx	1495	
addPerson	function	hse	false		src/components/sections/HSE/Incidents.tsx	1582	IncidentReportWizard
removePerson	function	hse	false		src/components/sections/HSE/Incidents.tsx	1583	IncidentReportWizard
updatePerson	function	hse	false		src/components/sections/HSE/Incidents.tsx	1584	IncidentReportWizard
addWitness	function	hse	false		src/components/sections/HSE/Incidents.tsx	1587	IncidentReportWizard
removeWitness	function	hse	false		src/components/sections/HSE/Incidents.tsx	1588	IncidentReportWizard
updateWitness	function	hse	false		src/components/sections/HSE/Incidents.tsx	1589	IncidentReportWizard
validateStep	function	hse	false		src/components/sections/HSE/Incidents.tsx	1593	IncidentReportWizard
next	function	hse	false		src/components/sections/HSE/Incidents.tsx	1608	IncidentReportWizard
back	function	hse	false		src/components/sections/HSE/Incidents.tsx	1614	IncidentReportWizard
submit	function	hse	false		src/components/sections/HSE/Incidents.tsx	1616	IncidentReportWizard
YNToggle	function	hse	false	component	src/components/sections/HSE/Incidents.tsx	1644	IncidentReportWizard
stepContent	function	hse	false		src/components/sections/HSE/Incidents.tsx	1654	IncidentReportWizard
sideContent	function	hse	false		src/components/sections/HSE/Incidents.tsx	2092	IncidentReportWizard
INV_STAGES	variable	hse	false	component	src/components/sections/HSE/Incidents.tsx	2388	
RCA_CATEGORIES	variable	hse	false	component	src/components/sections/HSE/Incidents.tsx	2398	
INV_TABS	variable	hse	false	component	src/components/sections/HSE/Incidents.tsx	2404	
InvestigationsTab	function	hse	false	component	src/components/sections/HSE/Incidents.tsx	2406	
openInv	function	hse	false		src/components/sections/HSE/Incidents.tsx	2418	InvestigationsTab
saveWhys	function	hse	false		src/components/sections/HSE/Incidents.tsx	2429	InvestigationsTab
CapaTab	function	hse	false	component	src/components/sections/HSE/Incidents.tsx	2821	
priLabel	function	hse	false		src/components/sections/HSE/Incidents.tsx	2979	
CAPA_STEPS	variable	hse	false	component	src/components/sections/HSE/Incidents.tsx	2985	
CapaStep	type	hse	false		src/components/sections/HSE/Incidents.tsx	2986	
CreateCapaModal	function	hse	false	component	src/components/sections/HSE/Incidents.tsx	2988	
toggleEvidence	function	hse	false		src/components/sections/HSE/Incidents.tsx	3013	CreateCapaModal
canAdvance	function	hse	false		src/components/sections/HSE/Incidents.tsx	3017	CreateCapaModal
handleClose	function	hse	false		src/components/sections/HSE/Incidents.tsx	3023	CreateCapaModal
submit	function	hse	false		src/components/sections/HSE/Incidents.tsx	3031	CreateCapaModal
applySlaDue	function	hse	false		src/components/sections/HSE/Incidents.tsx	3057	CreateCapaModal
CapaVerifyModal	function	hse	false	component	src/components/sections/HSE/Incidents.tsx	3253	
submit	function	hse	false		src/components/sections/HSE/Incidents.tsx	3262	CapaVerifyModal
DrawerTab	type	hse	false		src/components/sections/HSE/Incidents.tsx	3294	
DRAWER_TABS	array	hse	false		src/components/sections/HSE/Incidents.tsx	3296	
PERSON_TYPE_ICON	object	hse	false		src/components/sections/HSE/Incidents.tsx	3305	
PERSON_TYPE_COLOR	object	hse	false		src/components/sections/HSE/Incidents.tsx	3314	
EVIDENCE_TYPE_ICON	object	hse	false		src/components/sections/HSE/Incidents.tsx	3323	
EVENT_TYPE_LABEL	object	hse	false		src/components/sections/HSE/Incidents.tsx	3332	
DrawerTabBar	function	hse	false	component	src/components/sections/HSE/Incidents.tsx	3341	
IncidentDrawer	function	hse	false	component	src/components/sections/HSE/Incidents.tsx	3358	
markOshVerbal	function	hse	false		src/components/sections/HSE/Incidents.tsx	3378	IncidentDrawer
renderOverview	function	hse	false		src/components/sections/HSE/Incidents.tsx	3387	IncidentDrawer
_renderPeople	function	hse	false		src/components/sections/HSE/Incidents.tsx	3497	IncidentDrawer
renderEvidence	function	hse	false		src/components/sections/HSE/Incidents.tsx	3535	IncidentDrawer
renderInvestigation	function	hse	false		src/components/sections/HSE/Incidents.tsx	3568	IncidentDrawer
renderCapa	function	hse	false		src/components/sections/HSE/Incidents.tsx	3650	IncidentDrawer
renderWorkflow	function	hse	false		src/components/sections/HSE/Incidents.tsx	3690	IncidentDrawer
renderTimeline	function	hse	false		src/components/sections/HSE/Incidents.tsx	3764	IncidentDrawer
_FormSection	function	hse	false		src/components/sections/HSE/Incidents.tsx	3866	
TABS	array	hse	false		src/components/sections/HSE/Inspections.tsx	28	
INSP_TYPES	variable	hse	false	component	src/components/sections/HSE/Inspections.tsx	33	
TYPE_ICONS	object	hse	false		src/components/sections/HSE/Inspections.tsx	34	
titleCase	function	hse	false		src/components/sections/HSE/Inspections.tsx	40	
fmtDate	function	hse	false		src/components/sections/HSE/Inspections.tsx	41	
SEV_PILL	object	hse	false		src/components/sections/HSE/Inspections.tsx	43	
severityPill	function	hse	false		src/components/sections/HSE/Inspections.tsx	44	
isOverdue	function	hse	false		src/components/sections/HSE/Inspections.tsx	47	
Signal	function	hse	false	component	src/components/sections/HSE/Inspections.tsx	51	
ScheduleRail	function	hse	false	component	src/components/sections/HSE/Inspections.tsx	63	
FindingsRail	function	hse	false	component	src/components/sections/HSE/Inspections.tsx	84	
Spark	function	hse	false	component	src/components/sections/HSE/Inspections.tsx	107	
InspectionsArea	function	hse	true	component	src/components/sections/HSE/Inspections.tsx	119	
ScheduleInspectionDialog	function	hse	false	component	src/components/sections/HSE/Inspections.tsx	279	
reset	function	hse	false		src/components/sections/HSE/Inspections.tsx	296	ScheduleInspectionDialog
submit	function	hse	false		src/components/sections/HSE/Inspections.tsx	298	ScheduleInspectionDialog
TabKey	type	hse	false		src/components/sections/HSE/inspections/FindingDetailDrawer.tsx	16	
TABS	array	hse	false		src/components/sections/HSE/inspections/FindingDetailDrawer.tsx	17	
fmt	function	hse	false		src/components/sections/HSE/inspections/FindingDetailDrawer.tsx	24	
FindingDetailDrawer	function	hse	true	component	src/components/sections/HSE/inspections/FindingDetailDrawer.tsx	26	
TabKey	type	hse	false		src/components/sections/HSE/inspections/InspectionDetailDrawer.tsx	19	
TABS	array	hse	false		src/components/sections/HSE/inspections/InspectionDetailDrawer.tsx	20	
fmt	function	hse	false		src/components/sections/HSE/inspections/InspectionDetailDrawer.tsx	28	
RESP_LABEL	object	hse	false		src/components/sections/HSE/inspections/InspectionDetailDrawer.tsx	29	
RESP_PILL	object	hse	false		src/components/sections/HSE/inspections/InspectionDetailDrawer.tsx	30	
ChecklistRow	function	hse	false	component	src/components/sections/HSE/inspections/InspectionDetailDrawer.tsx	33	
choiceBtns	function	hse	false		src/components/sections/HSE/inspections/InspectionDetailDrawer.tsx	41	ChecklistRow
InspectionDetailDrawer	function	hse	true	component	src/components/sections/HSE/inspections/InspectionDetailDrawer.tsx	83	
respFor	function	hse	false		src/components/sections/HSE/inspections/InspectionDetailDrawer.tsx	99	InspectionDetailDrawer
act	function	hse	false		src/components/sections/HSE/inspections/InspectionDetailDrawer.tsx	103	InspectionDetailDrawer
SEVERITIES	array	hse	false		src/components/sections/HSE/inspections/InspectionDialogs.tsx	19	
titleCase	function	hse	false		src/components/sections/HSE/inspections/InspectionDialogs.tsx	20	
RecordFindingDialog	function	hse	true	component	src/components/sections/HSE/inspections/InspectionDialogs.tsx	23	
reset	function	hse	false		src/components/sections/HSE/inspections/InspectionDialogs.tsx	34	RecordFindingDialog
submit	function	hse	false		src/components/sections/HSE/inspections/InspectionDialogs.tsx	35	RecordFindingDialog
AssignActionDialog	function	hse	true	component	src/components/sections/HSE/inspections/InspectionDialogs.tsx	61	
reset	function	hse	false		src/components/sections/HSE/inspections/InspectionDialogs.tsx	68	AssignActionDialog
submit	function	hse	false		src/components/sections/HSE/inspections/InspectionDialogs.tsx	69	AssignActionDialog
CloseInspectionDialog	function	hse	true	component	src/components/sections/HSE/inspections/InspectionDialogs.tsx	88	
submit	function	hse	false		src/components/sections/HSE/inspections/InspectionDialogs.tsx	97	CloseInspectionDialog
CloseFindingDialog	function	hse	true	component	src/components/sections/HSE/inspections/InspectionDialogs.tsx	121	
submit	function	hse	false		src/components/sections/HSE/inspections/InspectionDialogs.tsx	124	CloseFindingDialog
RescheduleDialog	function	hse	true	component	src/components/sections/HSE/inspections/InspectionDialogs.tsx	136	
submit	function	hse	false		src/components/sections/HSE/inspections/InspectionDialogs.tsx	140	RescheduleDialog
DraftItem	interface	hse	false		src/components/sections/HSE/inspections/InspectionDialogs.tsx	157	
TemplateBuilderDialog	function	hse	true	component	src/components/sections/HSE/inspections/InspectionDialogs.tsx	159	
setItem	function	hse	false		src/components/sections/HSE/inspections/InspectionDialogs.tsx	165	TemplateBuilderDialog
addItem	function	hse	false		src/components/sections/HSE/inspections/InspectionDialogs.tsx	166	TemplateBuilderDialog
removeItem	function	hse	false		src/components/sections/HSE/inspections/InspectionDialogs.tsx	167	TemplateBuilderDialog
reset	function	hse	false		src/components/sections/HSE/inspections/InspectionDialogs.tsx	168	TemplateBuilderDialog
submit	function	hse	false		src/components/sections/HSE/inspections/InspectionDialogs.tsx	170	TemplateBuilderDialog
MONTH_ABBR	array	hse	false		src/components/sections/HSE/inspections/InspectionInsightCards.tsx	17	
PALETTE	array	hse	false		src/components/sections/HSE/inspections/InspectionInsightCards.tsx	18	
SEV_COLOR	object	hse	false		src/components/sections/HSE/inspections/InspectionInsightCards.tsx	19	
titleCase	function	hse	false		src/components/sections/HSE/inspections/InspectionInsightCards.tsx	20	
isOverdue	function	hse	false		src/components/sections/HSE/inspections/InspectionInsightCards.tsx	21	
tally	function	hse	false		src/components/sections/HSE/inspections/InspectionInsightCards.tsx	23	
monthlyTrend	function	hse	false		src/components/sections/HSE/inspections/InspectionInsightCards.tsx	28	
lastSixMonthLabels	function	hse	false		src/components/sections/HSE/inspections/InspectionInsightCards.tsx	39	
StatDonut	function	hse	false	component	src/components/sections/HSE/inspections/InspectionInsightCards.tsx	46	
StatBars	function	hse	false	component	src/components/sections/HSE/inspections/InspectionInsightCards.tsx	85	
StatGauge	function	hse	false	component	src/components/sections/HSE/inspections/InspectionInsightCards.tsx	103	
StatColumns	function	hse	false	component	src/components/sections/HSE/inspections/InspectionInsightCards.tsx	124	
StatTiles	function	hse	false	component,ui-tile	src/components/sections/HSE/inspections/InspectionInsightCards.tsx	143	
InspectionInsightCards	function	hse	true	component,ui-tile	src/components/sections/HSE/inspections/InspectionInsightCards.tsx	158	
UserOption	interface	hse	true		src/components/sections/HSE/inspections/useEmployeeOptions.ts	9	
empLabel	function	hse	false		src/components/sections/HSE/inspections/useEmployeeOptions.ts	11	
useEmployeeOptions	function	hse	true	hook	src/components/sections/HSE/inspections/useEmployeeOptions.ts	14	
ObligationRow	interface	hse	false		src/components/sections/HSE/LegalCompliance.tsx	16	
mockObligations	array	hse	false		src/components/sections/HSE/LegalCompliance.tsx	27	
EmaPermitRow	interface	hse	false		src/components/sections/HSE/LegalCompliance.tsx	38	
mockEmaPermits	array	hse	false		src/components/sections/HSE/LegalCompliance.tsx	49	
BreachRow	interface	hse	false		src/components/sections/HSE/LegalCompliance.tsx	57	
mockBreaches	array	hse	false		src/components/sections/HSE/LegalCompliance.tsx	68	
CalendarEvent	interface	hse	false		src/components/sections/HSE/LegalCompliance.tsx	74	
mockCalendar	array	hse	false		src/components/sections/HSE/LegalCompliance.tsx	83	
TABS	array	hse	false		src/components/sections/HSE/LegalCompliance.tsx	94	
ObligationsTab	function	hse	false	component	src/components/sections/HSE/LegalCompliance.tsx	101	
EmaPermitsTab	function	hse	false	component	src/components/sections/HSE/LegalCompliance.tsx	178	
BreachesTab	function	hse	false	component	src/components/sections/HSE/LegalCompliance.tsx	272	
CalendarTab	function	hse	false	component	src/components/sections/HSE/LegalCompliance.tsx	330	
LegalComplianceArea	function	hse	true	component	src/components/sections/HSE/LegalCompliance.tsx	364	
HSE_ROOT_ID	variable	hse	false		src/components/sections/HSE/module.ts	16	
HSE_VIS_NAMESPACE	variable	hse	false		src/components/sections/HSE/module.ts	22	
HSE_DASHBOARD_ID	variable	hse	false		src/components/sections/HSE/module.ts	24	
DASHBOARD_ITEM	object	hse	false		src/components/sections/HSE/module.ts	28	
AREA_ITEMS	variable	hse	false		src/components/sections/HSE/module.ts	35	
PPE_PARENT_ITEM	object	hse	false		src/components/sections/HSE/module.ts	40	
PPE_CHILD_ITEMS	variable	hse	false		src/components/sections/HSE/module.ts	43	
hseModule	object	hse	true		src/components/sections/HSE/module.ts	47	
mountHSESection	function	hse	true		src/components/sections/HSE/mount.ts	10	
unmountHSESection	function	hse	true		src/components/sections/HSE/mount.ts	22	
PPE_VIS_NAMESPACE	variable	hse	true		src/components/sections/HSE/nav.ts	15	
PPE_PARENT_ID	variable	hse	true		src/components/sections/HSE/nav.ts	18	
PpeNavItem	interface	hse	true		src/components/sections/HSE/nav.ts	20	
PPE_NAV_ITEMS	array	hse	true		src/components/sections/HSE/nav.ts	33	
ppeTabForSection	function	hse	true		src/components/sections/HSE/nav.ts	50	
HseSubItem	interface	hse	true		src/components/sections/HSE/nav.ts	61	
HseArea	interface	hse	true		src/components/sections/HSE/nav.ts	70	
sub	function	hse	false		src/components/sections/HSE/nav.ts	87	
HSE_AREAS	array	hse	true		src/components/sections/HSE/nav.ts	90	
sectionToArea	function	hse	true		src/components/sections/HSE/nav.ts	197	
TABS	array	hse	false		src/components/sections/HSE/Permits.tsx	37	
DRAWER_MANAGED_TABS	array	hse	false		src/components/sections/HSE/Permits.tsx	47	
fmtDt	function	hse	false		src/components/sections/HSE/Permits.tsx	52	
STATUS_COLORS	object	hse	false		src/components/sections/HSE/Permits.tsx	61	
statusPill	function	hse	false		src/components/sections/HSE/Permits.tsx	80	
RISK_COLORS	object	hse	false		src/components/sections/HSE/Permits.tsx	86	
riskPill	function	hse	false	ui-tile	src/components/sections/HSE/Permits.tsx	94	
TYPE_ICON	object	hse	false		src/components/sections/HSE/Permits.tsx	101	
typeIcon	function	hse	false		src/components/sections/HSE/Permits.tsx	114	
PermitsTab	function	hse	false	component	src/components/sections/HSE/Permits.tsx	120	
DrawerPointerTab	function	hse	false	component	src/components/sections/HSE/Permits.tsx	252	
TemplatesTab	function	hse	false	component	src/components/sections/HSE/Permits.tsx	268	
riskPillTemplate	function	hse	false	ui-tile	src/components/sections/HSE/Permits.tsx	276	TemplatesTab
checkIcon	function	hse	false		src/components/sections/HSE/Permits.tsx	280	TemplatesTab
PtwSparkRow	function	hse	false	component	src/components/sections/HSE/Permits.tsx	408	
PermitsArea	function	hse	true	component	src/components/sections/HSE/Permits.tsx	446	
PpeTab	type	hse	false		src/components/sections/HSE/PPEManager.tsx	24	
SectionHead	function	hse	false	component	src/components/sections/HSE/PPEManager.tsx	31	
MiniCard	function	hse	false	component,ui-tile	src/components/sections/HSE/PPEManager.tsx	45	
Record	function	hse	false	component	src/components/sections/HSE/PPEManager.tsx	55	
DashboardTab	function	hse	false	component	src/components/sections/HSE/PPEManager.tsx	69	
required	function	hse	false		src/components/sections/HSE/PPEManager.tsx	71	DashboardTab
InventoryTab	function	hse	false	component	src/components/sections/HSE/PPEManager.tsx	147	
PPE_ZONES	array	hse	false		src/components/sections/HSE/PPEManager.tsx	187	
AssignTab	function	hse	false	component	src/components/sections/HSE/PPEManager.tsx	197	
toggleZone	function	hse	false		src/components/sections/HSE/PPEManager.tsx	206	AssignTab
handleAssign	function	hse	false		src/components/sections/HSE/PPEManager.tsx	216	AssignTab
EmployeesTab	function	hse	false	component	src/components/sections/HSE/PPEManager.tsx	303	
required	function	hse	false		src/components/sections/HSE/PPEManager.tsx	304	EmployeesTab
assigned	function	hse	false		src/components/sections/HSE/PPEManager.tsx	305	EmployeesTab
RenewalsTab	function	hse	false	component	src/components/sections/HSE/PPEManager.tsx	342	
ReturnsTab	function	hse	false	component	src/components/sections/HSE/PPEManager.tsx	382	
RequestsTab	function	hse	false	component	src/components/sections/HSE/PPEManager.tsx	413	
handleSubmit	function	hse	false		src/components/sections/HSE/PPEManager.tsx	427	RequestsTab
InspectionsTab	function	hse	false	component	src/components/sections/HSE/PPEManager.tsx	509	
FitTestingTab	function	hse	false	component	src/components/sections/HSE/PPEManager.tsx	545	
ProcurementTab	function	hse	false	component	src/components/sections/HSE/PPEManager.tsx	579	
KitsTab	function	hse	false	component	src/components/sections/HSE/PPEManager.tsx	616	
MatrixTab	function	hse	false	component	src/components/sections/HSE/PPEManager.tsx	665	
has	function	hse	false		src/components/sections/HSE/PPEManager.tsx	666	MatrixTab
ReportsTab	function	hse	false	component	src/components/sections/HSE/PPEManager.tsx	710	
SettingsTab	function	hse	false	component	src/components/sections/HSE/PPEManager.tsx	745	
PPE_TAB_BODIES	object	hse	true		src/components/sections/HSE/PPEManager.tsx	776	
PpeBody	function	hse	true	component	src/components/sections/HSE/PPEManager.tsx	794	
CustomHazard	interface	hse	true		src/components/sections/HSE/ptw/dialogs/CustomHazardDialog.tsx	25	
CATEGORY_OPTIONS	array	hse	false		src/components/sections/HSE/ptw/dialogs/CustomHazardDialog.tsx	39	
RISK_LEVEL_OPTIONS	array	hse	false		src/components/sections/HSE/ptw/dialogs/CustomHazardDialog.tsx	57	
EMPTY	object	hse	false		src/components/sections/HSE/ptw/dialogs/CustomHazardDialog.tsx	65	
TogglePill	function	hse	false	component	src/components/sections/HSE/ptw/dialogs/CustomHazardDialog.tsx	79	
CustomHazardDialog	function	hse	true	component	src/components/sections/HSE/ptw/dialogs/CustomHazardDialog.tsx	105	
patch	function	hse	false		src/components/sections/HSE/ptw/dialogs/CustomHazardDialog.tsx	118	CustomHazardDialog
validate	function	hse	false		src/components/sections/HSE/ptw/dialogs/CustomHazardDialog.tsx	122	CustomHazardDialog
handleAdd	function	hse	false		src/components/sections/HSE/ptw/dialogs/CustomHazardDialog.tsx	132	CustomHazardDialog
handleClose	function	hse	false		src/components/sections/HSE/ptw/dialogs/CustomHazardDialog.tsx	155	CustomHazardDialog
WIZARD_STEPS	variable	hse	false	component	src/components/sections/HSE/ptw/dialogs/NewPermitWizard.tsx	40	
SITE_OPTIONS	variable	hse	false	component	src/components/sections/HSE/ptw/dialogs/NewPermitWizard.tsx	50	
RISK_LEVEL_OPTIONS	array	hse	false		src/components/sections/HSE/ptw/dialogs/NewPermitWizard.tsx	52	
ISO_TYPE_OPTIONS	array	hse	false		src/components/sections/HSE/ptw/dialogs/NewPermitWizard.tsx	60	
HazardFilter	type	hse	false		src/components/sections/HSE/ptw/dialogs/NewPermitWizard.tsx	74	
SelectedHazard	interface	hse	false		src/components/sections/HSE/ptw/dialogs/NewPermitWizard.tsx	78	
IsolationEntry	interface	hse	false		src/components/sections/HSE/ptw/dialogs/NewPermitWizard.tsx	93	
chip	function	hse	false		src/components/sections/HSE/ptw/dialogs/NewPermitWizard.tsx	101	
riskColor	function	hse	false		src/components/sections/HSE/ptw/dialogs/NewPermitWizard.tsx	120	
TypeCard	function	hse	false	component,ui-tile	src/components/sections/HSE/ptw/dialogs/NewPermitWizard.tsx	130	
SearchField	function	hse	false	component	src/components/sections/HSE/ptw/dialogs/NewPermitWizard.tsx	197	
onClick	function	hse	false		src/components/sections/HSE/ptw/dialogs/NewPermitWizard.tsx	212	SearchField
HazardCard	function	hse	false	component,ui-tile	src/components/sections/HSE/ptw/dialogs/NewPermitWizard.tsx	295	
CustomHazardCard	function	hse	false	component,ui-tile	src/components/sections/HSE/ptw/dialogs/NewPermitWizard.tsx	462	
IsolationRow	function	hse	false	component	src/components/sections/HSE/ptw/dialogs/NewPermitWizard.tsx	509	
NewPermitWizard	function	hse	true	component	src/components/sections/HSE/ptw/dialogs/NewPermitWizard.tsx	547	
toggleHazard	function	hse	false		src/components/sections/HSE/ptw/dialogs/NewPermitWizard.tsx	626	NewPermitWizard
setNAReason	function	hse	false		src/components/sections/HSE/ptw/dialogs/NewPermitWizard.tsx	648	NewPermitWizard
addCustomHazard	function	hse	false		src/components/sections/HSE/ptw/dialogs/NewPermitWizard.tsx	665	NewPermitWizard
removeCustomHazard	function	hse	false		src/components/sections/HSE/ptw/dialogs/NewPermitWizard.tsx	686	NewPermitWizard
addIsolation	function	hse	false		src/components/sections/HSE/ptw/dialogs/NewPermitWizard.tsx	695	NewPermitWizard
patchIsolation	function	hse	false		src/components/sections/HSE/ptw/dialogs/NewPermitWizard.tsx	698	NewPermitWizard
removeIsolation	function	hse	false		src/components/sections/HSE/ptw/dialogs/NewPermitWizard.tsx	701	NewPermitWizard
canAdvance	function	hse	false		src/components/sections/HSE/ptw/dialogs/NewPermitWizard.tsx	706	NewPermitWizard
getSubmitBlockers	function	hse	false		src/components/sections/HSE/ptw/dialogs/NewPermitWizard.tsx	723	NewPermitWizard
buildPayload	function	hse	false		src/components/sections/HSE/ptw/dialogs/NewPermitWizard.tsx	753	NewPermitWizard
handleSaveDraft	function	hse	false		src/components/sections/HSE/ptw/dialogs/NewPermitWizard.tsx	794	NewPermitWizard
handleSubmit	function	hse	false		src/components/sections/HSE/ptw/dialogs/NewPermitWizard.tsx	806	NewPermitWizard
reset	function	hse	false		src/components/sections/HSE/ptw/dialogs/NewPermitWizard.tsx	822	NewPermitWizard
handleClose	function	hse	false		src/components/sections/HSE/ptw/dialogs/NewPermitWizard.tsx	834	NewPermitWizard
DialogError	function	hse	false	component	src/components/sections/HSE/ptw/dialogs/PermitLifecycleDialogs.tsx	20	
ApprovePermitDialogProps	interface	hse	true		src/components/sections/HSE/ptw/dialogs/PermitLifecycleDialogs.tsx	30	
ApprovePermitDialog	function	hse	true	component	src/components/sections/HSE/ptw/dialogs/PermitLifecycleDialogs.tsx	37	
handleClose	function	hse	false		src/components/sections/HSE/ptw/dialogs/PermitLifecycleDialogs.tsx	42	ApprovePermitDialog
handleSubmit	function	hse	false		src/components/sections/HSE/ptw/dialogs/PermitLifecycleDialogs.tsx	44	ApprovePermitDialog
RejectPermitDialogProps	interface	hse	true		src/components/sections/HSE/ptw/dialogs/PermitLifecycleDialogs.tsx	70	
RejectPermitDialog	function	hse	true	component	src/components/sections/HSE/ptw/dialogs/PermitLifecycleDialogs.tsx	77	
handleClose	function	hse	false		src/components/sections/HSE/ptw/dialogs/PermitLifecycleDialogs.tsx	82	RejectPermitDialog
handleSubmit	function	hse	false		src/components/sections/HSE/ptw/dialogs/PermitLifecycleDialogs.tsx	84	RejectPermitDialog
RequestChangesDialogProps	interface	hse	true		src/components/sections/HSE/ptw/dialogs/PermitLifecycleDialogs.tsx	111	
RequestChangesDialog	function	hse	true	component	src/components/sections/HSE/ptw/dialogs/PermitLifecycleDialogs.tsx	118	
handleClose	function	hse	false		src/components/sections/HSE/ptw/dialogs/PermitLifecycleDialogs.tsx	123	RequestChangesDialog
handleSubmit	function	hse	false		src/components/sections/HSE/ptw/dialogs/PermitLifecycleDialogs.tsx	125	RequestChangesDialog
MissingReq	interface	hse	false		src/components/sections/HSE/ptw/dialogs/PermitLifecycleDialogs.tsx	153	
ActivatePermitDialogProps	interface	hse	true		src/components/sections/HSE/ptw/dialogs/PermitLifecycleDialogs.tsx	155	
ActivatePermitDialog	function	hse	true	component	src/components/sections/HSE/ptw/dialogs/PermitLifecycleDialogs.tsx	162	
handleClose	function	hse	false		src/components/sections/HSE/ptw/dialogs/PermitLifecycleDialogs.tsx	169	ActivatePermitDialog
handleSubmit	function	hse	false		src/components/sections/HSE/ptw/dialogs/PermitLifecycleDialogs.tsx	171	ActivatePermitDialog
SuspendPermitDialogProps	interface	hse	true		src/components/sections/HSE/ptw/dialogs/PermitLifecycleDialogs.tsx	261	
SuspendPermitDialog	function	hse	true	component	src/components/sections/HSE/ptw/dialogs/PermitLifecycleDialogs.tsx	268	
handleClose	function	hse	false		src/components/sections/HSE/ptw/dialogs/PermitLifecycleDialogs.tsx	273	SuspendPermitDialog
handleSubmit	function	hse	false		src/components/sections/HSE/ptw/dialogs/PermitLifecycleDialogs.tsx	275	SuspendPermitDialog
RevalidateDialogProps	interface	hse	true		src/components/sections/HSE/ptw/dialogs/PermitLifecycleDialogs.tsx	302	
RevalidateDialog	function	hse	true	component	src/components/sections/HSE/ptw/dialogs/PermitLifecycleDialogs.tsx	309	
handleClose	function	hse	false		src/components/sections/HSE/ptw/dialogs/PermitLifecycleDialogs.tsx	314	RevalidateDialog
handleSubmit	function	hse	false		src/components/sections/HSE/ptw/dialogs/PermitLifecycleDialogs.tsx	316	RevalidateDialog
ExtensionRequestDialogProps	interface	hse	true		src/components/sections/HSE/ptw/dialogs/PermitLifecycleDialogs.tsx	346	
ExtensionRequestDialog	function	hse	true	component	src/components/sections/HSE/ptw/dialogs/PermitLifecycleDialogs.tsx	354	
handleClose	function	hse	false		src/components/sections/HSE/ptw/dialogs/PermitLifecycleDialogs.tsx	360	ExtensionRequestDialog
handleSubmit	function	hse	false		src/components/sections/HSE/ptw/dialogs/PermitLifecycleDialogs.tsx	362	ExtensionRequestDialog
CloseoutDialogProps	interface	hse	true		src/components/sections/HSE/ptw/dialogs/PermitLifecycleDialogs.tsx	398	
CloseoutDialog	function	hse	true	component	src/components/sections/HSE/ptw/dialogs/PermitLifecycleDialogs.tsx	405	
handleClose	function	hse	false		src/components/sections/HSE/ptw/dialogs/PermitLifecycleDialogs.tsx	416	CloseoutDialog
handleSubmit	function	hse	false		src/components/sections/HSE/ptw/dialogs/PermitLifecycleDialogs.tsx	422	CloseoutDialog
checkItem	function	hse	false		src/components/sections/HSE/ptw/dialogs/PermitLifecycleDialogs.tsx	434	CloseoutDialog
CancelPermitDialogProps	interface	hse	true		src/components/sections/HSE/ptw/dialogs/PermitLifecycleDialogs.tsx	466	
CancelPermitDialog	function	hse	true	component	src/components/sections/HSE/ptw/dialogs/PermitLifecycleDialogs.tsx	473	
handleClose	function	hse	false		src/components/sections/HSE/ptw/dialogs/PermitLifecycleDialogs.tsx	478	CancelPermitDialog
handleSubmit	function	hse	false		src/components/sections/HSE/ptw/dialogs/PermitLifecycleDialogs.tsx	480	CancelPermitDialog
DialogError	function	hse	false	component	src/components/sections/HSE/ptw/dialogs/PermitTemplateDialog.tsx	24	
listToText	function	hse	false		src/components/sections/HSE/ptw/dialogs/PermitTemplateDialog.tsx	33	
ToggleField	function	hse	false	component	src/components/sections/HSE/ptw/dialogs/PermitTemplateDialog.tsx	46	
PermitTemplateDialogProps	interface	hse	true		src/components/sections/HSE/ptw/dialogs/PermitTemplateDialog.tsx	62	
PermitTemplateDialog	function	hse	true	component	src/components/sections/HSE/ptw/dialogs/PermitTemplateDialog.tsx	69	
handleClose	function	hse	false		src/components/sections/HSE/ptw/dialogs/PermitTemplateDialog.tsx	113	PermitTemplateDialog
handleSubmit	function	hse	false		src/components/sections/HSE/ptw/dialogs/PermitTemplateDialog.tsx	118	PermitTemplateDialog
DrawerTabKey	type	hse	false		src/components/sections/HSE/ptw/PermitDetailDrawer.tsx	48	
DRAWER_TABS	array	hse	false		src/components/sections/HSE/ptw/PermitDetailDrawer.tsx	50	
OpenDlg	type	hse	false		src/components/sections/HSE/ptw/PermitDetailDrawer.tsx	61	
fmtDt	function	hse	false		src/components/sections/HSE/ptw/PermitDetailDrawer.tsx	65	
fmtDate	function	hse	false		src/components/sections/HSE/ptw/PermitDetailDrawer.tsx	73	
remainingTime	function	hse	false		src/components/sections/HSE/ptw/PermitDetailDrawer.tsx	79	
riskPill	function	hse	false	ui-tile	src/components/sections/HSE/ptw/PermitDetailDrawer.tsx	91	
EmptyState	function	hse	false	component	src/components/sections/HSE/ptw/PermitDetailDrawer.tsx	101	
TabActionError	function	hse	false	component	src/components/sections/HSE/ptw/PermitDetailDrawer.tsx	109	
ActionButtons	function	hse	false	component	src/components/sections/HSE/ptw/PermitDetailDrawer.tsx	119	
OverviewTab	function	hse	false	component	src/components/sections/HSE/ptw/PermitDetailDrawer.tsx	186	
str	function	hse	false		src/components/sections/HSE/ptw/PermitDetailDrawer.tsx	187	OverviewTab
HazardsTab	function	hse	false	component	src/components/sections/HSE/ptw/PermitDetailDrawer.tsx	215	
IsolationsTab	function	hse	false	component	src/components/sections/HSE/ptw/PermitDetailDrawer.tsx	250	
handleAdd	function	hse	false		src/components/sections/HSE/ptw/PermitDetailDrawer.tsx	264	IsolationsTab
doAction	function	hse	false		src/components/sections/HSE/ptw/PermitDetailDrawer.tsx	274	IsolationsTab
statusColor	function	hse	false		src/components/sections/HSE/ptw/PermitDetailDrawer.tsx	279	IsolationsTab
SimopsTab	function	hse	false	component	src/components/sections/HSE/ptw/PermitDetailDrawer.tsx	354	
runCheck	function	hse	false		src/components/sections/HSE/ptw/PermitDetailDrawer.tsx	363	SimopsTab
doAction	function	hse	false		src/components/sections/HSE/ptw/PermitDetailDrawer.tsx	369	SimopsTab
statusColor	function	hse	false		src/components/sections/HSE/ptw/PermitDetailDrawer.tsx	374	SimopsTab
ApprovalsTab	function	hse	false	component	src/components/sections/HSE/ptw/PermitDetailDrawer.tsx	421	
doDecide	function	hse	false		src/components/sections/HSE/ptw/PermitDetailDrawer.tsx	431	ApprovalsTab
statusColor	function	hse	false		src/components/sections/HSE/ptw/PermitDetailDrawer.tsx	440	ApprovalsTab
TimelineTab	function	hse	false	component	src/components/sections/HSE/ptw/PermitDetailDrawer.tsx	507	
PermitDetailDrawerProps	interface	hse	true		src/components/sections/HSE/ptw/PermitDetailDrawer.tsx	533	
PermitDetailDrawer	function	hse	true	component	src/components/sections/HSE/ptw/PermitDetailDrawer.tsx	539	
closeDialog	function	hse	false		src/components/sections/HSE/ptw/PermitDetailDrawer.tsx	569	PermitDetailDrawer
doAction	function	hse	false		src/components/sections/HSE/ptw/PermitDetailDrawer.tsx	574	PermitDetailDrawer
HazardCategory	type	hse	true		src/components/sections/HSE/ptw/ptwHazardProfiles.ts	11	
CatalogHazard	interface	hse	true		src/components/sections/HSE/ptw/ptwHazardProfiles.ts	28	
HazardProfile	interface	hse	true		src/components/sections/HSE/ptw/ptwHazardProfiles.ts	36	
HOT_WORK	object	hse	false		src/components/sections/HSE/ptw/ptwHazardProfiles.ts	43	
CONFINED_SPACE	object	hse	false		src/components/sections/HSE/ptw/ptwHazardProfiles.ts	139	
ELECTRICAL_WORK	object	hse	false		src/components/sections/HSE/ptw/ptwHazardProfiles.ts	233	
EXCAVATION	object	hse	false		src/components/sections/HSE/ptw/ptwHazardProfiles.ts	314	
WORKING_AT_HEIGHT	object	hse	false		src/components/sections/HSE/ptw/ptwHazardProfiles.ts	387	
LIFTING_OPERATION	object	hse	false		src/components/sections/HSE/ptw/ptwHazardProfiles.ts	459	
GENERAL_WORK	object	hse	false		src/components/sections/HSE/ptw/ptwHazardProfiles.ts	531	
LINE_BREAK	object	hse	false		src/components/sections/HSE/ptw/ptwHazardProfiles.ts	591	
RADIATION_WORK	object	hse	false		src/components/sections/HSE/ptw/ptwHazardProfiles.ts	642	
PROFILES	object	hse	false		src/components/sections/HSE/ptw/ptwHazardProfiles.ts	683	
getHazardProfile	function	hse	true		src/components/sections/HSE/ptw/ptwHazardProfiles.ts	699	
PROFILED_PERMIT_TYPES	variable	hse	true		src/components/sections/HSE/ptw/ptwHazardProfiles.ts	704	
MONTH_ABBR	array	hse	false		src/components/sections/HSE/ptw/PtwInsightCards.tsx	26	
TYPE_COLORS	array	hse	false		src/components/sections/HSE/ptw/PtwInsightCards.tsx	27	
ACTIVE	variable	hse	false	component	src/components/sections/HSE/ptw/PtwInsightCards.tsx	28	
typeLabel	function	hse	false		src/components/sections/HSE/ptw/PtwInsightCards.tsx	30	
hoursUntil	function	hse	false		src/components/sections/HSE/ptw/PtwInsightCards.tsx	32	
monthlyTrend	function	hse	false		src/components/sections/HSE/ptw/PtwInsightCards.tsx	38	
lastSixMonthLabels	function	hse	false		src/components/sections/HSE/ptw/PtwInsightCards.tsx	49	
StatStackBar	function	hse	false	component	src/components/sections/HSE/ptw/PtwInsightCards.tsx	57	
ExpiryRunway	function	hse	false	component	src/components/sections/HSE/ptw/PtwInsightCards.tsx	86	
xFor	function	hse	false		src/components/sections/HSE/ptw/PtwInsightCards.tsx	89	ExpiryRunway
StatGauge	function	hse	false	component	src/components/sections/HSE/ptw/PtwInsightCards.tsx	124	
StatColumns	function	hse	false	component	src/components/sections/HSE/ptw/PtwInsightCards.tsx	146	
PtwInsightCards	function	hse	true	component,ui-tile	src/components/sections/HSE/ptw/PtwInsightCards.tsx	169	
ACTIVE	variable	hse	false	component	src/components/sections/HSE/ptw/PtwRightPanel.tsx	15	
hoursUntil	function	hse	false		src/components/sections/HSE/ptw/PtwRightPanel.tsx	16	
typeLabel	function	hse	false		src/components/sections/HSE/ptw/PtwRightPanel.tsx	20	
IconTone	type	hse	false		src/components/sections/HSE/ptw/PtwRightPanel.tsx	22	
TagTone	type	hse	false		src/components/sections/HSE/ptw/PtwRightPanel.tsx	23	
Signal	function	hse	false	component	src/components/sections/HSE/ptw/PtwRightPanel.tsx	25	
usePtwSignals	function	hse	true	hook	src/components/sections/HSE/ptw/PtwRightPanel.tsx	41	
PtwRightPanel	function	hse	true	component	src/components/sections/HSE/ptw/PtwRightPanel.tsx	50	
AddControlDialogProps	interface	hse	true		src/components/sections/HSE/risk-jsa/dialogs/AddControlDialog.tsx	16	
AddControlDialog	function	hse	true	component	src/components/sections/HSE/risk-jsa/dialogs/AddControlDialog.tsx	24	
handleClose	function	hse	false		src/components/sections/HSE/risk-jsa/dialogs/AddControlDialog.tsx	44	AddControlDialog
handleSubmit	function	hse	false		src/components/sections/HSE/risk-jsa/dialogs/AddControlDialog.tsx	55	AddControlDialog
ApprovalDecisionDialogProps	interface	hse	true		src/components/sections/HSE/risk-jsa/dialogs/ApprovalDecisionDialog.tsx	15	
ApprovalDecisionDialog	function	hse	true	component	src/components/sections/HSE/risk-jsa/dialogs/ApprovalDecisionDialog.tsx	24	
handleClose	function	hse	false		src/components/sections/HSE/risk-jsa/dialogs/ApprovalDecisionDialog.tsx	34	ApprovalDecisionDialog
handleSubmit	function	hse	false		src/components/sections/HSE/risk-jsa/dialogs/ApprovalDecisionDialog.tsx	36	ApprovalDecisionDialog
Ent	type	hse	false		src/components/sections/HSE/risk-jsa/dialogs/EditDetailsDialog.tsx	18	
SaveState	type	hse	false		src/components/sections/HSE/risk-jsa/dialogs/EditDetailsDialog.tsx	19	
EditDetailsDialog	function	hse	true	component	src/components/sections/HSE/risk-jsa/dialogs/EditDetailsDialog.tsx	21	
queueSave	function	hse	false		src/components/sections/HSE/risk-jsa/dialogs/EditDetailsDialog.tsx	56	EditDetailsDialog
save	function	hse	false		src/components/sections/HSE/risk-jsa/dialogs/EditDetailsDialog.tsx	64	EditDetailsDialog
reload	function	hse	false		src/components/sections/HSE/risk-jsa/dialogs/EditDetailsDialog.tsx	84	EditDetailsDialog
ExportDialogProps	interface	hse	true		src/components/sections/HSE/risk-jsa/dialogs/ExportDialog.tsx	13	
ExportDialog	function	hse	true	component	src/components/sections/HSE/risk-jsa/dialogs/ExportDialog.tsx	23	
handleExport	function	hse	false		src/components/sections/HSE/risk-jsa/dialogs/ExportDialog.tsx	26	ExportDialog
GenerateJsaDialog	function	hse	true	component	src/components/sections/HSE/risk-jsa/dialogs/GenerateJsaDialog.tsx	15	
handleGenerate	function	hse	false		src/components/sections/HSE/risk-jsa/dialogs/GenerateJsaDialog.tsx	28	GenerateJsaDialog
HazardLibraryDrawer	function	hse	true	component	src/components/sections/HSE/risk-jsa/dialogs/LibraryDrawers.tsx	21	
toggle	function	hse	false		src/components/sections/HSE/risk-jsa/dialogs/LibraryDrawers.tsx	35	HazardLibraryDrawer
close	function	hse	false		src/components/sections/HSE/risk-jsa/dialogs/LibraryDrawers.tsx	41	HazardLibraryDrawer
insert	function	hse	false		src/components/sections/HSE/risk-jsa/dialogs/LibraryDrawers.tsx	42	HazardLibraryDrawer
ControlLibraryDrawer	function	hse	true	component	src/components/sections/HSE/risk-jsa/dialogs/LibraryDrawers.tsx	99	
close	function	hse	false		src/components/sections/HSE/risk-jsa/dialogs/LibraryDrawers.tsx	111	ControlLibraryDrawer
pick	function	hse	false		src/components/sections/HSE/risk-jsa/dialogs/LibraryDrawers.tsx	112	ControlLibraryDrawer
LinkCapaDialogProps	interface	hse	true		src/components/sections/HSE/risk-jsa/dialogs/LinkCapaDialog.tsx	15	
PRIORITIES	array	hse	false		src/components/sections/HSE/risk-jsa/dialogs/LinkCapaDialog.tsx	24	
LinkCapaDialog	function	hse	true	component	src/components/sections/HSE/risk-jsa/dialogs/LinkCapaDialog.tsx	31	
handleClose	function	hse	false		src/components/sections/HSE/risk-jsa/dialogs/LinkCapaDialog.tsx	43	LinkCapaDialog
handleSubmit	function	hse	false		src/components/sections/HSE/risk-jsa/dialogs/LinkCapaDialog.tsx	48	LinkCapaDialog
ASSESSMENT_TYPES	variable	hse	false	component	src/components/sections/HSE/risk-jsa/dialogs/NewAssessmentWizard.tsx	27	
HAZARD_CATEGORIES	variable	hse	false	component	src/components/sections/HSE/risk-jsa/dialogs/NewAssessmentWizard.tsx	37	
REVIEW_CYCLES	variable	hse	false	component	src/components/sections/HSE/risk-jsa/dialogs/NewAssessmentWizard.tsx	42	
SITE_OPTIONS	variable	hse	false	component	src/components/sections/HSE/risk-jsa/dialogs/NewAssessmentWizard.tsx	50	
WIZARD_STEPS	variable	hse	false	component	src/components/sections/HSE/risk-jsa/dialogs/NewAssessmentWizard.tsx	52	
HazardEntry	interface	hse	false		src/components/sections/HSE/risk-jsa/dialogs/NewAssessmentWizard.tsx	63	
TypeCard	function	hse	false	component,ui-tile	src/components/sections/HSE/risk-jsa/dialogs/NewAssessmentWizard.tsx	75	
HazardRow	function	hse	false	component	src/components/sections/HSE/risk-jsa/dialogs/NewAssessmentWizard.tsx	105	
NewAssessmentWizard	function	hse	true	component	src/components/sections/HSE/risk-jsa/dialogs/NewAssessmentWizard.tsx	169	
addHazard	function	hse	false		src/components/sections/HSE/risk-jsa/dialogs/NewAssessmentWizard.tsx	185	NewAssessmentWizard
patchHazard	function	hse	false		src/components/sections/HSE/risk-jsa/dialogs/NewAssessmentWizard.tsx	197	NewAssessmentWizard
removeHazard	function	hse	false		src/components/sections/HSE/risk-jsa/dialogs/NewAssessmentWizard.tsx	201	NewAssessmentWizard
addLibraryHazards	function	hse	false		src/components/sections/HSE/risk-jsa/dialogs/NewAssessmentWizard.tsx	206	NewAssessmentWizard
canAdvance	function	hse	false		src/components/sections/HSE/risk-jsa/dialogs/NewAssessmentWizard.tsx	221	NewAssessmentWizard
handleSubmit	function	hse	false		src/components/sections/HSE/risk-jsa/dialogs/NewAssessmentWizard.tsx	230	NewAssessmentWizard
STEPS	array	hse	false		src/components/sections/HSE/risk-jsa/dialogs/NewHazardDialog.tsx	22	
HAZARD_CATEGORIES	variable	hse	false	component	src/components/sections/HSE/risk-jsa/dialogs/NewHazardDialog.tsx	29	
SITE_OPTIONS	variable	hse	false	component	src/components/sections/HSE/risk-jsa/dialogs/NewHazardDialog.tsx	34	
NewHazardDialogProps	interface	hse	true		src/components/sections/HSE/risk-jsa/dialogs/NewHazardDialog.tsx	38	
NewHazardDialog	function	hse	true	component	src/components/sections/HSE/risk-jsa/dialogs/NewHazardDialog.tsx	43	
addLibraryControl	function	hse	false		src/components/sections/HSE/risk-jsa/dialogs/NewHazardDialog.tsx	69	NewHazardDialog
canAdvance	function	hse	false		src/components/sections/HSE/risk-jsa/dialogs/NewHazardDialog.tsx	93	NewHazardDialog
handleClose	function	hse	false		src/components/sections/HSE/risk-jsa/dialogs/NewHazardDialog.tsx	101	NewHazardDialog
handleSubmit	function	hse	false		src/components/sections/HSE/risk-jsa/dialogs/NewHazardDialog.tsx	113	NewHazardDialog
WIZARD_STEPS	variable	hse	false	component	src/components/sections/HSE/risk-jsa/dialogs/NewJsaWizard.tsx	29	
PPE_ITEMS	variable	hse	false	component	src/components/sections/HSE/risk-jsa/dialogs/NewJsaWizard.tsx	38	
SCALE_OPTIONS	variable	hse	false	component	src/components/sections/HSE/risk-jsa/dialogs/NewJsaWizard.tsx	52	
ControlSub	interface	hse	false		src/components/sections/HSE/risk-jsa/dialogs/NewJsaWizard.tsx	62	
HazardSub	interface	hse	false		src/components/sections/HSE/risk-jsa/dialogs/NewJsaWizard.tsx	63	
StepRow	interface	hse	false		src/components/sections/HSE/risk-jsa/dialogs/NewJsaWizard.tsx	64	
PpeRow	interface	hse	false		src/components/sections/HSE/risk-jsa/dialogs/NewJsaWizard.tsx	70	
TrainingRow	interface	hse	false		src/components/sections/HSE/risk-jsa/dialogs/NewJsaWizard.tsx	76	
CrewRow	interface	hse	false		src/components/sections/HSE/risk-jsa/dialogs/NewJsaWizard.tsx	82	
emptyStep	function	hse	false		src/components/sections/HSE/risk-jsa/dialogs/NewJsaWizard.tsx	91	
emptyHazard	function	hse	false		src/components/sections/HSE/risk-jsa/dialogs/NewJsaWizard.tsx	94	
highestRiskBand	function	hse	false		src/components/sections/HSE/risk-jsa/dialogs/NewJsaWizard.tsx	98	
NewJsaWizard	function	hse	true	component	src/components/sections/HSE/risk-jsa/dialogs/NewJsaWizard.tsx	116	
addSuggestedStep	function	hse	false		src/components/sections/HSE/risk-jsa/dialogs/NewJsaWizard.tsx	154	NewJsaWizard
addStepRow	function	hse	false		src/components/sections/HSE/risk-jsa/dialogs/NewJsaWizard.tsx	172	NewJsaWizard
removeStepRow	function	hse	false		src/components/sections/HSE/risk-jsa/dialogs/NewJsaWizard.tsx	176	NewJsaWizard
moveStepUp	function	hse	false		src/components/sections/HSE/risk-jsa/dialogs/NewJsaWizard.tsx	182	NewJsaWizard
moveStepDown	function	hse	false		src/components/sections/HSE/risk-jsa/dialogs/NewJsaWizard.tsx	193	NewJsaWizard
patchStep	function	hse	false		src/components/sections/HSE/risk-jsa/dialogs/NewJsaWizard.tsx	204	NewJsaWizard
addHazard	function	hse	false		src/components/sections/HSE/risk-jsa/dialogs/NewJsaWizard.tsx	210	NewJsaWizard
removeHazard	function	hse	false		src/components/sections/HSE/risk-jsa/dialogs/NewJsaWizard.tsx	213	NewJsaWizard
patchHazard	function	hse	false		src/components/sections/HSE/risk-jsa/dialogs/NewJsaWizard.tsx	216	NewJsaWizard
addControl	function	hse	false		src/components/sections/HSE/risk-jsa/dialogs/NewJsaWizard.tsx	220	NewJsaWizard
removeControl	function	hse	false		src/components/sections/HSE/risk-jsa/dialogs/NewJsaWizard.tsx	224	NewJsaWizard
patchControl	function	hse	false		src/components/sections/HSE/risk-jsa/dialogs/NewJsaWizard.tsx	228	NewJsaWizard
togglePpe	function	hse	false		src/components/sections/HSE/risk-jsa/dialogs/NewJsaWizard.tsx	236	NewJsaWizard
patchPpeNotes	function	hse	false		src/components/sections/HSE/risk-jsa/dialogs/NewJsaWizard.tsx	240	NewJsaWizard
addTraining	function	hse	false		src/components/sections/HSE/risk-jsa/dialogs/NewJsaWizard.tsx	246	NewJsaWizard
removeTraining	function	hse	false		src/components/sections/HSE/risk-jsa/dialogs/NewJsaWizard.tsx	250	NewJsaWizard
patchTraining	function	hse	false		src/components/sections/HSE/risk-jsa/dialogs/NewJsaWizard.tsx	254	NewJsaWizard
addCrew	function	hse	false		src/components/sections/HSE/risk-jsa/dialogs/NewJsaWizard.tsx	260	NewJsaWizard
removeCrew	function	hse	false		src/components/sections/HSE/risk-jsa/dialogs/NewJsaWizard.tsx	263	NewJsaWizard
patchCrew	function	hse	false		src/components/sections/HSE/risk-jsa/dialogs/NewJsaWizard.tsx	266	NewJsaWizard
canAdvance	function	hse	false		src/components/sections/HSE/risk-jsa/dialogs/NewJsaWizard.tsx	272	NewJsaWizard
handleSubmit	function	hse	false		src/components/sections/HSE/risk-jsa/dialogs/NewJsaWizard.tsx	280	NewJsaWizard
ReviewRenewDialogProps	interface	hse	true		src/components/sections/HSE/risk-jsa/dialogs/ReviewRenewDialog.tsx	15	
EFFECTIVENESS	array	hse	false		src/components/sections/HSE/risk-jsa/dialogs/ReviewRenewDialog.tsx	24	
ReviewRenewDialog	function	hse	true	component	src/components/sections/HSE/risk-jsa/dialogs/ReviewRenewDialog.tsx	30	
handleClose	function	hse	false		src/components/sections/HSE/risk-jsa/dialogs/ReviewRenewDialog.tsx	41	ReviewRenewDialog
handleSubmit	function	hse	false		src/components/sections/HSE/risk-jsa/dialogs/ReviewRenewDialog.tsx	43	ReviewRenewDialog
WorkflowEntity	type	hse	true		src/components/sections/HSE/risk-jsa/dialogs/SubmitForReviewDialog.tsx	14	
SubmitForReviewDialogProps	interface	hse	true		src/components/sections/HSE/risk-jsa/dialogs/SubmitForReviewDialog.tsx	16	
LABELS	object	hse	false		src/components/sections/HSE/risk-jsa/dialogs/SubmitForReviewDialog.tsx	25	
SubmitForReviewDialog	function	hse	true	component	src/components/sections/HSE/risk-jsa/dialogs/SubmitForReviewDialog.tsx	31	
handleClose	function	hse	false		src/components/sections/HSE/risk-jsa/dialogs/SubmitForReviewDialog.tsx	45	SubmitForReviewDialog
handleSubmit	function	hse	false		src/components/sections/HSE/risk-jsa/dialogs/SubmitForReviewDialog.tsx	47	SubmitForReviewDialog
DialogError	function	hse	true	component	src/components/sections/HSE/risk-jsa/dialogs/SubmitForReviewDialog.tsx	87	
TemplateDialogProps	interface	hse	true		src/components/sections/HSE/risk-jsa/dialogs/TemplateDialog.tsx	13	
TemplateDialog	function	hse	true	component	src/components/sections/HSE/risk-jsa/dialogs/TemplateDialog.tsx	18	
TemplateCard	function	hse	false	component,ui-tile	src/components/sections/HSE/risk-jsa/dialogs/TemplateDialog.tsx	41	
EFFECTIVENESS	array	hse	false		src/components/sections/HSE/risk-jsa/dialogs/VerifyControlButton.tsx	14	
VerifyControlButton	function	hse	true	component	src/components/sections/HSE/risk-jsa/dialogs/VerifyControlButton.tsx	20	
handleSubmit	function	hse	false		src/components/sections/HSE/risk-jsa/dialogs/VerifyControlButton.tsx	33	VerifyControlButton
DrawerActionsProps	interface	hse	true		src/components/sections/HSE/risk-jsa/drawers/DrawerActions.tsx	21	
OpenDialog	type	hse	false		src/components/sections/HSE/risk-jsa/drawers/DrawerActions.tsx	31	
SUBMITTABLE	array	hse	false		src/components/sections/HSE/risk-jsa/drawers/DrawerActions.tsx	33	
DECIDABLE	array	hse	false		src/components/sections/HSE/risk-jsa/drawers/DrawerActions.tsx	34	
REVIEWABLE	array	hse	false		src/components/sections/HSE/risk-jsa/drawers/DrawerActions.tsx	35	
DrawerActions	function	hse	true	component	src/components/sections/HSE/risk-jsa/drawers/DrawerActions.tsx	37	
archive	function	hse	false		src/components/sections/HSE/risk-jsa/drawers/DrawerActions.tsx	54	DrawerActions
activate	function	hse	false		src/components/sections/HSE/risk-jsa/drawers/DrawerActions.tsx	64	DrawerActions
closeOut	function	hse	false		src/components/sections/HSE/risk-jsa/drawers/DrawerActions.tsx	74	DrawerActions
EDITABLE	array	hse	false		src/components/sections/HSE/risk-jsa/drawers/HazardDrawer.tsx	19	
HazardTabKey	type	hse	false		src/components/sections/HSE/risk-jsa/drawers/HazardDrawer.tsx	23	
HAZARD_TABS	array	hse	false		src/components/sections/HSE/risk-jsa/drawers/HazardDrawer.tsx	25	
HazardDrawer	function	hse	true	component	src/components/sections/HSE/risk-jsa/drawers/HazardDrawer.tsx	36	
HazardOverviewTab	function	hse	false	component	src/components/sections/HSE/risk-jsa/drawers/HazardDrawer.tsx	119	
HazardControlsTab	function	hse	false	component	src/components/sections/HSE/risk-jsa/drawers/HazardDrawer.tsx	133	
HazardCapaTab	function	hse	false	component	src/components/sections/HSE/risk-jsa/drawers/HazardDrawer.tsx	173	
HazardWorkflowTab	function	hse	false	component	src/components/sections/HSE/risk-jsa/drawers/HazardDrawer.tsx	203	
HazardTimelineTab	function	hse	false	component	src/components/sections/HSE/risk-jsa/drawers/HazardDrawer.tsx	226	
EmptyState	function	hse	false	component	src/components/sections/HSE/risk-jsa/drawers/HazardDrawer.tsx	263	
EDITABLE	array	hse	false		src/components/sections/HSE/risk-jsa/drawers/JsaDrawer.tsx	19	
JsaTabKey	type	hse	false		src/components/sections/HSE/risk-jsa/drawers/JsaDrawer.tsx	23	
JSA_TABS	array	hse	false		src/components/sections/HSE/risk-jsa/drawers/JsaDrawer.tsx	25	
JsaDrawer	function	hse	true	component	src/components/sections/HSE/risk-jsa/drawers/JsaDrawer.tsx	37	
JsaOverviewTab	function	hse	false	component	src/components/sections/HSE/risk-jsa/drawers/JsaDrawer.tsx	127	
JsaStepsTab	function	hse	false	component	src/components/sections/HSE/risk-jsa/drawers/JsaDrawer.tsx	139	
JsaPpeTab	function	hse	false	component	src/components/sections/HSE/risk-jsa/drawers/JsaDrawer.tsx	196	
JsaTrainingTab	function	hse	false	component	src/components/sections/HSE/risk-jsa/drawers/JsaDrawer.tsx	223	
JsaCrewTab	function	hse	false	component	src/components/sections/HSE/risk-jsa/drawers/JsaDrawer.tsx	256	
JsaTimelineTab	function	hse	false	component	src/components/sections/HSE/risk-jsa/drawers/JsaDrawer.tsx	295	
EmptyState	function	hse	false	component	src/components/sections/HSE/risk-jsa/drawers/JsaDrawer.tsx	332	
EDITABLE	array	hse	false		src/components/sections/HSE/risk-jsa/drawers/RiskAssessmentDrawer.tsx	28	
DrawerTab	type	hse	false		src/components/sections/HSE/risk-jsa/drawers/RiskAssessmentDrawer.tsx	32	
DRAWER_TABS	array	hse	false		src/components/sections/HSE/risk-jsa/drawers/RiskAssessmentDrawer.tsx	34	
EmptyState	function	hse	false	component	src/components/sections/HSE/risk-jsa/drawers/RiskAssessmentDrawer.tsx	45	
OverviewTab	function	hse	false	component	src/components/sections/HSE/risk-jsa/drawers/RiskAssessmentDrawer.tsx	55	
HazardsTab	function	hse	false	component	src/components/sections/HSE/risk-jsa/drawers/RiskAssessmentDrawer.tsx	69	
RiskMatrixTab	function	hse	false	component	src/components/sections/HSE/risk-jsa/drawers/RiskAssessmentDrawer.tsx	115	
ControlsTab	function	hse	false	component	src/components/sections/HSE/risk-jsa/drawers/RiskAssessmentDrawer.tsx	164	
TimelineTab	function	hse	false	component	src/components/sections/HSE/risk-jsa/drawers/RiskAssessmentDrawer.tsx	198	
RiskAssessmentDrawer	function	hse	true	component	src/components/sections/HSE/risk-jsa/drawers/RiskAssessmentDrawer.tsx	233	
SEV_COLOR	object	hse	false		src/components/sections/HSE/risk-jsa/RiskJsaInsightCards.tsx	23	
MONTH_ABBR	array	hse	false		src/components/sections/HSE/risk-jsa/RiskJsaInsightCards.tsx	24	
within	function	hse	false		src/components/sections/HSE/risk-jsa/RiskJsaInsightCards.tsx	26	
overdue	function	hse	false		src/components/sections/HSE/risk-jsa/RiskJsaInsightCards.tsx	31	
monthlyTrend	function	hse	false		src/components/sections/HSE/risk-jsa/RiskJsaInsightCards.tsx	36	
lastSixMonthLabels	function	hse	false		src/components/sections/HSE/risk-jsa/RiskJsaInsightCards.tsx	47	
StatDonut	function	hse	false	component	src/components/sections/HSE/risk-jsa/RiskJsaInsightCards.tsx	55	
StatBars	function	hse	false	component	src/components/sections/HSE/risk-jsa/RiskJsaInsightCards.tsx	101	
StatTiles	function	hse	false	component,ui-tile	src/components/sections/HSE/risk-jsa/RiskJsaInsightCards.tsx	120	
StatTrend	function	hse	false	component	src/components/sections/HSE/risk-jsa/RiskJsaInsightCards.tsx	134	
RiskJsaInsightCards	function	hse	true	component,ui-tile	src/components/sections/HSE/risk-jsa/RiskJsaInsightCards.tsx	145	
HazardCards	function	hse	false	component,ui-tile	src/components/sections/HSE/risk-jsa/RiskJsaInsightCards.tsx	153	
by	function	hse	false		src/components/sections/HSE/risk-jsa/RiskJsaInsightCards.tsx	156	HazardCards
AssessmentCards	function	hse	false	component,ui-tile	src/components/sections/HSE/risk-jsa/RiskJsaInsightCards.tsx	208	
JsaCards	function	hse	false	component,ui-tile	src/components/sections/HSE/risk-jsa/RiskJsaInsightCards.tsx	261	
by	function	hse	false		src/components/sections/HSE/risk-jsa/RiskJsaInsightCards.tsx	267	JsaCards
ENTITY_META	object	hse	false		src/components/sections/HSE/risk-jsa/RiskJsaQueueTabs.tsx	23	
fmtStatus	function	hse	false		src/components/sections/HSE/risk-jsa/RiskJsaQueueTabs.tsx	29	
fmtDate	function	hse	false		src/components/sections/HSE/risk-jsa/RiskJsaQueueTabs.tsx	32	
ageDays	function	hse	false		src/components/sections/HSE/risk-jsa/RiskJsaQueueTabs.tsx	35	
PendingApprovalTab	function	hse	true	component	src/components/sections/HSE/risk-jsa/RiskJsaQueueTabs.tsx	41	
act	function	hse	false		src/components/sections/HSE/risk-jsa/RiskJsaQueueTabs.tsx	47	PendingApprovalTab
ArchiveTab	function	hse	true	component	src/components/sections/HSE/risk-jsa/RiskJsaQueueTabs.tsx	127	
TemplatesTab	function	hse	true	component	src/components/sections/HSE/risk-jsa/RiskJsaQueueTabs.tsx	188	
daysUntil	function	hse	false		src/components/sections/HSE/risk-jsa/RiskJsaRightPanel.tsx	22	
isHighRisk	function	hse	false		src/components/sections/HSE/risk-jsa/RiskJsaRightPanel.tsx	26	
IconTone	type	hse	false		src/components/sections/HSE/risk-jsa/RiskJsaRightPanel.tsx	28	
TagTone	type	hse	false		src/components/sections/HSE/risk-jsa/RiskJsaRightPanel.tsx	29	
Signal	function	hse	false	component	src/components/sections/HSE/risk-jsa/RiskJsaRightPanel.tsx	32	
RiskJsaRightPanel	function	hse	true	component	src/components/sections/HSE/risk-jsa/RiskJsaRightPanel.tsx	48	
HazardPanel	function	hse	false	component	src/components/sections/HSE/risk-jsa/RiskJsaRightPanel.tsx	61	
AssessmentPanel	function	hse	false	component	src/components/sections/HSE/risk-jsa/RiskJsaRightPanel.tsx	101	
JsaPanel	function	hse	false	component	src/components/sections/HSE/risk-jsa/RiskJsaRightPanel.tsx	142	
ICON	array	hse	false		src/components/sections/HSE/risk-jsa/shared/AttachmentsPanel.tsx	16	
fileIcon	function	hse	false		src/components/sections/HSE/risk-jsa/shared/AttachmentsPanel.tsx	22	
fmtDate	function	hse	false		src/components/sections/HSE/risk-jsa/shared/AttachmentsPanel.tsx	25	
AttachmentsPanel	function	hse	true	component	src/components/sections/HSE/risk-jsa/shared/AttachmentsPanel.tsx	29	
onPick	function	hse	false		src/components/sections/HSE/risk-jsa/shared/AttachmentsPanel.tsx	37	AttachmentsPanel
CONTROL_TYPES	variable	hse	true	component	src/components/sections/HSE/risk-jsa/shared/ControlsTable.tsx	12	
ControlDraft	interface	hse	true		src/components/sections/HSE/risk-jsa/shared/ControlsTable.tsx	21	
emptyControl	function	hse	true		src/components/sections/HSE/risk-jsa/shared/ControlsTable.tsx	29	
ControlsTableProps	interface	hse	true		src/components/sections/HSE/risk-jsa/shared/ControlsTable.tsx	33	
ControlsTable	function	hse	true	component	src/components/sections/HSE/risk-jsa/shared/ControlsTable.tsx	38	
update	function	hse	false		src/components/sections/HSE/risk-jsa/shared/ControlsTable.tsx	39	ControlsTable
remove	function	hse	false		src/components/sections/HSE/risk-jsa/shared/ControlsTable.tsx	41	ControlsTable
add	function	hse	false		src/components/sections/HSE/risk-jsa/shared/ControlsTable.tsx	42	ControlsTable
duplicate	function	hse	false		src/components/sections/HSE/risk-jsa/shared/ControlsTable.tsx	43	ControlsTable
Dict	type	hse	false		src/components/sections/HSE/risk-jsa/shared/exportPdf.ts	10	
esc	function	hse	false		src/components/sections/HSE/risk-jsa/shared/exportPdf.ts	12	
fmtDate	function	hse	false		src/components/sections/HSE/risk-jsa/shared/exportPdf.ts	16	
band	function	hse	false		src/components/sections/HSE/risk-jsa/shared/exportPdf.ts	19	
table	function	hse	false		src/components/sections/HSE/risk-jsa/shared/exportPdf.ts	26	
shell	function	hse	false		src/components/sections/HSE/risk-jsa/shared/exportPdf.ts	32	
launch	function	hse	false		src/components/sections/HSE/risk-jsa/shared/exportPdf.ts	52	
exportJsaPdf	function	hse	true		src/components/sections/HSE/risk-jsa/shared/exportPdf.ts	64	
exportAssessmentPdf	function	hse	true		src/components/sections/HSE/risk-jsa/shared/exportPdf.ts	114	
InsightCardVariant	type	hse	true	ui-tile	src/components/sections/HSE/risk-jsa/shared/InsightCard.tsx	17	
InsightTone	type	hse	true		src/components/sections/HSE/risk-jsa/shared/InsightCard.tsx	18	
InsightCardProps	interface	hse	true	ui-tile	src/components/sections/HSE/risk-jsa/shared/InsightCard.tsx	20	
TONE_VALUE	object	hse	false		src/components/sections/HSE/risk-jsa/shared/InsightCard.tsx	33	
Donut	function	hse	false	component	src/components/sections/HSE/risk-jsa/shared/InsightCard.tsx	38	
Visual	function	hse	false	component	src/components/sections/HSE/risk-jsa/shared/InsightCard.tsx	60	
InsightCard	function	hse	true	component,ui-tile	src/components/sections/HSE/risk-jsa/shared/InsightCard.tsx	103	
QueueItemProps	interface	hse	true		src/components/sections/HSE/risk-jsa/shared/QueueItem.tsx	11	
TAG_BG	object	hse	false		src/components/sections/HSE/risk-jsa/shared/QueueItem.tsx	24	
TAG_FG	object	hse	false		src/components/sections/HSE/risk-jsa/shared/QueueItem.tsx	30	
QueueItem	function	hse	true	component	src/components/sections/HSE/risk-jsa/shared/QueueItem.tsx	37	
SCALE	variable	hse	false	component	src/components/sections/HSE/risk-jsa/shared/RiskMatrixPicker.tsx	13	
LIKELIHOOD_LABELS	array	hse	false		src/components/sections/HSE/risk-jsa/shared/RiskMatrixPicker.tsx	15	
SEVERITY_LABELS	array	hse	false		src/components/sections/HSE/risk-jsa/shared/RiskMatrixPicker.tsx	16	
BAND_BG	object	hse	false		src/components/sections/HSE/risk-jsa/shared/RiskMatrixPicker.tsx	18	
BAND_TEXT	object	hse	false		src/components/sections/HSE/risk-jsa/shared/RiskMatrixPicker.tsx	24	
RiskMatrixPickerProps	interface	hse	true		src/components/sections/HSE/risk-jsa/shared/RiskMatrixPicker.tsx	28	
RiskMatrixPicker	function	hse	true	component	src/components/sections/HSE/risk-jsa/shared/RiskMatrixPicker.tsx	36	
cell	function	hse	false		src/components/sections/HSE/risk-jsa/shared/RiskMatrixPicker.tsx	37	RiskMatrixPicker
RiskMatrixSnapshotProps	interface	hse	true		src/components/sections/HSE/risk-jsa/shared/RiskMatrixSnapshot.tsx	11	
RiskMatrixSnapshot	function	hse	true	component	src/components/sections/HSE/risk-jsa/shared/RiskMatrixSnapshot.tsx	16	
RiskMiniBarProps	interface	hse	true		src/components/sections/HSE/risk-jsa/shared/RiskMiniBar.tsx	10	
SEGMENTS	variable	hse	false	component	src/components/sections/HSE/risk-jsa/shared/RiskMiniBar.tsx	19	
RiskMiniBar	function	hse	true	component	src/components/sections/HSE/risk-jsa/shared/RiskMiniBar.tsx	26	
RiskBand	type	hse	true		src/components/sections/HSE/risk-jsa/shared/RiskScorePill.tsx	11	
calculateRiskScore	function	hse	true		src/components/sections/HSE/risk-jsa/shared/RiskScorePill.tsx	13	
calculateRiskBand	function	hse	true		src/components/sections/HSE/risk-jsa/shared/RiskScorePill.tsx	17	
BAND_PILL	object	hse	false		src/components/sections/HSE/risk-jsa/shared/RiskScorePill.tsx	24	
BAND_LABEL	object	hse	false		src/components/sections/HSE/risk-jsa/shared/RiskScorePill.tsx	27	
RiskScorePillProps	interface	hse	true		src/components/sections/HSE/risk-jsa/shared/RiskScorePill.tsx	31	
RiskScorePill	function	hse	true	component	src/components/sections/HSE/risk-jsa/shared/RiskScorePill.tsx	45	
TABS	array	hse	false		src/components/sections/HSE/RiskJsa.tsx	45	
ENTITY_TABS	array	hse	false		src/components/sections/HSE/RiskJsa.tsx	54	
HAZARD_CATEGORIES	variable	hse	false	component	src/components/sections/HSE/RiskJsa.tsx	56	
riskLevelFrom	function	hse	false		src/components/sections/HSE/RiskJsa.tsx	64	
RISK_COLORS	object	hse	false		src/components/sections/HSE/RiskJsa.tsx	69	
RJ_STATUS_COLORS	object	hse	false		src/components/sections/HSE/RiskJsa.tsx	78	
cap	function	hse	false		src/components/sections/HSE/RiskJsa.tsx	97	
colorPill	function	hse	false		src/components/sections/HSE/RiskJsa.tsx	98	
riskColors	function	hse	false		src/components/sections/HSE/RiskJsa.tsx	101	
rjStatusPill	function	hse	false		src/components/sections/HSE/RiskJsa.tsx	106	
riskPill	function	hse	false	ui-tile	src/components/sections/HSE/RiskJsa.tsx	111	
riskPillFromLevel	function	hse	false	ui-tile	src/components/sections/HSE/RiskJsa.tsx	117	
residualPill	function	hse	false		src/components/sections/HSE/RiskJsa.tsx	122	
fmtDate	function	hse	false		src/components/sections/HSE/RiskJsa.tsx	129	
siteLabel	function	hse	false		src/components/sections/HSE/RiskJsa.tsx	134	
matchesSite	function	hse	false		src/components/sections/HSE/RiskJsa.tsx	139	
reviewSla	function	hse	false		src/components/sections/HSE/RiskJsa.tsx	146	
RiskJsaArea	function	hse	true	component	src/components/sections/HSE/RiskJsa.tsx	156	
HAZARD_EXPORT_COLS	array	hse	false		src/components/sections/HSE/RiskJsa.tsx	316	
ASSESSMENT_EXPORT_COLS	array	hse	false		src/components/sections/HSE/RiskJsa.tsx	329	
JSA_EXPORT_COLS	array	hse	false		src/components/sections/HSE/RiskJsa.tsx	341	
HazardTab	function	hse	false	component	src/components/sections/HSE/RiskJsa.tsx	351	
AssessmentsTab	function	hse	false	component	src/components/sections/HSE/RiskJsa.tsx	457	
JsaTab	function	hse	false	component	src/components/sections/HSE/RiskJsa.tsx	550	
TABS	array	hse	false		src/components/sections/HSE/Toolbox.tsx	17	
TOPIC_ICONS	object	hse	false		src/components/sections/HSE/Toolbox.tsx	21	
ToolboxArea	function	hse	true	component	src/components/sections/HSE/Toolbox.tsx	32	
TABS	array	hse	false		src/components/sections/HSE/Training.tsx	26	
titleCase	function	hse	false		src/components/sections/HSE/Training.tsx	31	
fmtDate	function	hse	false		src/components/sections/HSE/Training.tsx	32	
WORKER_PILL	object	hse	false		src/components/sections/HSE/Training.tsx	33	
CERT_PILL	object	hse	false		src/components/sections/HSE/Training.tsx	34	
isExpiredCert	function	hse	false		src/components/sections/HSE/Training.tsx	35	
Signal	function	hse	false	component	src/components/sections/HSE/Training.tsx	39	
MatrixRail	function	hse	false	component	src/components/sections/HSE/Training.tsx	51	
CertRail	function	hse	false	component	src/components/sections/HSE/Training.tsx	66	
Spark	function	hse	false	component	src/components/sections/HSE/Training.tsx	83	
TrainingArea	function	hse	true	component	src/components/sections/HSE/Training.tsx	95	
TabKey	type	hse	false		src/components/sections/HSE/training/CertificateDetailDrawer.tsx	13	
TABS	array	hse	false		src/components/sections/HSE/training/CertificateDetailDrawer.tsx	14	
fmt	function	hse	false		src/components/sections/HSE/training/CertificateDetailDrawer.tsx	18	
fmtT	function	hse	false		src/components/sections/HSE/training/CertificateDetailDrawer.tsx	19	
CERT_PILL	object	hse	false		src/components/sections/HSE/training/CertificateDetailDrawer.tsx	20	
pill	function	hse	false		src/components/sections/HSE/training/CertificateDetailDrawer.tsx	24	
CertificateDetailDrawer	function	hse	true	component	src/components/sections/HSE/training/CertificateDetailDrawer.tsx	26	
doReason	function	hse	false		src/components/sections/HSE/training/CertificateDetailDrawer.tsx	39	CertificateDetailDrawer
titleCase	function	hse	false		src/components/sections/HSE/training/TrainingDialogs.tsx	16	
AddCertificateDialog	function	hse	true	component	src/components/sections/HSE/training/TrainingDialogs.tsx	19	
reset	function	hse	false		src/components/sections/HSE/training/TrainingDialogs.tsx	36	AddCertificateDialog
submit	function	hse	false		src/components/sections/HSE/training/TrainingDialogs.tsx	37	AddCertificateDialog
RenewCertificateDialog	function	hse	true	component	src/components/sections/HSE/training/TrainingDialogs.tsx	72	
submit	function	hse	false		src/components/sections/HSE/training/TrainingDialogs.tsx	77	RenewCertificateDialog
AssignTrainingDialog	function	hse	true	component	src/components/sections/HSE/training/TrainingDialogs.tsx	95	
submit	function	hse	false		src/components/sections/HSE/training/TrainingDialogs.tsx	105	AssignTrainingDialog
CreateRequirementDialog	function	hse	true	component	src/components/sections/HSE/training/TrainingDialogs.tsx	125	
submit	function	hse	false		src/components/sections/HSE/training/TrainingDialogs.tsx	131	CreateRequirementDialog
MONTH_ABBR	array	hse	false		src/components/sections/HSE/training/TrainingInsightCards.tsx	20	
PALETTE	array	hse	false		src/components/sections/HSE/training/TrainingInsightCards.tsx	21	
_titleCase	function	hse	false		src/components/sections/HSE/training/TrainingInsightCards.tsx	22	
isExpiredCert	function	hse	false		src/components/sections/HSE/training/TrainingInsightCards.tsx	23	
tally	function	hse	false		src/components/sections/HSE/training/TrainingInsightCards.tsx	25	
issuedTrend	function	hse	false		src/components/sections/HSE/training/TrainingInsightCards.tsx	30	
expiryTrend	function	hse	false		src/components/sections/HSE/training/TrainingInsightCards.tsx	42	
lastSixMonthLabels	function	hse	false		src/components/sections/HSE/training/TrainingInsightCards.tsx	53	
nextSixMonthLabels	function	hse	false		src/components/sections/HSE/training/TrainingInsightCards.tsx	57	
StatDonut	function	hse	false	component	src/components/sections/HSE/training/TrainingInsightCards.tsx	64	
StatBars	function	hse	false	component	src/components/sections/HSE/training/TrainingInsightCards.tsx	103	
StatGauge	function	hse	false	component	src/components/sections/HSE/training/TrainingInsightCards.tsx	121	
StatColumns	function	hse	false	component	src/components/sections/HSE/training/TrainingInsightCards.tsx	142	
gapBars	function	hse	false		src/components/sections/HSE/training/TrainingInsightCards.tsx	163	
TrainingInsightCards	function	hse	true	component,ui-tile	src/components/sections/HSE/training/TrainingInsightCards.tsx	175	
TabKey	type	hse	false		src/components/sections/HSE/training/WorkerProfileDrawer.tsx	13	
TABS	array	hse	false		src/components/sections/HSE/training/WorkerProfileDrawer.tsx	14	
fmt	function	hse	false		src/components/sections/HSE/training/WorkerProfileDrawer.tsx	17	
CELL_PILL	object	hse	false		src/components/sections/HSE/training/WorkerProfileDrawer.tsx	19	
WorkerProfileDrawer	function	hse	true	component	src/components/sections/HSE/training/WorkerProfileDrawer.tsx	24	
HseSeverity	type	hse	true		src/components/sections/HSE/types.ts	20	
HeroStat	interface	hse	true		src/components/sections/HSE/types.ts	23	
mockHeroStats	array	hse	true		src/components/sections/HSE/types.ts	25	
HSE_HEALTH_SCORE	variable	hse	true		src/components/sections/HSE/types.ts	33	
HseKpi	interface	hse	true	ui-tile	src/components/sections/HSE/types.ts	36	
mockHseKpis	array	hse	true	ui-tile	src/components/sections/HSE/types.ts	44	
TrendPoint	interface	hse	true		src/components/sections/HSE/types.ts	54	
mockTrend	array	hse	true		src/components/sections/HSE/types.ts	56	
QueueItem	interface	hse	true		src/components/sections/HSE/types.ts	66	
mockQueue	array	hse	true		src/components/sections/HSE/types.ts	68	
HseIncident	interface	hse	true		src/components/sections/HSE/types.ts	76	
mockHseIncidents	array	hse	true		src/components/sections/HSE/types.ts	80	
SiteRisk	interface	hse	true		src/components/sections/HSE/types.ts	89	
mockSiteRisk	array	hse	true		src/components/sections/HSE/types.ts	91	
Permit	interface	hse	true		src/components/sections/HSE/types.ts	98	
mockPermits	array	hse	true		src/components/sections/HSE/types.ts	100	
ReadinessRow	interface	hse	true		src/components/sections/HSE/types.ts	108	
mockReadiness	array	hse	true		src/components/sections/HSE/types.ts	110	
hsePill	function	hse	true		src/components/sections/HSE/types.ts	119	
hseSeverityColor	function	hse	true		src/components/sections/HSE/types.ts	124	
hseStatusClass	function	hse	true		src/components/sections/HSE/types.ts	133	
HSE_SITE_OPTIONS	array	hse	true		src/components/sections/HSE/types.ts	141	
HSE_PERIOD_OPTIONS	array	hse	true		src/components/sections/HSE/types.ts	142	
HSE_RISK_OPTIONS	array	hse	true		src/components/sections/HSE/types.ts	143	
HSE_OWNER_OPTIONS	array	hse	true		src/components/sections/HSE/types.ts	144	
splitSiteDetail	function	hse	true		src/components/sections/HSE/types.ts	147	
PpeStatus	type	hse	true		src/components/sections/HSE/types.ts	154	
PpeItem	interface	hse	true		src/components/sections/HSE/types.ts	156	
mockPpeItems	array	hse	true		src/components/sections/HSE/types.ts	168	
PpeEmployee	interface	hse	true		src/components/sections/HSE/types.ts	182	
mockPpeEmployees	array	hse	true		src/components/sections/HSE/types.ts	191	
RoleMatrixRow	interface	hse	true		src/components/sections/HSE/types.ts	203	
mockRoleMatrix	array	hse	true		src/components/sections/HSE/types.ts	208	
PPE_MATRIX_COLUMNS	variable	hse	true		src/components/sections/HSE/types.ts	217	
ppePillClass	function	hse	true		src/components/sections/HSE/types.ts	223	
HseWorker	interface	hse	true		src/components/sections/HSE/types.ts	233	
HSE_SITES	variable	hse	true		src/components/sections/HSE/types.ts	235	
mockHseWorkers	array	hse	true		src/components/sections/HSE/types.ts	237	
IncidentType	type	hse	true		src/components/sections/HSE/types.ts	252	
IncidentRecord	interface	hse	true		src/components/sections/HSE/types.ts	254	
mockIncidents	array	hse	true		src/components/sections/HSE/types.ts	262	
Investigation	interface	hse	true		src/components/sections/HSE/types.ts	271	
mockInvestigations	array	hse	true		src/components/sections/HSE/types.ts	292	
CapaItem	interface	hse	true		src/components/sections/HSE/types.ts	327	
mockCapa	array	hse	true		src/components/sections/HSE/types.ts	332	
HazardRow	interface	hse	true		src/components/sections/HSE/types.ts	341	
mockHazards	array	hse	true		src/components/sections/HSE/types.ts	345	
RiskAssessmentRow	interface	hse	true		src/components/sections/HSE/types.ts	353	
mockRiskAssessments	array	hse	true		src/components/sections/HSE/types.ts	357	
JsaRow	interface	hse	true		src/components/sections/HSE/types.ts	363	
mockJsas	array	hse	true		src/components/sections/HSE/types.ts	365	
riskRating	function	hse	true		src/components/sections/HSE/types.ts	372	
PermitRow	interface	hse	true		src/components/sections/HSE/types.ts	382	
mockPermitRows	array	hse	true		src/components/sections/HSE/types.ts	386	
PERMIT_TYPES	variable	hse	true		src/components/sections/HSE/types.ts	393	
InspectionRow	interface	hse	true		src/components/sections/HSE/types.ts	397	
mockInspections	array	hse	true		src/components/sections/HSE/types.ts	401	
FindingRow	interface	hse	true		src/components/sections/HSE/types.ts	408	
mockFindings	array	hse	true		src/components/sections/HSE/types.ts	412	
TRAINING_COURSES	variable	hse	true		src/components/sections/HSE/types.ts	420	
CompetencyStatus	type	hse	true		src/components/sections/HSE/types.ts	422	
CompetencyCell	interface	hse	true		src/components/sections/HSE/types.ts	424	
CompetencyRow	interface	hse	true		src/components/sections/HSE/types.ts	425	
mockCompetency	variable	hse	true		src/components/sections/HSE/types.ts	427	
CertificationRow	interface	hse	true		src/components/sections/HSE/types.ts	436	
mockCertifications	array	hse	true		src/components/sections/HSE/types.ts	440	
ToolboxTalkRow	interface	hse	true		src/components/sections/HSE/types.ts	450	
mockToolboxTalks	array	hse	true		src/components/sections/HSE/types.ts	454	
TOOLBOX_TOPICS	variable	hse	true		src/components/sections/HSE/types.ts	461	
HseDocRow	interface	hse	true		src/components/sections/HSE/types.ts	465	
mockHseDocs	array	hse	true		src/components/sections/HSE/types.ts	469	
HSE_DOC_TYPES	variable	hse	true		src/components/sections/HSE/types.ts	476	
SdsRow	interface	hse	true		src/components/sections/HSE/types.ts	478	
mockSds	array	hse	true		src/components/sections/HSE/types.ts	482	
PpeAssignment	interface	hse	true		src/components/sections/HSE/types.ts	491	
mockPpeAssignments	array	hse	true		src/components/sections/HSE/types.ts	502	
PpeRenewalRow	interface	hse	true		src/components/sections/HSE/types.ts	519	
mockPpeRenewals	array	hse	true		src/components/sections/HSE/types.ts	529	
PpeReturnRow	interface	hse	true		src/components/sections/HSE/types.ts	540	
mockPpeReturns	array	hse	true		src/components/sections/HSE/types.ts	551	
PpeRequestRow	interface	hse	true		src/components/sections/HSE/types.ts	559	
mockPpeRequests	array	hse	true		src/components/sections/HSE/types.ts	571	
PpeKitRow	interface	hse	true		src/components/sections/HSE/types.ts	580	
mockPpeKits	array	hse	true		src/components/sections/HSE/types.ts	589	
TABS	array	hse	false		src/components/sections/HSE/Workflows.tsx	26	
PRIORITY_TONE	object	hse	false		src/components/sections/HSE/Workflows.tsx	35	
STATUS_TONE	object	hse	false		src/components/sections/HSE/Workflows.tsx	39	
StatusPill	function	hse	false	component	src/components/sections/HSE/Workflows.tsx	55	
PriorityChip	function	hse	false	component	src/components/sections/HSE/Workflows.tsx	64	
MODULE_ICON	object	hse	false		src/components/sections/HSE/Workflows.tsx	73	
fmtDate	function	hse	false		src/components/sections/HSE/Workflows.tsx	78	
isOpenStatus	function	hse	false		src/components/sections/HSE/Workflows.tsx	83	
Skeleton	function	hse	false	component	src/components/sections/HSE/Workflows.tsx	89	
ApprovalsTab	function	hse	false	component	src/components/sections/HSE/Workflows.tsx	101	
handleDecide	function	hse	false		src/components/sections/HSE/Workflows.tsx	118	ApprovalsTab
RegisterTab	function	hse	false	component	src/components/sections/HSE/Workflows.tsx	243	
WorkflowDetailPanel	function	hse	false	component	src/components/sections/HSE/Workflows.tsx	354	
AuditTab	function	hse	false	component	src/components/sections/HSE/Workflows.tsx	423	
HandoffsTab	function	hse	false	component	src/components/sections/HSE/Workflows.tsx	544	
SeededTemplate	interface	hse	false		src/components/sections/HSE/Workflows.tsx	642	
SEEDED_TEMPLATES	array	hse	false		src/components/sections/HSE/Workflows.tsx	649	
WorkflowsArea	function	hse	true	component	src/components/sections/HSE/Workflows.tsx	712	
ApiResponse	interface	platform	false		src/components/sections/LiveMap/api.ts	12	
LiveAttendanceRow	interface	platform	true		src/components/sections/LiveMap/api.ts	14	
LiveResponse	interface	platform	false		src/components/sections/LiveMap/api.ts	39	
getLiveAttendance	function	platform	true		src/components/sections/LiveMap/api.ts	41	
LiveMapGlobal	interface	platform	false		src/components/sections/LiveMap/LiveMapController.tsx	30	
getLiveMap	function	platform	false		src/components/sections/LiveMap/LiveMapController.tsx	39	
useLiveListClick	function	platform	false	hook	src/components/sections/LiveMap/LiveMapController.tsx	45	
handler	function	platform	false		src/components/sections/LiveMap/LiveMapController.tsx	51	useLiveListClick
LiveMapController	function	platform	true	component	src/components/sections/LiveMap/LiveMapController.tsx	65	
mountLiveMapController	function	platform	true		src/components/sections/LiveMap/mount.ts	15	
unmountLiveMapController	function	platform	true		src/components/sections/LiveMap/mount.ts	24	
Props	interface	communications	false		src/components/sections/Messages/ComposeThreadDialog.tsx	17	
initials	function	communications	false		src/components/sections/Messages/ComposeThreadDialog.tsx	23	
ComposeThreadDialog	function	communications	true	component	src/components/sections/Messages/ComposeThreadDialog.tsx	29	
onDown	function	communications	false		src/components/sections/Messages/ComposeThreadDialog.tsx	44	ComposeThreadDialog
addRecipient	function	communications	false		src/components/sections/Messages/ComposeThreadDialog.tsx	63	ComposeThreadDialog
removeRecipient	function	communications	false		src/components/sections/Messages/ComposeThreadDialog.tsx	71	ComposeThreadDialog
handleSend	function	communications	false		src/components/sections/Messages/ComposeThreadDialog.tsx	81	ComposeThreadDialog
DiscussionButton	function	communications	true	component	src/components/sections/Messages/DiscussionButton.tsx	21	
open	function	communications	false		src/components/sections/Messages/DiscussionButton.tsx	32	DiscussionButton
TABS	variable	communications	false	component	src/components/sections/Messages/MessageDropdown.tsx	23	
closeModal	function	communications	false		src/components/sections/Messages/MessageDropdown.tsx	28	
goToCenter	function	communications	false		src/components/sections/Messages/MessageDropdown.tsx	33	
MessageDropdown	function	communications	true	component	src/components/sections/Messages/MessageDropdown.tsx	38	
onDown	function	communications	false		src/components/sections/Messages/MessageDropdown.tsx	59	MessageDropdown
openThread	function	communications	false		src/components/sections/Messages/MessageDropdown.tsx	90	MessageDropdown
initials	function	communications	false		src/components/sections/Messages/MessageDropdownItem.tsx	14	
relativeTime	function	communications	false		src/components/sections/Messages/MessageDropdownItem.tsx	20	
MessageDropdownItem	function	communications	true	component	src/components/sections/Messages/MessageDropdownItem.tsx	33	
SiomacRepository	type	communications	true		src/components/sections/Messages/messenger/adapters/index.ts	17	
SiomacMessagingAdapters	interface	communications	true		src/components/sections/Messages/messenger/adapters/index.ts	49	
createSiomacMessagingAdapters	function	communications	true		src/components/sections/Messages/messenger/adapters/index.ts	56	
ATTACHMENT_KIND	object	communications	false		src/components/sections/Messages/messenger/adapters/mappers.ts	21	
mapTransferState	function	communications	false		src/components/sections/Messages/messenger/adapters/mappers.ts	27	
mapAttachment	function	communications	true		src/components/sections/Messages/messenger/adapters/mappers.ts	36	
SYSTEM_EVENT	object	communications	false		src/components/sections/Messages/messenger/adapters/mappers.ts	53	
mapDelivery	function	communications	false		src/components/sections/Messages/messenger/adapters/mappers.ts	60	
BODY_URL	variable	communications	false		src/components/sections/Messages/messenger/adapters/mappers.ts	72	
subjectUserIdOf	function	communications	false		src/components/sections/Messages/messenger/adapters/mappers.ts	74	
linkFromBody	function	communications	false		src/components/sections/Messages/messenger/adapters/mappers.ts	79	
mapPost	function	communications	true		src/components/sections/Messages/messenger/adapters/mappers.ts	85	
toPresence	function	communications	false		src/components/sections/Messages/messenger/adapters/mappers.ts	116	
mapParticipantToUser	function	communications	true		src/components/sections/Messages/messenger/adapters/mappers.ts	120	
mapOnlineToUser	function	communications	true		src/components/sections/Messages/messenger/adapters/mappers.ts	130	
mapKind	function	communications	false		src/components/sections/Messages/messenger/adapters/mappers.ts	141	
directCounterpart	function	communications	false		src/components/sections/Messages/messenger/adapters/mappers.ts	146	
mapThread	function	communications	true		src/components/sections/Messages/messenger/adapters/mappers.ts	150	
UploadUrlResult	interface	communications	false		src/components/sections/Messages/messenger/adapters/siomacAttachments.ts	10	
SiomacAttachmentService	class	communications	true		src/components/sections/Messages/messenger/adapters/siomacAttachments.ts	12	
upload	method	communications	false		src/components/sections/Messages/messenger/adapters/siomacAttachments.ts	13	SiomacAttachmentService
download	method	communications	false		src/components/sections/Messages/messenger/adapters/siomacAttachments.ts	54	SiomacAttachmentService
SupabaseClient	type	communications	false		src/components/sections/Messages/messenger/adapters/siomacRealtime.ts	21	
SupabaseChannel	type	communications	false		src/components/sections/Messages/messenger/adapters/siomacRealtime.ts	22	
TYPING_TTL_MS	variable	communications	true		src/components/sections/Messages/messenger/adapters/siomacRealtime.ts	26	
TYPING_REFRESH_MS	variable	communications	true		src/components/sections/Messages/messenger/adapters/siomacRealtime.ts	27	
SiomacRealtimeGateway	class	communications	true		src/components/sections/Messages/messenger/adapters/siomacRealtime.ts	29	
publish	method	communications	false		src/components/sections/Messages/messenger/adapters/siomacRealtime.ts	44	SiomacRealtimeGateway
subscribe	method	communications	false		src/components/sections/Messages/messenger/adapters/siomacRealtime.ts	64	SiomacRealtimeGateway
close	method	communications	false		src/components/sections/Messages/messenger/adapters/siomacRealtime.ts	69	SiomacRealtimeGateway
setAuth	method	communications	false		src/components/sections/Messages/messenger/adapters/siomacRealtime.ts	81	SiomacRealtimeGateway
setActiveThread	method	communications	false		src/components/sections/Messages/messenger/adapters/siomacRealtime.ts	102	SiomacRealtimeGateway
emit	method	communications	false		src/components/sections/Messages/messenger/adapters/siomacRealtime.ts	111	SiomacRealtimeGateway
joinPresence	method	communications	false		src/components/sections/Messages/messenger/adapters/siomacRealtime.ts	116	SiomacRealtimeGateway
leavePresence	method	communications	false		src/components/sections/Messages/messenger/adapters/siomacRealtime.ts	137	SiomacRealtimeGateway
joinTyping	method	communications	false		src/components/sections/Messages/messenger/adapters/siomacRealtime.ts	143	SiomacRealtimeGateway
leaveTyping	method	communications	false		src/components/sections/Messages/messenger/adapters/siomacRealtime.ts	157	SiomacRealtimeGateway
PREFS_KEY	function	communications	false		src/components/sections/Messages/messenger/adapters/siomacRepository.ts	28	
post	function	communications	false		src/components/sections/Messages/messenger/adapters/siomacRepository.ts	30	
SiomacMessagingRepository	class	communications	true		src/components/sections/Messages/messenger/adapters/siomacRepository.ts	36	
load	method	communications	false		src/components/sections/Messages/messenger/adapters/siomacRepository.ts	47	SiomacMessagingRepository
loadThreadDetail	method	communications	false		src/components/sections/Messages/messenger/adapters/siomacRepository.ts	81	SiomacMessagingRepository
loadThread	method	communications	false		src/components/sections/Messages/messenger/adapters/siomacRepository.ts	109	SiomacMessagingRepository
loadOlderMessages	method	communications	false		src/components/sections/Messages/messenger/adapters/siomacRepository.ts	114	SiomacMessagingRepository
loadMoreThreads	method	communications	false		src/components/sections/Messages/messenger/adapters/siomacRepository.ts	138	SiomacMessagingRepository
saveDraft	method	communications	false		src/components/sections/Messages/messenger/adapters/siomacRepository.ts	155	SiomacMessagingRepository
getDraft	method	communications	false		src/components/sections/Messages/messenger/adapters/siomacRepository.ts	159	SiomacMessagingRepository
deleteDraft	method	communications	false		src/components/sections/Messages/messenger/adapters/siomacRepository.ts	165	SiomacMessagingRepository
searchMessages	method	communications	false		src/components/sections/Messages/messenger/adapters/siomacRepository.ts	170	SiomacMessagingRepository
loadPreferences	method	communications	false		src/components/sections/Messages/messenger/adapters/siomacRepository.ts	177	SiomacMessagingRepository
savePreferences	method	communications	false		src/components/sections/Messages/messenger/adapters/siomacRepository.ts	188	SiomacMessagingRepository
send	method	communications	false		src/components/sections/Messages/messenger/adapters/siomacRepository.ts	193	SiomacMessagingRepository
createGroup	method	communications	false		src/components/sections/Messages/messenger/adapters/siomacRepository.ts	224	SiomacMessagingRepository
deleteMessage	method	communications	false		src/components/sections/Messages/messenger/adapters/siomacRepository.ts	246	SiomacMessagingRepository
togglePin	method	communications	false		src/components/sections/Messages/messenger/adapters/siomacRepository.ts	250	SiomacMessagingRepository
markRead	method	communications	false		src/components/sections/Messages/messenger/adapters/siomacRepository.ts	270	SiomacMessagingRepository
setMuted	method	communications	false		src/components/sections/Messages/messenger/adapters/siomacRepository.ts	274	SiomacMessagingRepository
setArchived	method	communications	false		src/components/sections/Messages/messenger/adapters/siomacRepository.ts	278	SiomacMessagingRepository
invite	method	communications	false		src/components/sections/Messages/messenger/adapters/siomacRepository.ts	282	SiomacMessagingRepository
removeParticipant	method	communications	false		src/components/sections/Messages/messenger/adapters/siomacRepository.ts	286	SiomacMessagingRepository
listActivity	method	communications	false		src/components/sections/Messages/messenger/adapters/siomacRepository.ts	292	SiomacMessagingRepository
listRecipients	method	communications	false		src/components/sections/Messages/messenger/adapters/siomacRepository.ts	298	SiomacMessagingRepository
toggleReaction	method	communications	false		src/components/sections/Messages/messenger/adapters/siomacRepository.ts	310	SiomacMessagingRepository
setFavourite	method	communications	false		src/components/sections/Messages/messenger/adapters/siomacRepository.ts	315	SiomacMessagingRepository
MessagingActions	interface	communications	false		src/components/sections/Messages/messenger/app/MessagingProvider.tsx	25	
MessagingContextValue	interface	communications	false		src/components/sections/Messages/messenger/app/MessagingProvider.tsx	62	
MessagingContext	variable	communications	false	component	src/components/sections/Messages/messenger/app/MessagingProvider.tsx	76	
MessagingProviderProps	interface	communications	true		src/components/sections/Messages/messenger/app/MessagingProvider.tsx	78	
MessagingProvider	function	communications	true	component	src/components/sections/Messages/messenger/app/MessagingProvider.tsx	86	
preserveClientKeys	function	communications	false		src/components/sections/Messages/messenger/app/MessagingProvider.tsx	115	MessagingProvider
mergeThreadMessages	function	communications	false		src/components/sections/Messages/messenger/app/MessagingProvider.tsx	147	MessagingProvider
patch	function	communications	false		src/components/sections/Messages/messenger/app/MessagingProvider.tsx	345	actions
flip	function	communications	false		src/components/sections/Messages/messenger/app/MessagingProvider.tsx	366	actions
toggle	function	communications	false		src/components/sections/Messages/messenger/app/MessagingProvider.tsx	387	actions
useMessaging	function	communications	true	hook	src/components/sections/Messages/messenger/app/MessagingProvider.tsx	571	
userById	function	communications	true		src/components/sections/Messages/messenger/app/selectors.ts	7	
threadById	function	communications	true		src/components/sections/Messages/messenger/app/selectors.ts	12	
messagesForThread	function	communications	true		src/components/sections/Messages/messenger/app/selectors.ts	18	
messageById	function	communications	true		src/components/sections/Messages/messenger/app/selectors.ts	24	
lastMessage	function	communications	true		src/components/sections/Messages/messenger/app/selectors.ts	28	
TTL	variable	communications	false	test	src/components/sections/Messages/messenger/app/typingState.test.ts	5	
T0	variable	communications	false	test	src/components/sections/Messages/messenger/app/typingState.test.ts	6	
TypingState	type	communications	true		src/components/sections/Messages/messenger/app/typingState.ts	10	
emptyTypingState	variable	communications	true		src/components/sections/Messages/messenger/app/typingState.ts	12	
applyTyping	function	communications	true		src/components/sections/Messages/messenger/app/typingState.ts	15	
pruneTyping	function	communications	true		src/components/sections/Messages/messenger/app/typingState.ts	36	
typingUserIds	function	communications	true		src/components/sections/Messages/messenger/app/typingState.ts	48	
hasTyping	function	communications	true		src/components/sections/Messages/messenger/app/typingState.ts	55	
formatFileSize	function	communications	true		src/components/sections/Messages/messenger/domain/format.ts	5	
formatTime	function	communications	true		src/components/sections/Messages/messenger/domain/format.ts	11	
formatRelativeTime	function	communications	true		src/components/sections/Messages/messenger/domain/format.ts	15	
attachmentKind	function	communications	true		src/components/sections/Messages/messenger/domain/format.ts	23	
escapeHtml	function	communications	true		src/components/sections/Messages/messenger/domain/format.ts	40	
renderComposerMarkup	function	communications	true		src/components/sections/Messages/messenger/domain/format.ts	50	
sanitizeComposerHtml	function	communications	true		src/components/sections/Messages/messenger/domain/format.ts	58	
linkPreviewFromUrl	function	communications	true		src/components/sections/Messages/messenger/domain/format.ts	75	
UserId	type	communications	true		src/components/sections/Messages/messenger/domain/models.ts	4	
ThreadId	type	communications	true		src/components/sections/Messages/messenger/domain/models.ts	5	
MessageId	type	communications	true		src/components/sections/Messages/messenger/domain/models.ts	6	
Presence	type	communications	true		src/components/sections/Messages/messenger/domain/models.ts	8	
ThreadKind	type	communications	true		src/components/sections/Messages/messenger/domain/models.ts	9	
Queue	type	communications	true		src/components/sections/Messages/messenger/domain/models.ts	10	
DeliveryState	type	communications	true		src/components/sections/Messages/messenger/domain/models.ts	11	
AttachmentKind	type	communications	true		src/components/sections/Messages/messenger/domain/models.ts	12	
TransferState	type	communications	true		src/components/sections/Messages/messenger/domain/models.ts	13	
User	interface	communications	true		src/components/sections/Messages/messenger/domain/models.ts	15	
RelatedRecord	interface	communications	true		src/components/sections/Messages/messenger/domain/models.ts	23	
Attachment	interface	communications	true		src/components/sections/Messages/messenger/domain/models.ts	34	
LinkPreview	interface	communications	true		src/components/sections/Messages/messenger/domain/models.ts	46	
CollaborationCard	interface	communications	true	ui-tile	src/components/sections/Messages/messenger/domain/models.ts	53	
Reaction	interface	communications	true		src/components/sections/Messages/messenger/domain/models.ts	67	
Message	interface	communications	true		src/components/sections/Messages/messenger/domain/models.ts	72	
Thread	interface	communications	true		src/components/sections/Messages/messenger/domain/models.ts	102	
ActivityEntry	interface	communications	true		src/components/sections/Messages/messenger/domain/models.ts	126	
MessageDraft	interface	communications	true		src/components/sections/Messages/messenger/domain/models.ts	135	
WorkspaceSnapshot	interface	communications	true		src/components/sections/Messages/messenger/domain/models.ts	143	
RealtimeEvent	type	communications	true		src/components/sections/Messages/messenger/domain/ports.ts	18	
MessagingRepository	interface	communications	true		src/components/sections/Messages/messenger/domain/ports.ts	23	
AttachmentService	interface	communications	true		src/components/sections/Messages/messenger/domain/ports.ts	41	
RealtimeGateway	interface	communications	true		src/components/sections/Messages/messenger/domain/ports.ts	46	
MessageDensity	type	communications	true		src/components/sections/Messages/messenger/domain/preferences.ts	5	
MessageTextSize	type	communications	true		src/components/sections/Messages/messenger/domain/preferences.ts	6	
ConversationSurface	type	communications	true		src/components/sections/Messages/messenger/domain/preferences.ts	7	
ChatPreferences	interface	communications	true		src/components/sections/Messages/messenger/domain/preferences.ts	9	
defaultChatPreferences	object	communications	true		src/components/sections/Messages/messenger/domain/preferences.ts	22	
OpenAction	interface	communications	false		src/components/sections/Messages/messenger/integration/messagingNotifications.ts	7	
notifyChatParticipantAdded	function	communications	true		src/components/sections/Messages/messenger/integration/messagingNotifications.ts	9	
notifyGroupChatStarted	function	communications	true		src/components/sections/Messages/messenger/integration/messagingNotifications.ts	20	
notifyCollaborationStarted	function	communications	true		src/components/sections/Messages/messenger/integration/messagingNotifications.ts	30	
notifyCollaborationMemberAdded	function	communications	true		src/components/sections/Messages/messenger/integration/messagingNotifications.ts	42	
Listener	type	communications	false		src/components/sections/Messages/messenger/integration/messengerSignalBus.ts	9	
listeners	variable	communications	false		src/components/sections/Messages/messenger/integration/messengerSignalBus.ts	11	
emitMessagesSignal	function	communications	true		src/components/sections/Messages/messenger/integration/messengerSignalBus.ts	14	
onMessagesSignal	function	communications	true		src/components/sections/Messages/messenger/integration/messengerSignalBus.ts	19	
MessengerWorkspace	function	communications	true	component	src/components/sections/Messages/messenger/MessengerWorkspace.tsx	18	
EVENT_META	object	communications	false		src/components/sections/Messages/messenger/ui/compliance/ComplianceAccessLogView.tsx	16	
EVENT_FILTERS	array	communications	false		src/components/sections/Messages/messenger/ui/compliance/ComplianceAccessLogView.tsx	29	
fmtDateTime	function	communications	false		src/components/sections/Messages/messenger/ui/compliance/ComplianceAccessLogView.tsx	39	
ComplianceAccessLogView	function	communications	true	component	src/components/sections/Messages/messenger/ui/compliance/ComplianceAccessLogView.tsx	44	
fmtDetails	function	communications	false		src/components/sections/Messages/messenger/ui/compliance/ComplianceAccessLogView.tsx	117	
AccessEventRow	function	communications	false	component	src/components/sections/Messages/messenger/ui/compliance/ComplianceAccessLogView.tsx	123	
errText	function	communications	false		src/components/sections/Messages/messenger/ui/compliance/ComplianceActionDialogs.tsx	22	
DecideComplianceCaseDialog	function	communications	true	component	src/components/sections/Messages/messenger/ui/compliance/ComplianceActionDialogs.tsx	27	
submit	function	communications	false		src/components/sections/Messages/messenger/ui/compliance/ComplianceActionDialogs.tsx	37	DecideComplianceCaseDialog
CloseComplianceCaseDialog	function	communications	true	component	src/components/sections/Messages/messenger/ui/compliance/ComplianceActionDialogs.tsx	66	
submit	function	communications	false		src/components/sections/Messages/messenger/ui/compliance/ComplianceActionDialogs.tsx	74	CloseComplianceCaseDialog
RevokeComplianceGrantDialog	function	communications	true	component	src/components/sections/Messages/messenger/ui/compliance/ComplianceActionDialogs.tsx	100	
submit	function	communications	false		src/components/sections/Messages/messenger/ui/compliance/ComplianceActionDialogs.tsx	109	RevokeComplianceGrantDialog
ComplianceExportDialog	function	communications	true	component	src/components/sections/Messages/messenger/ui/compliance/ComplianceActionDialogs.tsx	135	
submit	function	communications	false		src/components/sections/Messages/messenger/ui/compliance/ComplianceActionDialogs.tsx	151	ComplianceExportDialog
StatusFilter	type	communications	false		src/components/sections/Messages/messenger/ui/compliance/ComplianceCasesView.tsx	19	
STATUS_FILTER_LABEL	object	communications	false		src/components/sections/Messages/messenger/ui/compliance/ComplianceCasesView.tsx	20	
TYPE_LABEL	object	communications	false		src/components/sections/Messages/messenger/ui/compliance/ComplianceCasesView.tsx	24	
STATUS_LABEL	object	communications	false		src/components/sections/Messages/messenger/ui/compliance/ComplianceCasesView.tsx	32	
STATUS_ICON	object	communications	false		src/components/sections/Messages/messenger/ui/compliance/ComplianceCasesView.tsx	36	
statusTone	function	communications	false		src/components/sections/Messages/messenger/ui/compliance/ComplianceCasesView.tsx	40	
fmtDate	function	communications	false		src/components/sections/Messages/messenger/ui/compliance/ComplianceCasesView.tsx	47	
relShort	function	communications	false		src/components/sections/Messages/messenger/ui/compliance/ComplianceCasesView.tsx	53	
isExpiringSoon	function	communications	false		src/components/sections/Messages/messenger/ui/compliance/ComplianceCasesView.tsx	65	
isExpired	function	communications	false		src/components/sections/Messages/messenger/ui/compliance/ComplianceCasesView.tsx	70	
ComplianceCasesView	function	communications	true	component	src/components/sections/Messages/messenger/ui/compliance/ComplianceCasesView.tsx	74	
StatusPill	function	communications	false	component	src/components/sections/Messages/messenger/ui/compliance/ComplianceCasesView.tsx	198	
CaseTableSkeleton	function	communications	false	component	src/components/sections/Messages/messenger/ui/compliance/ComplianceCasesView.tsx	203	
ComplianceCaseDetailRail	function	communications	false	component	src/components/sections/Messages/messenger/ui/compliance/ComplianceCasesView.tsx	213	
GrantPill	function	communications	false	component	src/components/sections/Messages/messenger/ui/compliance/ComplianceCasesView.tsx	290	
fmtClock	function	communications	false		src/components/sections/Messages/messenger/ui/compliance/ComplianceConversationsView.tsx	25	
fmtDay	function	communications	false		src/components/sections/Messages/messenger/ui/compliance/ComplianceConversationsView.tsx	28	
fmtExpiry	function	communications	false		src/components/sections/Messages/messenger/ui/compliance/ComplianceConversationsView.tsx	31	
fmtSize	function	communications	false		src/components/sections/Messages/messenger/ui/compliance/ComplianceConversationsView.tsx	36	
ComplianceConversationsView	function	communications	true	component	src/components/sections/Messages/messenger/ui/compliance/ComplianceConversationsView.tsx	43	
ConversationRailItem	function	communications	false	component	src/components/sections/Messages/messenger/ui/compliance/ComplianceConversationsView.tsx	230	
ComplianceTimeline	function	communications	false	component	src/components/sections/Messages/messenger/ui/compliance/ComplianceConversationsView.tsx	259	
ComplianceMessageRow	function	communications	false	component	src/components/sections/Messages/messenger/ui/compliance/ComplianceConversationsView.tsx	276	
ComplianceSubview	type	communications	true		src/components/sections/Messages/messenger/ui/compliance/ComplianceState.tsx	13	
ComplianceStateValue	interface	communications	false		src/components/sections/Messages/messenger/ui/compliance/ComplianceState.tsx	15	
ComplianceStateContext	variable	communications	false	component	src/components/sections/Messages/messenger/ui/compliance/ComplianceState.tsx	26	
ComplianceStateProvider	function	communications	true	component	src/components/sections/Messages/messenger/ui/compliance/ComplianceState.tsx	28	
useComplianceState	function	communications	true	hook	src/components/sections/Messages/messenger/ui/compliance/ComplianceState.tsx	47	
TABS	array	communications	false		src/components/sections/Messages/messenger/ui/compliance/ComplianceWorkspace.tsx	25	
ComplianceSubnav	function	communications	true	component	src/components/sections/Messages/messenger/ui/compliance/ComplianceWorkspace.tsx	37	
ComplianceWorkspace	function	communications	true	component	src/components/sections/Messages/messenger/ui/compliance/ComplianceWorkspace.tsx	71	
refresh	function	communications	false		src/components/sections/Messages/messenger/ui/compliance/ComplianceWorkspace.tsx	88	ComplianceWorkspace
ComplianceAccessGate	function	communications	false	component	src/components/sections/Messages/messenger/ui/compliance/ComplianceWorkspace.tsx	155	
WIZARD_STEPS	variable	communications	false	component	src/components/sections/Messages/messenger/ui/compliance/NewComplianceCaseDialog.tsx	19	
CASE_TYPES	array	communications	false		src/components/sections/Messages/messenger/ui/compliance/NewComplianceCaseDialog.tsx	25	
Picked	interface	communications	false		src/components/sections/Messages/messenger/ui/compliance/NewComplianceCaseDialog.tsx	33	
NewComplianceCaseDialog	function	communications	true	component	src/components/sections/Messages/messenger/ui/compliance/NewComplianceCaseDialog.tsx	35	
iso	function	communications	false		src/components/sections/Messages/messenger/ui/compliance/NewComplianceCaseDialog.tsx	51	NewComplianceCaseDialog
toggle	function	communications	false		src/components/sections/Messages/messenger/ui/compliance/NewComplianceCaseDialog.tsx	63	NewComplianceCaseDialog
setNote	function	communications	false		src/components/sections/Messages/messenger/ui/compliance/NewComplianceCaseDialog.tsx	68	NewComplianceCaseDialog
submit	function	communications	false		src/components/sections/Messages/messenger/ui/compliance/NewComplianceCaseDialog.tsx	72	NewComplianceCaseDialog
accentPresets	variable	communications	false		src/components/sections/Messages/messenger/ui/components/AppearanceDialog.tsx	7	
surfaces	array	communications	false		src/components/sections/Messages/messenger/ui/components/AppearanceDialog.tsx	13	
receivedPresets	variable	communications	false		src/components/sections/Messages/messenger/ui/components/AppearanceDialog.tsx	20	
AppearanceDialog	function	communications	true	component	src/components/sections/Messages/messenger/ui/components/AppearanceDialog.tsx	28	
set	function	communications	false		src/components/sections/Messages/messenger/ui/components/AppearanceDialog.tsx	39	AppearanceDialog
save	function	communications	false		src/components/sections/Messages/messenger/ui/components/AppearanceDialog.tsx	42	AppearanceDialog
AccessibilitySwitch	function	communications	false	component	src/components/sections/Messages/messenger/ui/components/AppearanceDialog.tsx	102	
initials	function	communications	false		src/components/sections/Messages/messenger/ui/components/Avatar.tsx	5	
Avatar	function	communications	true	component	src/components/sections/Messages/messenger/ui/components/Avatar.tsx	12	
GroupAvatarStack	function	communications	true	component	src/components/sections/Messages/messenger/ui/components/Avatar.tsx	23	
ComplianceView	function	communications	true	component	src/components/sections/Messages/messenger/ui/components/ComplianceView.tsx	11	
emojis	array	communications	false		src/components/sections/Messages/messenger/ui/components/Composer.tsx	22	
urlPattern	variable	communications	false		src/components/sections/Messages/messenger/ui/components/Composer.tsx	23	
FormatCommand	type	communications	false		src/components/sections/Messages/messenger/ui/components/Composer.tsx	24	
commandState	function	communications	false		src/components/sections/Messages/messenger/ui/components/Composer.tsx	26	
Composer	function	communications	true	component	src/components/sections/Messages/messenger/ui/components/Composer.tsx	28	
publishTyping	function	communications	false		src/components/sections/Messages/messenger/ui/components/Composer.tsx	72	Composer
stopTyping	function	communications	false		src/components/sections/Messages/messenger/ui/components/Composer.tsx	79	Composer
scheduleDraftSave	function	communications	false		src/components/sections/Messages/messenger/ui/components/Composer.tsx	116	Composer
update	function	communications	false		src/components/sections/Messages/messenger/ui/components/Composer.tsx	130	Composer
readEditor	function	communications	false		src/components/sections/Messages/messenger/ui/components/Composer.tsx	140	Composer
format	function	communications	false		src/components/sections/Messages/messenger/ui/components/Composer.tsx	152	Composer
insertEmoji	function	communications	false		src/components/sections/Messages/messenger/ui/components/Composer.tsx	180	Composer
addFiles	function	communications	false		src/components/sections/Messages/messenger/ui/components/Composer.tsx	195	Composer
removeAttachment	function	communications	false		src/components/sections/Messages/messenger/ui/components/Composer.tsx	217	Composer
openAttachmentDialog	function	communications	false		src/components/sections/Messages/messenger/ui/components/Composer.tsx	222	Composer
cancelAttachmentDialog	function	communications	false		src/components/sections/Messages/messenger/ui/components/Composer.tsx	227	Composer
addLink	function	communications	false		src/components/sections/Messages/messenger/ui/components/Composer.tsx	232	Composer
send	function	communications	false		src/components/sections/Messages/messenger/ui/components/Composer.tsx	237	Composer
msg	function	communications	false	test	src/components/sections/Messages/messenger/ui/components/composerLogic.test.ts	7	
SendKeyEvent	interface	communications	true		src/components/sections/Messages/messenger/ui/components/composerLogic.ts	8	
isSendKey	function	communications	true		src/components/sections/Messages/messenger/ui/components/composerLogic.ts	22	
shouldRestoreReply	function	communications	true		src/components/sections/Messages/messenger/ui/components/composerLogic.ts	37	
DetailsPanelProps	interface	communications	false		src/components/sections/Messages/messenger/ui/components/DetailsPanel.tsx	18	
DetailsPanel	function	communications	true	component	src/components/sections/Messages/messenger/ui/components/DetailsPanel.tsx	27	
SummaryMetric	function	communications	false	component	src/components/sections/Messages/messenger/ui/components/DetailsPanel.tsx	143	
PinnedMessage	function	communications	false	component	src/components/sections/Messages/messenger/ui/components/DetailsPanel.tsx	147	
RelatedRecordSection	function	communications	false	component	src/components/sections/Messages/messenger/ui/components/DetailsPanel.tsx	153	
fileLabel	function	communications	false		src/components/sections/Messages/messenger/ui/components/DetailsPanel.tsx	166	
PanelSection	function	communications	false	component	src/components/sections/Messages/messenger/ui/components/DetailsPanel.tsx	170	
DialogProps	interface	communications	false		src/components/sections/Messages/messenger/ui/components/Dialog.tsx	6	
Dialog	function	communications	true	component	src/components/sections/Messages/messenger/ui/components/Dialog.tsx	16	
handleKeyDown	function	communications	false		src/components/sections/Messages/messenger/ui/components/Dialog.tsx	23	Dialog
IconProps	interface	communications	true		src/components/sections/Messages/messenger/ui/components/icons.tsx	9	
make	function	communications	false		src/components/sections/Messages/messenger/ui/components/icons.tsx	11	
Activity	variable	communications	true	component	src/components/sections/Messages/messenger/ui/components/icons.tsx	17	
AlertCircle	variable	communications	true	component	src/components/sections/Messages/messenger/ui/components/icons.tsx	18	
Archive	variable	communications	true	component	src/components/sections/Messages/messenger/ui/components/icons.tsx	19	
ArchiveRestore	variable	communications	true	component	src/components/sections/Messages/messenger/ui/components/icons.tsx	20	
ArrowLeft	variable	communications	true	component	src/components/sections/Messages/messenger/ui/components/icons.tsx	21	
ArrowUpRight	variable	communications	true	component	src/components/sections/Messages/messenger/ui/components/icons.tsx	22	
AudioLines	variable	communications	true	component	src/components/sections/Messages/messenger/ui/components/icons.tsx	23	
Bell	variable	communications	true	component	src/components/sections/Messages/messenger/ui/components/icons.tsx	24	
BellOff	variable	communications	true	component	src/components/sections/Messages/messenger/ui/components/icons.tsx	25	
Check	variable	communications	true	component	src/components/sections/Messages/messenger/ui/components/icons.tsx	26	
CheckCheck	variable	communications	true	component	src/components/sections/Messages/messenger/ui/components/icons.tsx	27	
CheckCircle2	variable	communications	true	component	src/components/sections/Messages/messenger/ui/components/icons.tsx	28	
ChevronDown	variable	communications	true	component	src/components/sections/Messages/messenger/ui/components/icons.tsx	29	
ChevronLeft	variable	communications	true	component	src/components/sections/Messages/messenger/ui/components/icons.tsx	30	
ChevronRight	variable	communications	true	component	src/components/sections/Messages/messenger/ui/components/icons.tsx	31	
Clock3	variable	communications	true	component	src/components/sections/Messages/messenger/ui/components/icons.tsx	32	
Copy	variable	communications	true	component	src/components/sections/Messages/messenger/ui/components/icons.tsx	33	
Download	variable	communications	true	component	src/components/sections/Messages/messenger/ui/components/icons.tsx	34	
ExternalLink	variable	communications	true	component	src/components/sections/Messages/messenger/ui/components/icons.tsx	35	
Eye	variable	communications	true	component	src/components/sections/Messages/messenger/ui/components/icons.tsx	36	
File	variable	communications	true	component	src/components/sections/Messages/messenger/ui/components/icons.tsx	37	
FileArchive	variable	communications	true	component	src/components/sections/Messages/messenger/ui/components/icons.tsx	38	
FileCode2	variable	communications	true	component	src/components/sections/Messages/messenger/ui/components/icons.tsx	39	
FileImage	variable	communications	true	component	src/components/sections/Messages/messenger/ui/components/icons.tsx	40	
FileJson	variable	communications	true	component	src/components/sections/Messages/messenger/ui/components/icons.tsx	41	
FileSpreadsheet	variable	communications	true	component	src/components/sections/Messages/messenger/ui/components/icons.tsx	42	
FileText	variable	communications	true	component	src/components/sections/Messages/messenger/ui/components/icons.tsx	43	
FileUp	variable	communications	true	component	src/components/sections/Messages/messenger/ui/components/icons.tsx	44	
FolderOpen	variable	communications	true	component	src/components/sections/Messages/messenger/ui/components/icons.tsx	45	
Globe2	variable	communications	true	component	src/components/sections/Messages/messenger/ui/components/icons.tsx	46	
Heart	variable	communications	true	component	src/components/sections/Messages/messenger/ui/components/icons.tsx	47	
Image	variable	communications	true	component	src/components/sections/Messages/messenger/ui/components/icons.tsx	48	
Inbox	variable	communications	true	component	src/components/sections/Messages/messenger/ui/components/icons.tsx	49	
Info	variable	communications	true	component	src/components/sections/Messages/messenger/ui/components/icons.tsx	50	
Link	variable	communications	true	component	src/components/sections/Messages/messenger/ui/components/icons.tsx	51	
Link2	variable	communications	true	component	src/components/sections/Messages/messenger/ui/components/icons.tsx	52	
LockKeyhole	variable	communications	true	component	src/components/sections/Messages/messenger/ui/components/icons.tsx	53	
MessageCircle	variable	communications	true	component	src/components/sections/Messages/messenger/ui/components/icons.tsx	54	
MessageSquare	variable	communications	true	component	src/components/sections/Messages/messenger/ui/components/icons.tsx	55	
MessageSquareText	variable	communications	true	component	src/components/sections/Messages/messenger/ui/components/icons.tsx	56	
MoreHorizontal	variable	communications	true	component	src/components/sections/Messages/messenger/ui/components/icons.tsx	57	
Palette	variable	communications	true	component	src/components/sections/Messages/messenger/ui/components/icons.tsx	58	
PenSquare	variable	communications	true	component	src/components/sections/Messages/messenger/ui/components/icons.tsx	59	
Paperclip	variable	communications	true	component	src/components/sections/Messages/messenger/ui/components/icons.tsx	60	
Pin	variable	communications	true	component	src/components/sections/Messages/messenger/ui/components/icons.tsx	61	
PinOff	variable	communications	true	component	src/components/sections/Messages/messenger/ui/components/icons.tsx	62	
Plus	variable	communications	true	component	src/components/sections/Messages/messenger/ui/components/icons.tsx	63	
ScrollText	variable	communications	true	component	src/components/sections/Messages/messenger/ui/components/icons.tsx	64	
FolderLock	variable	communications	true	component	src/components/sections/Messages/messenger/ui/components/icons.tsx	65	
ShieldX	variable	communications	true	component	src/components/sections/Messages/messenger/ui/components/icons.tsx	66	
FilePlus2	variable	communications	true	component	src/components/sections/Messages/messenger/ui/components/icons.tsx	67	
Presentation	variable	communications	true	component	src/components/sections/Messages/messenger/ui/components/icons.tsx	68	
Reply	variable	communications	true	component	src/components/sections/Messages/messenger/ui/components/icons.tsx	69	
RotateCcw	variable	communications	true	component	src/components/sections/Messages/messenger/ui/components/icons.tsx	70	
Search	variable	communications	true	component	src/components/sections/Messages/messenger/ui/components/icons.tsx	71	
Send	variable	communications	true	component	src/components/sections/Messages/messenger/ui/components/icons.tsx	72	
Settings2	variable	communications	true	component	src/components/sections/Messages/messenger/ui/components/icons.tsx	73	
ShieldCheck	variable	communications	true	component	src/components/sections/Messages/messenger/ui/components/icons.tsx	74	
Smile	variable	communications	true	component	src/components/sections/Messages/messenger/ui/components/icons.tsx	75	
SmilePlus	variable	communications	true	component	src/components/sections/Messages/messenger/ui/components/icons.tsx	76	
Star	variable	communications	true	component	src/components/sections/Messages/messenger/ui/components/icons.tsx	77	
Trash2	variable	communications	true	component	src/components/sections/Messages/messenger/ui/components/icons.tsx	78	
UploadCloud	variable	communications	true	component	src/components/sections/Messages/messenger/ui/components/icons.tsx	79	
UserMinus	variable	communications	true	component	src/components/sections/Messages/messenger/ui/components/icons.tsx	80	
UserPlus	variable	communications	true	component	src/components/sections/Messages/messenger/ui/components/icons.tsx	81	
Users	variable	communications	true	component	src/components/sections/Messages/messenger/ui/components/icons.tsx	82	
X	variable	communications	true	component	src/components/sections/Messages/messenger/ui/components/icons.tsx	83	
attachmentIcon	function	communications	true		src/components/sections/Messages/messenger/ui/components/MessageCards.tsx	12	
FileGlyph	function	communications	false	component	src/components/sections/Messages/messenger/ui/components/MessageCards.tsx	23	
AttachmentCardProps	type	communications	false	ui-tile	src/components/sections/Messages/messenger/ui/components/MessageCards.tsx	29	
AttachmentCard	function	communications	true	component,ui-tile	src/components/sections/Messages/messenger/ui/components/MessageCards.tsx	33	
LinkCard	function	communications	true	component,ui-tile	src/components/sections/Messages/messenger/ui/components/MessageCards.tsx	58	
cardTone	object	communications	true	ui-tile	src/components/sections/Messages/messenger/ui/components/MessageCards.tsx	71	
cardIcon	object	communications	true	ui-tile	src/components/sections/Messages/messenger/ui/components/MessageCards.tsx	76	
cardModule	object	communications	true	ui-tile	src/components/sections/Messages/messenger/ui/components/MessageCards.tsx	81	
cardTypeFor	function	communications	true	ui-tile	src/components/sections/Messages/messenger/ui/components/MessageCards.tsx	87	
openAppSection	function	communications	true		src/components/sections/Messages/messenger/ui/components/MessageCards.tsx	95	
CollaborationRecordCard	function	communications	true	component,ui-tile	src/components/sections/Messages/messenger/ui/components/MessageCards.tsx	99	
MessagesWorkspace	function	communications	true	component	src/components/sections/Messages/messenger/ui/components/MessagesWorkspace.tsx	26	
onOpenThread	function	communications	false		src/components/sections/Messages/messenger/ui/components/MessagesWorkspace.tsx	47	MessagesWorkspace
onOpenRecord	function	communications	false		src/components/sections/Messages/messenger/ui/components/MessagesWorkspace.tsx	51	MessagesWorkspace
selectThread	function	communications	false		src/components/sections/Messages/messenger/ui/components/MessagesWorkspace.tsx	98	MessagesWorkspace
selectQueue	function	communications	false		src/components/sections/Messages/messenger/ui/components/MessagesWorkspace.tsx	99	MessagesWorkspace
jumpTo	function	communications	false		src/components/sections/Messages/messenger/ui/components/MessagesWorkspace.tsx	105	MessagesWorkspace
openCollaboration	function	communications	false		src/components/sections/Messages/messenger/ui/components/MessagesWorkspace.tsx	106	MessagesWorkspace
openActivity	function	communications	false		src/components/sections/Messages/messenger/ui/components/MessagesWorkspace.tsx	175	MessagesWorkspace
emojiOnly	variable	communications	false		src/components/sections/Messages/messenger/ui/components/MessageThread.tsx	21	
documentKinds	variable	communications	false		src/components/sections/Messages/messenger/ui/components/MessageThread.tsx	22	
ThreadHeader	function	communications	true	component	src/components/sections/Messages/messenger/ui/components/MessageThread.tsx	30	
MessageThread	function	communications	true	component	src/components/sections/Messages/messenger/ui/components/MessageThread.tsx	62	
markIfVisible	function	communications	false		src/components/sections/Messages/messenger/ui/components/MessageThread.tsx	102	MessageThread
handleListScroll	function	communications	false		src/components/sections/Messages/messenger/ui/components/MessageThread.tsx	179	MessageThread
jumpTo	function	communications	false		src/components/sections/Messages/messenger/ui/components/MessageThread.tsx	186	MessageThread
SystemEvent	function	communications	false	component	src/components/sections/Messages/messenger/ui/components/MessageThread.tsx	272	
MessageRow	function	communications	false	component	src/components/sections/Messages/messenger/ui/components/MessageThread.tsx	276	
MessageStatus	function	communications	false	component	src/components/sections/Messages/messenger/ui/components/MessageThread.tsx	316	
RichMessage	function	communications	true	component	src/components/sections/Messages/messenger/ui/components/MessageThread.tsx	322	
renderRichNode	function	communications	false		src/components/sections/Messages/messenger/ui/components/MessageThread.tsx	328	
tabs	array	communications	false		src/components/sections/Messages/messenger/ui/components/ThreadSidebar.tsx	17	
threadInQueue	function	communications	true		src/components/sections/Messages/messenger/ui/components/ThreadSidebar.tsx	23	
QueueHeader	function	communications	true	component	src/components/sections/Messages/messenger/ui/components/ThreadSidebar.tsx	31	
ContentHit	interface	communications	false		src/components/sections/Messages/messenger/ui/components/ThreadSidebar.tsx	52	
ThreadSidebar	function	communications	true	component	src/components/sections/Messages/messenger/ui/components/ThreadSidebar.tsx	54	
InviteDialog	function	communications	true	component	src/components/sections/Messages/messenger/ui/components/WorkspaceDialogs.tsx	18	
create	function	communications	false		src/components/sections/Messages/messenger/ui/components/WorkspaceDialogs.tsx	47	InviteDialog
PreviewDialog	function	communications	true	component	src/components/sections/Messages/messenger/ui/components/WorkspaceDialogs.tsx	89	
ActivityDialog	function	communications	true	component	src/components/sections/Messages/messenger/ui/components/WorkspaceDialogs.tsx	102	
CollaborationDialog	function	communications	true	component	src/components/sections/Messages/messenger/ui/components/WorkspaceDialogs.tsx	110	
mountMessageCenterSection	function	communications	true		src/components/sections/Messages/mount.ts	16	
unmountMessageCenterSection	function	communications	true		src/components/sections/Messages/mount.ts	31	
mountMessageDropdown	function	communications	true		src/components/sections/Messages/mount.ts	36	
me	object	communications	false	test	src/components/sections/Messages/threadDisplay.test.ts	4	
alice	object	communications	false	test	src/components/sections/Messages/threadDisplay.test.ts	5	
bob	object	communications	false	test	src/components/sections/Messages/threadDisplay.test.ts	6	
ParticipantLike	interface	communications	true		src/components/sections/Messages/threadDisplay.ts	16	
otherParticipants	function	communications	true		src/components/sections/Messages/threadDisplay.ts	23	
threadAvatarParticipant	function	communications	true		src/components/sections/Messages/threadDisplay.ts	29	
threadTitle	function	communications	true		src/components/sections/Messages/threadDisplay.ts	36	
AUDIENCE	variable	communications	false	component	src/components/sections/NotificationCenter/BroadcastComposer.tsx	14	
BroadcastComposer	function	communications	true	component	src/components/sections/NotificationCenter/BroadcastComposer.tsx	21	
reset	function	communications	false		src/components/sections/NotificationCenter/BroadcastComposer.tsx	33	BroadcastComposer
close	function	communications	false		src/components/sections/NotificationCenter/BroadcastComposer.tsx	37	BroadcastComposer
send	function	communications	false		src/components/sections/NotificationCenter/BroadcastComposer.tsx	39	BroadcastComposer
mountNotificationCenterSection	function	communications	true		src/components/sections/NotificationCenter/mount.ts	13	
unmountNotificationCenterSection	function	communications	true		src/components/sections/NotificationCenter/mount.ts	25	
mountNotificationDropdown	function	communications	true		src/components/sections/NotificationCenter/mount.ts	30	
ROUTE_OVERRIDES	object	communications	false		src/components/sections/NotificationCenter/notifAction.ts	18	
notificationSectionId	function	communications	true		src/components/sections/NotificationCenter/notifAction.ts	27	
openNotificationTarget	function	communications	true		src/components/sections/NotificationCenter/notifAction.ts	41	
TABS	array	communications	false		src/components/sections/NotificationCenter/NotificationCenter.tsx	23	
MODULE_OPTIONS	array	communications	false		src/components/sections/NotificationCenter/NotificationCenter.tsx	30	
GROUP_ORDER	variable	communications	false	component	src/components/sections/NotificationCenter/NotificationCenter.tsx	40	
dateGroup	function	communications	false		src/components/sections/NotificationCenter/NotificationCenter.tsx	42	
groupByDate	function	communications	false		src/components/sections/NotificationCenter/NotificationCenter.tsx	52	
NotificationCenter	function	communications	true	component	src/components/sections/NotificationCenter/NotificationCenter.tsx	61	
onDown	function	communications	false		src/components/sections/NotificationCenter/NotificationCenter.tsx	79	NotificationCenter
open	function	communications	false		src/components/sections/NotificationCenter/NotificationCenter.tsx	125	NotificationCenter
clearFilters	function	communications	false		src/components/sections/NotificationCenter/NotificationCenter.tsx	130	NotificationCenter
TABS	variable	communications	false	component	src/components/sections/NotificationCenter/NotificationDropdown.tsx	20	
closeModal	function	communications	false		src/components/sections/NotificationCenter/NotificationDropdown.tsx	27	
goToCenter	function	communications	false		src/components/sections/NotificationCenter/NotificationDropdown.tsx	32	
NotificationDropdown	function	communications	true	component	src/components/sections/NotificationCenter/NotificationDropdown.tsx	37	
onDown	function	communications	false		src/components/sections/NotificationCenter/NotificationDropdown.tsx	57	NotificationDropdown
open	function	communications	false		src/components/sections/NotificationCenter/NotificationDropdown.tsx	94	NotificationDropdown
NotificationDropdownItem	function	communications	true	component	src/components/sections/NotificationCenter/NotificationDropdownItem.tsx	14	
NotificationItem	function	communications	true	component	src/components/sections/NotificationCenter/NotificationItem.tsx	14	
Row	interface	communications	false		src/components/sections/NotificationCenter/NotificationPreferencesPanel.tsx	18	
Group	interface	communications	false		src/components/sections/NotificationCenter/NotificationPreferencesPanel.tsx	19	
CRITICAL	object	communications	false		src/components/sections/NotificationCenter/NotificationPreferencesPanel.tsx	22	
GROUPS	array	communications	false		src/components/sections/NotificationCenter/NotificationPreferencesPanel.tsx	33	
DEFAULT_PREF	object	communications	false		src/components/sections/NotificationCenter/NotificationPreferencesPanel.tsx	58	
COLS	variable	communications	false	component	src/components/sections/NotificationCenter/NotificationPreferencesPanel.tsx	59	
Toggle	function	communications	false	component	src/components/sections/NotificationCenter/NotificationPreferencesPanel.tsx	61	
formatUntil	function	communications	false		src/components/sections/NotificationCenter/NotificationPreferencesPanel.tsx	83	
NotificationPreferencesPanel	function	communications	true	component	src/components/sections/NotificationCenter/NotificationPreferencesPanel.tsx	94	
prefFor	function	communications	false		src/components/sections/NotificationCenter/NotificationPreferencesPanel.tsx	105	NotificationPreferencesPanel
toggle	function	communications	false		src/components/sections/NotificationCenter/NotificationPreferencesPanel.tsx	108	NotificationPreferencesPanel
oneHour	function	communications	false		src/components/sections/NotificationCenter/NotificationPreferencesPanel.tsx	113	NotificationPreferencesPanel
tomorrow	function	communications	false		src/components/sections/NotificationCenter/NotificationPreferencesPanel.tsx	114	NotificationPreferencesPanel
snooze	function	communications	false		src/components/sections/NotificationCenter/NotificationPreferencesPanel.tsx	115	NotificationPreferencesPanel
resume	function	communications	false		src/components/sections/NotificationCenter/NotificationPreferencesPanel.tsx	116	NotificationPreferencesPanel
renderRow	function	communications	false		src/components/sections/NotificationCenter/NotificationPreferencesPanel.tsx	122	NotificationPreferencesPanel
SEV_COLOR	object	communications	true		src/components/sections/NotificationCenter/notifMeta.ts	11	
MODULE_META	array	communications	false		src/components/sections/NotificationCenter/notifMeta.ts	15	
moduleMeta	function	communications	true		src/components/sections/NotificationCenter/notifMeta.ts	31	
relativeTime	function	communications	true		src/components/sections/NotificationCenter/notifMeta.ts	37	
AppProps	interface	payroll	false		src/components/sections/PayslipStudio/App.tsx	10	
App	function	payroll	true	component	src/components/sections/PayslipStudio/App.tsx	18	
Rect	interface	payroll	false		src/components/sections/PayslipStudio/components/canvas/Canvas.tsx	8	
MARQUEE_THRESHOLD	variable	payroll	false	component	src/components/sections/PayslipStudio/components/canvas/Canvas.tsx	15	
intersects	function	payroll	false		src/components/sections/PayslipStudio/components/canvas/Canvas.tsx	17	
Canvas	function	payroll	true	component	src/components/sections/PayslipStudio/components/canvas/Canvas.tsx	21	
toDesign	function	payroll	false		src/components/sections/PayslipStudio/components/canvas/Canvas.tsx	31	Canvas
onPageDown	function	payroll	false		src/components/sections/PayslipStudio/components/canvas/Canvas.tsx	36	Canvas
onPageMove	function	payroll	false		src/components/sections/PayslipStudio/components/canvas/Canvas.tsx	44	Canvas
finish	function	payroll	false		src/components/sections/PayslipStudio/components/canvas/Canvas.tsx	67	Canvas
ColumnGuides	function	payroll	true	component	src/components/sections/PayslipStudio/components/canvas/ColumnGuides.tsx	10	
DragState	interface	payroll	false		src/components/sections/PayslipStudio/components/canvas/ColumnResizers.tsx	6	
ColumnResizers	function	payroll	true	component	src/components/sections/PayslipStudio/components/canvas/ColumnResizers.tsx	17	
onDown	function	payroll	false		src/components/sections/PayslipStudio/components/canvas/ColumnResizers.tsx	27	ColumnResizers
onMove	function	payroll	false		src/components/sections/PayslipStudio/components/canvas/ColumnResizers.tsx	33	ColumnResizers
end	function	payroll	false		src/components/sections/PayslipStudio/components/canvas/ColumnResizers.tsx	58	ColumnResizers
parseAmount	function	payroll	false		src/components/sections/PayslipStudio/components/canvas/ElementContent.tsx	7	
ElementContent	function	payroll	true	component	src/components/sections/PayslipStudio/components/canvas/ElementContent.tsx	12	
fontCss	function	payroll	true		src/components/sections/PayslipStudio/components/canvas/elementStyles.ts	5	
boxCss	function	payroll	true		src/components/sections/PayslipStudio/components/canvas/elementStyles.ts	19	
justifyFor	function	payroll	true		src/components/sections/PayslipStudio/components/canvas/elementStyles.ts	29	
alignFor	function	payroll	true		src/components/sections/PayslipStudio/components/canvas/elementStyles.ts	32	
DragState	interface	payroll	false		src/components/sections/PayslipStudio/components/canvas/ElementView.tsx	15	
DRAG_THRESHOLD	variable	payroll	false	component	src/components/sections/PayslipStudio/components/canvas/ElementView.tsx	28	
ElementView	function	payroll	true	component	src/components/sections/PayslipStudio/components/canvas/ElementView.tsx	30	
beginMove	function	payroll	false		src/components/sections/PayslipStudio/components/canvas/ElementView.tsx	38	ElementView
beginResize	function	payroll	false		src/components/sections/PayslipStudio/components/canvas/ElementView.tsx	57	ElementView
onMove	function	payroll	false		src/components/sections/PayslipStudio/components/canvas/ElementView.tsx	63	ElementView
endDrag	function	payroll	false		src/components/sections/PayslipStudio/components/canvas/ElementView.tsx	115	ElementView
onDoubleClick	function	payroll	false		src/components/sections/PayslipStudio/components/canvas/ElementView.tsx	123	ElementView
TextEditor	function	payroll	false	component	src/components/sections/PayslipStudio/components/canvas/ElementView.tsx	168	
ALL	array	payroll	false		src/components/sections/PayslipStudio/components/canvas/ResizeHandles.tsx	3	
HORIZONTAL	array	payroll	false		src/components/sections/PayslipStudio/components/canvas/ResizeHandles.tsx	4	
ResizeHandles	function	payroll	true	component	src/components/sections/PayslipStudio/components/canvas/ResizeHandles.tsx	6	
RowGuides	function	payroll	true	component	src/components/sections/PayslipStudio/components/canvas/RowGuides.tsx	10	
MIN_ROW_H	variable	payroll	false	component	src/components/sections/PayslipStudio/components/canvas/RowResizers.tsx	6	
DragKind	type	payroll	false		src/components/sections/PayslipStudio/components/canvas/RowResizers.tsx	8	
RowResizers	function	payroll	true	component	src/components/sections/PayslipStudio/components/canvas/RowResizers.tsx	18	
root	function	payroll	false		src/components/sections/PayslipStudio/components/canvas/RowResizers.tsx	25	RowResizers
dataRows	function	payroll	false		src/components/sections/PayslipStudio/components/canvas/RowResizers.tsx	26	RowResizers
headRow	function	payroll	false		src/components/sections/PayslipStudio/components/canvas/RowResizers.tsx	27	RowResizers
beginRow	function	payroll	false		src/components/sections/PayslipStudio/components/canvas/RowResizers.tsx	46	RowResizers
beginHeader	function	payroll	false		src/components/sections/PayslipStudio/components/canvas/RowResizers.tsx	54	RowResizers
onMove	function	payroll	false		src/components/sections/PayslipStudio/components/canvas/RowResizers.tsx	62	RowResizers
end	function	payroll	false		src/components/sections/PayslipStudio/components/canvas/RowResizers.tsx	77	RowResizers
StartRect	interface	payroll	false		src/components/sections/PayslipStudio/components/canvas/SelectionBox.tsx	8	
DragState	interface	payroll	false		src/components/sections/PayslipStudio/components/canvas/SelectionBox.tsx	18	
SelectionBox	function	payroll	true	component	src/components/sections/PayslipStudio/components/canvas/SelectionBox.tsx	30	
begin	function	payroll	false		src/components/sections/PayslipStudio/components/canvas/SelectionBox.tsx	44	SelectionBox
move	function	payroll	false		src/components/sections/PayslipStudio/components/canvas/SelectionBox.tsx	66	SelectionBox
end	function	payroll	false		src/components/sections/PayslipStudio/components/canvas/SelectionBox.tsx	101	SelectionBox
TokenText	function	payroll	true	component	src/components/sections/PayslipStudio/components/canvas/TokenText.tsx	4	
Props	interface	payroll	false		src/components/sections/PayslipStudio/components/color/ColorField.tsx	5	
ColorField	function	payroll	true	component	src/components/sections/PayslipStudio/components/color/ColorField.tsx	19	
Props	interface	payroll	false		src/components/sections/PayslipStudio/components/color/ColorPickerPopover.tsx	13	
WIDTH	variable	payroll	false	component	src/components/sections/PayslipStudio/components/color/ColorPickerPopover.tsx	22	
ColorPickerPopover	function	payroll	true	component	src/components/sections/PayslipStudio/components/color/ColorPickerPopover.tsx	24	
colorString	function	payroll	false		src/components/sections/PayslipStudio/components/color/ColorPickerPopover.tsx	34	ColorPickerPopover
emit	function	payroll	false		src/components/sections/PayslipStudio/components/color/ColorPickerPopover.tsx	40	ColorPickerPopover
onDown	function	payroll	false		src/components/sections/PayslipStudio/components/color/ColorPickerPopover.tsx	58	ColorPickerPopover
onKey	function	payroll	false		src/components/sections/PayslipStudio/components/color/ColorPickerPopover.tsx	61	ColorPickerPopover
areaHandlers	function	payroll	false		src/components/sections/PayslipStudio/components/color/ColorPickerPopover.tsx	81	ColorPickerPopover
handle	function	payroll	false		src/components/sections/PayslipStudio/components/color/ColorPickerPopover.tsx	82	areaHandlers
eyedrop	function	payroll	false		src/components/sections/PayslipStudio/components/color/ColorPickerPopover.tsx	103	ColorPickerPopover
chooseHex	function	payroll	false		src/components/sections/PayslipStudio/components/color/ColorPickerPopover.tsx	115	ColorPickerPopover
COLOR_PRESETS	array	payroll	true		src/components/sections/PayslipStudio/components/color/presets.ts	1	
recents	array	payroll	false		src/components/sections/PayslipStudio/components/color/presets.ts	8	
getRecents	function	payroll	true		src/components/sections/PayslipStudio/components/color/presets.ts	10	
pushRecent	function	payroll	true		src/components/sections/PayslipStudio/components/color/presets.ts	14	
formatDate	function	payroll	false		src/components/sections/PayslipStudio/components/DesignsMenu.tsx	10	
STATUS_LABEL	object	payroll	false		src/components/sections/PayslipStudio/components/DesignsMenu.tsx	18	
STATUS_HINT	object	payroll	false		src/components/sections/PayslipStudio/components/DesignsMenu.tsx	26	
StatusBadge	function	payroll	false	component	src/components/sections/PayslipStudio/components/DesignsMenu.tsx	33	
BusyKind	type	payroll	false		src/components/sections/PayslipStudio/components/DesignsMenu.tsx	41	
DesignsMenu	function	payroll	true	component	src/components/sections/PayslipStudio/components/DesignsMenu.tsx	43	
refresh	function	payroll	false		src/components/sections/PayslipStudio/components/DesignsMenu.tsx	61	DesignsMenu
onDown	function	payroll	false		src/components/sections/PayslipStudio/components/DesignsMenu.tsx	76	DesignsMenu
updateActive	function	payroll	false		src/components/sections/PayslipStudio/components/DesignsMenu.tsx	83	DesignsMenu
saveAsNew	function	payroll	false		src/components/sections/PayslipStudio/components/DesignsMenu.tsx	101	DesignsMenu
openDesign	function	payroll	false		src/components/sections/PayslipStudio/components/DesignsMenu.tsx	118	DesignsMenu
remove	function	payroll	false		src/components/sections/PayslipStudio/components/DesignsMenu.tsx	128	DesignsMenu
makeDefault	function	payroll	false		src/components/sections/PayslipStudio/components/DesignsMenu.tsx	141	DesignsMenu
submitForApproval	function	payroll	false		src/components/sections/PayslipStudio/components/DesignsMenu.tsx	151	DesignsMenu
approveTemplate	function	payroll	false		src/components/sections/PayslipStudio/components/DesignsMenu.tsx	170	DesignsMenu
requestChanges	function	payroll	false		src/components/sections/PayslipStudio/components/DesignsMenu.tsx	186	DesignsMenu
createVersion	function	payroll	false		src/components/sections/PayslipStudio/components/DesignsMenu.tsx	206	DesignsMenu
loadStarterTemplates	function	payroll	false		src/components/sections/PayslipStudio/components/DesignsMenu.tsx	221	DesignsMenu
FILL_TYPES	variable	payroll	false	component	src/components/sections/PayslipStudio/components/inspector/Inspector.tsx	19	
Inspector	function	payroll	true	component	src/components/sections/PayslipStudio/components/inspector/Inspector.tsx	21	
set	function	payroll	false		src/components/sections/PayslipStudio/components/inspector/Inspector.tsx	72	Inspector
commit	function	payroll	false		src/components/sections/PayslipStudio/components/inspector/Inspector.tsx	73	Inspector
SubHead	function	payroll	false	component	src/components/sections/PayslipStudio/components/inspector/Inspector.tsx	142	
AlignBar	function	payroll	false	component	src/components/sections/PayslipStudio/components/inspector/Inspector.tsx	147	
AlignBtn	function	payroll	false	component	src/components/sections/PayslipStudio/components/inspector/Inspector.tsx	165	
AlignIcon	function	payroll	false	component	src/components/sections/PayslipStudio/components/inspector/Inspector.tsx	184	
ActionBtn	function	payroll	false	component	src/components/sections/PayslipStudio/components/inspector/Inspector.tsx	255	
Setter	type	payroll	true		src/components/sections/PayslipStudio/components/inspector/sections.tsx	18	
Props	interface	payroll	false		src/components/sections/PayslipStudio/components/inspector/sections.tsx	20	
TokenSelect	function	payroll	false	component	src/components/sections/PayslipStudio/components/inspector/sections.tsx	28	
ColorRow	function	payroll	false	component	src/components/sections/PayslipStudio/components/inspector/sections.tsx	44	
GeometrySection	function	payroll	true	component	src/components/sections/PayslipStudio/components/inspector/sections.tsx	80	
num	function	payroll	false		src/components/sections/PayslipStudio/components/inspector/sections.tsx	81	GeometrySection
TypographySection	function	payroll	true	component	src/components/sections/PayslipStudio/components/inspector/sections.tsx	97	
AlignSection	function	payroll	true	component	src/components/sections/PayslipStudio/components/inspector/sections.tsx	124	
seg	function	payroll	false		src/components/sections/PayslipStudio/components/inspector/sections.tsx	125	AlignSection
ContentSection	function	payroll	true	component	src/components/sections/PayslipStudio/components/inspector/sections.tsx	142	
FieldSection	function	payroll	true	component	src/components/sections/PayslipStudio/components/inspector/sections.tsx	153	
SummarySection	function	payroll	true	component	src/components/sections/PayslipStudio/components/inspector/sections.tsx	170	
DividerSection	function	payroll	true	component	src/components/sections/PayslipStudio/components/inspector/sections.tsx	195	
ImageSection	function	payroll	true	component	src/components/sections/PayslipStudio/components/inspector/sections.tsx	218	
upload	function	payroll	false		src/components/sections/PayslipStudio/components/inspector/sections.tsx	219	ImageSection
TableSection	function	payroll	true	component	src/components/sections/PayslipStudio/components/inspector/sections.tsx	251	
setRow	function	payroll	false		src/components/sections/PayslipStudio/components/inspector/sections.tsx	254	TableSection
FillSection	function	payroll	true	component	src/components/sections/PayslipStudio/components/inspector/sections.tsx	403	
ICONS	object	payroll	false		src/components/sections/PayslipStudio/components/panels/LayersPanel.tsx	6	
CATEGORIES	array	payroll	false		src/components/sections/PayslipStudio/components/panels/LayersPanel.tsx	17	
derivedName	function	payroll	false		src/components/sections/PayslipStudio/components/panels/LayersPanel.tsx	28	
layerName	function	payroll	false		src/components/sections/PayslipStudio/components/panels/LayersPanel.tsx	43	
Section	function	payroll	false	component	src/components/sections/PayslipStudio/components/panels/LayersPanel.tsx	47	
LayerRow	function	payroll	false	component	src/components/sections/PayslipStudio/components/panels/LayersPanel.tsx	73	
LayersPanel	function	payroll	true	component	src/components/sections/PayslipStudio/components/panels/LayersPanel.tsx	107	
byZ	function	payroll	false		src/components/sections/PayslipStudio/components/panels/LayersPanel.tsx	116	LayersPanel
row	function	payroll	false		src/components/sections/PayslipStudio/components/panels/LayersPanel.tsx	117	LayersPanel
SIZE_OPTIONS	variable	payroll	false	component	src/components/sections/PayslipStudio/components/panels/PageSetupPanel.tsx	7	
PageSetupPanel	function	payroll	true	component	src/components/sections/PayslipStudio/components/panels/PageSetupPanel.tsx	12	
PaletteItem	interface	payroll	false		src/components/sections/PayslipStudio/components/panels/PalettePanel.tsx	5	
ICON	function	payroll	false	component	src/components/sections/PayslipStudio/components/panels/PalettePanel.tsx	11	
ITEMS	array	payroll	false		src/components/sections/PayslipStudio/components/panels/PalettePanel.tsx	17	
PalettePanel	function	payroll	true	component	src/components/sections/PayslipStudio/components/panels/PalettePanel.tsx	28	
TokenCategory	function	payroll	false	component	src/components/sections/PayslipStudio/components/panels/TokenPanel.tsx	5	
TokenPanel	function	payroll	true	component	src/components/sections/PayslipStudio/components/panels/TokenPanel.tsx	35	
PrintView	function	payroll	true	component	src/components/sections/PayslipStudio/components/PrintView.tsx	18	
StatusBar	function	payroll	true	component	src/components/sections/PayslipStudio/components/StatusBar.tsx	4	
StudioMark	function	payroll	true	component	src/components/sections/PayslipStudio/components/StudioMark.tsx	11	
Btn	function	payroll	false	component	src/components/sections/PayslipStudio/components/Toolbar.tsx	16	
Toolbar	function	payroll	true	component	src/components/sections/PayslipStudio/components/Toolbar.tsx	36	
applyZoom	function	payroll	false		src/components/sections/PayslipStudio/components/Toolbar.tsx	43	Toolbar
fit	function	payroll	false		src/components/sections/PayslipStudio/components/Toolbar.tsx	44	Toolbar
setZoom	function	payroll	false		src/components/sections/PayslipStudio/components/Toolbar.tsx	45	Toolbar
load	function	payroll	false		src/components/sections/PayslipStudio/components/Toolbar.tsx	47	Toolbar
onTemplate	function	payroll	false		src/components/sections/PayslipStudio/components/Toolbar.tsx	54	Toolbar
doImport	function	payroll	false		src/components/sections/PayslipStudio/components/Toolbar.tsx	62	Toolbar
CollapsibleSection	function	payroll	true	component	src/components/sections/PayslipStudio/components/ui/CollapsibleSection.tsx	4	
Row	function	payroll	true	component	src/components/sections/PayslipStudio/components/ui/controls.tsx	3	
NumberInput	function	payroll	true	component	src/components/sections/PayslipStudio/components/ui/controls.tsx	12	
TextInput	function	payroll	true	component	src/components/sections/PayslipStudio/components/ui/controls.tsx	35	
TextArea	function	payroll	true	component	src/components/sections/PayslipStudio/components/ui/controls.tsx	58	
Select	function	payroll	true	component	src/components/sections/PayslipStudio/components/ui/controls.tsx	80	
Segmented	function	payroll	true	component	src/components/sections/PayslipStudio/components/ui/controls.tsx	100	
SubHead	function	payroll	true	component	src/components/sections/PayslipStudio/components/ui/controls.tsx	120	
WorkspaceProps	interface	payroll	false		src/components/sections/PayslipStudio/components/Workspace.tsx	21	
Workspace	function	payroll	true	component	src/components/sections/PayslipStudio/components/Workspace.tsx	29	
FontOption	interface	payroll	true		src/components/sections/PayslipStudio/constants/fonts.ts	1	
FONT_OPTIONS	array	payroll	true		src/components/sections/PayslipStudio/constants/fonts.ts	6	
DEFAULT_FONT	variable	payroll	true		src/components/sections/PayslipStudio/constants/fonts.ts	18	
svgURI	function	payroll	false		src/components/sections/PayslipStudio/constants/logos.ts	3	
LOGOS	variable	payroll	true		src/components/sections/PayslipStudio/constants/logos.ts	6	
LogoKey	type	payroll	true		src/components/sections/PayslipStudio/constants/logos.ts	27	
PAGE_SIZES	object	payroll	true		src/components/sections/PayslipStudio/constants/pageSizes.ts	4	
PAGE_SIZE_LABELS	object	payroll	true		src/components/sections/PayslipStudio/constants/pageSizes.ts	12	
PRINT_PAPER	object	payroll	true		src/components/sections/PayslipStudio/constants/pageSizes.ts	21	
pageDimensions	function	payroll	true		src/components/sections/PayslipStudio/constants/pageSizes.ts	30	
isLandscape	function	payroll	true		src/components/sections/PayslipStudio/constants/pageSizes.ts	35	
SAMPLE_DATA	object	payroll	true		src/components/sections/PayslipStudio/constants/tokens.ts	3	
TokenGroup	interface	payroll	true		src/components/sections/PayslipStudio/constants/tokens.ts	28	
TOKEN_GROUPS	array	payroll	true		src/components/sections/PayslipStudio/constants/tokens.ts	33	
ACRONYMS	object	payroll	false		src/components/sections/PayslipStudio/constants/tokens.ts	58	
tokenLabel	function	payroll	true		src/components/sections/PayslipStudio/constants/tokens.ts	61	
useAutosave	function	payroll	true	hook	src/components/sections/PayslipStudio/hooks/useAutosave.ts	6	
isTypingTarget	function	payroll	false		src/components/sections/PayslipStudio/hooks/useKeyboardShortcuts.ts	6	
useKeyboardShortcuts	function	payroll	true	hook	src/components/sections/PayslipStudio/hooks/useKeyboardShortcuts.ts	12	
onKey	function	payroll	false		src/components/sections/PayslipStudio/hooks/useKeyboardShortcuts.ts	14	useKeyboardShortcuts
RGBA	interface	payroll	true		src/components/sections/PayslipStudio/lib/color.ts	5	
HSV	interface	payroll	true		src/components/sections/PayslipStudio/lib/color.ts	12	
TRANSPARENT	variable	payroll	false		src/components/sections/PayslipStudio/lib/color.ts	18	
parseColor	function	payroll	true		src/components/sections/PayslipStudio/lib/color.ts	20	
isTransparent	function	payroll	true		src/components/sections/PayslipStudio/lib/color.ts	38	
hh	function	payroll	false		src/components/sections/PayslipStudio/lib/color.ts	44	
rgbaToHex	function	payroll	true		src/components/sections/PayslipStudio/lib/color.ts	46	
rgbToHsv	function	payroll	true		src/components/sections/PayslipStudio/lib/color.ts	52	
hsvToRgb	function	payroll	true		src/components/sections/PayslipStudio/lib/color.ts	70	
CSS_EYE_DROPPER_SUPPORTED	variable	payroll	true		src/components/sections/PayslipStudio/lib/color.ts	86	
downloadText	function	payroll	true		src/components/sections/PayslipStudio/lib/download.ts	1	
downloadJSON	function	payroll	true		src/components/sections/PayslipStudio/lib/download.ts	11	
readJSONFile	function	payroll	true		src/components/sections/PayslipStudio/lib/download.ts	15	
readImageFile	function	payroll	true		src/components/sections/PayslipStudio/lib/download.ts	30	
pickFile	function	payroll	true		src/components/sections/PayslipStudio/lib/download.ts	40	
PADDING	variable	payroll	false		src/components/sections/PayslipStudio/lib/fit.ts	5	
computeFitZoom	function	payroll	true		src/components/sections/PayslipStudio/lib/fit.ts	8	
fitToView	function	payroll	true		src/components/sections/PayslipStudio/lib/fit.ts	25	
step	function	payroll	false		src/components/sections/PayslipStudio/lib/fit.ts	31	fitToView
GRID	variable	payroll	true		src/components/sections/PayslipStudio/lib/geometry.ts	1	
clamp	function	payroll	true		src/components/sections/PayslipStudio/lib/geometry.ts	3	
snapValue	function	payroll	true		src/components/sections/PayslipStudio/lib/geometry.ts	6	
ResizeDir	type	payroll	true		src/components/sections/PayslipStudio/lib/geometry.ts	10	
Rect	interface	payroll	true		src/components/sections/PayslipStudio/lib/geometry.ts	12	
MIN_W	variable	payroll	true		src/components/sections/PayslipStudio/lib/geometry.ts	19	
MIN_H	variable	payroll	true		src/components/sections/PayslipStudio/lib/geometry.ts	20	
resizeRect	function	payroll	true		src/components/sections/PayslipStudio/lib/geometry.ts	23	
counter	variable	payroll	false		src/components/sections/PayslipStudio/lib/id.ts	1	
nextId	function	payroll	true		src/components/sections/PayslipStudio/lib/id.ts	4	
reseedIds	function	payroll	true		src/components/sections/PayslipStudio/lib/id.ts	9	
STYLE_ID	variable	payroll	false		src/components/sections/PayslipStudio/lib/print.ts	4	
printDesign	function	payroll	true		src/components/sections/PayslipStudio/lib/print.ts	7	
Box	interface	payroll	true		src/components/sections/PayslipStudio/lib/snapGuides.ts	3	
SnapResult	interface	payroll	true		src/components/sections/PayslipStudio/lib/snapGuides.ts	10	
bestSnap	function	payroll	false		src/components/sections/PayslipStudio/lib/snapGuides.ts	20	
snapLines	function	payroll	false		src/components/sections/PayslipStudio/lib/snapGuides.ts	41	
nearestLine	function	payroll	false		src/components/sections/PayslipStudio/lib/snapGuides.ts	51	
ResizeSnapResult	interface	payroll	true		src/components/sections/PayslipStudio/lib/snapGuides.ts	64	
snapResize	function	payroll	true		src/components/sections/PayslipStudio/lib/snapGuides.ts	78	
computeSnap	function	payroll	true		src/components/sections/PayslipStudio/lib/snapGuides.ts	126	
call	function	payroll	false		src/components/sections/PayslipStudio/lib/store/apiTemplateStore.ts	13	
ApiTemplateStore	class	payroll	true		src/components/sections/PayslipStudio/lib/store/apiTemplateStore.ts	22	
list	method	payroll	false		src/components/sections/PayslipStudio/lib/store/apiTemplateStore.ts	23	ApiTemplateStore
get	method	payroll	false		src/components/sections/PayslipStudio/lib/store/apiTemplateStore.ts	26	ApiTemplateStore
create	method	payroll	false		src/components/sections/PayslipStudio/lib/store/apiTemplateStore.ts	29	ApiTemplateStore
update	method	payroll	false		src/components/sections/PayslipStudio/lib/store/apiTemplateStore.ts	32	ApiTemplateStore
remove	method	payroll	false		src/components/sections/PayslipStudio/lib/store/apiTemplateStore.ts	35	ApiTemplateStore
setDefault	method	payroll	false		src/components/sections/PayslipStudio/lib/store/apiTemplateStore.ts	38	ApiTemplateStore
submit	method	payroll	false		src/components/sections/PayslipStudio/lib/store/apiTemplateStore.ts	42	ApiTemplateStore
approve	method	payroll	false		src/components/sections/PayslipStudio/lib/store/apiTemplateStore.ts	45	ApiTemplateStore
requestChanges	method	payroll	false		src/components/sections/PayslipStudio/lib/store/apiTemplateStore.ts	48	ApiTemplateStore
createVersion	method	payroll	false		src/components/sections/PayslipStudio/lib/store/apiTemplateStore.ts	51	ApiTemplateStore
call	function	payroll	false		src/components/sections/PayslipStudio/lib/store/autosave.ts	12	
isDesign	function	payroll	false		src/components/sections/PayslipStudio/lib/store/autosave.ts	21	
isRef	function	payroll	false		src/components/sections/PayslipStudio/lib/store/autosave.ts	24	
EditorState	interface	payroll	true		src/components/sections/PayslipStudio/lib/store/autosave.ts	28	
loadEditorState	function	payroll	true		src/components/sections/PayslipStudio/lib/store/autosave.ts	32	
inFlight	variable	payroll	false		src/components/sections/PayslipStudio/lib/store/autosave.ts	45	
pending	variable	payroll	false		src/components/sections/PayslipStudio/lib/store/autosave.ts	46	
flushDraft	function	payroll	false		src/components/sections/PayslipStudio/lib/store/autosave.ts	48	
saveDraft	function	payroll	true		src/components/sections/PayslipStudio/lib/store/autosave.ts	60	
saveOpenRef	function	payroll	true		src/components/sections/PayslipStudio/lib/store/autosave.ts	66	
templateStore	variable	payroll	true		src/components/sections/PayslipStudio/lib/store/index.ts	13	
TemplateStatus	type	payroll	true		src/components/sections/PayslipStudio/lib/store/types.ts	3	
StoredTemplate	interface	payroll	true		src/components/sections/PayslipStudio/lib/store/types.ts	6	
TemplateStore	interface	payroll	true		src/components/sections/PayslipStudio/lib/store/types.ts	23	
MIN_COL_FR	variable	payroll	true		src/components/sections/PayslipStudio/lib/tableCols.ts	4	
columnCount	function	payroll	true		src/components/sections/PayslipStudio/lib/tableCols.ts	7	
DEFAULT_FR	object	payroll	false		src/components/sections/PayslipStudio/lib/tableCols.ts	11	
columnFractions	function	payroll	true		src/components/sections/PayslipStudio/lib/tableCols.ts	21	
columnBoundaries	function	payroll	true		src/components/sections/PayslipStudio/lib/tableCols.ts	32	
generateTemplateCode	function	payroll	true		src/components/sections/PayslipStudio/lib/templateCode.ts	4	
toFnName	function	payroll	true		src/components/sections/PayslipStudio/lib/templateCode.ts	21	
ToastVariant	type	payroll	true		src/components/sections/PayslipStudio/lib/toast.ts	3	
showToast	function	payroll	true		src/components/sections/PayslipStudio/lib/toast.ts	10	
styleDefaults	function	payroll	true		src/components/sections/PayslipStudio/model/factory.ts	5	
topZ	function	payroll	true		src/components/sections/PayslipStudio/model/factory.ts	26	
bottomZ	function	payroll	true		src/components/sections/PayslipStudio/model/factory.ts	30	
createElement	function	payroll	true		src/components/sections/PayslipStudio/model/factory.ts	35	
STYLED_TYPES	variable	payroll	false		src/components/sections/PayslipStudio/model/guards.ts	4	
StyledElement	type	payroll	true		src/components/sections/PayslipStudio/model/guards.ts	13	
isStyled	function	payroll	true		src/components/sections/PayslipStudio/model/guards.ts	18	
hasStyleProp	function	payroll	true		src/components/sections/PayslipStudio/model/guards.ts	23	
TOKEN_RE	variable	payroll	false		src/components/sections/PayslipStudio/model/renderTokens.ts	3	
resolveTokens	function	payroll	true		src/components/sections/PayslipStudio/model/renderTokens.ts	10	
TextSegment	interface	payroll	true		src/components/sections/PayslipStudio/model/renderTokens.ts	16	
tokenSegments	function	payroll	true		src/components/sections/PayslipStudio/model/renderTokens.ts	21	
sampleValue	function	payroll	true		src/components/sections/PayslipStudio/model/renderTokens.ts	34	
MIN_LOAD_MS	variable	payroll	false	component	src/components/sections/PayslipStudio/PayslipStudioSection.tsx	26	
importApp	function	payroll	false		src/components/sections/PayslipStudio/PayslipStudioSection.tsx	27	
PayslipStudioApp	variable	payroll	false	component	src/components/sections/PayslipStudio/PayslipStudioSection.tsx	31	
RESOURCES	array	payroll	false		src/components/sections/PayslipStudio/PayslipStudioSection.tsx	36	
StudioLoading	function	payroll	false	component	src/components/sections/PayslipStudio/PayslipStudioSection.tsx	47	
tick	function	payroll	false		src/components/sections/PayslipStudio/PayslipStudioSection.tsx	52	StudioLoading
FONTS_ID	variable	payroll	false	component	src/components/sections/PayslipStudio/PayslipStudioSection.tsx	82	
FONTS_HREF	variable	payroll	false	component	src/components/sections/PayslipStudio/PayslipStudioSection.tsx	85	
ensureStudioFonts	function	payroll	false		src/components/sections/PayslipStudio/PayslipStudioSection.tsx	93	
PayslipStudioSection	function	payroll	true	component	src/components/sections/PayslipStudio/PayslipStudioSection.tsx	103	
DesignerContextValue	interface	payroll	false		src/components/sections/PayslipStudio/state/DesignerContext.tsx	7	
DesignerContext	variable	payroll	false	component	src/components/sections/PayslipStudio/state/DesignerContext.tsx	12	
DesignerProvider	function	payroll	true	component	src/components/sections/PayslipStudio/state/DesignerContext.tsx	14	
useDesigner	function	payroll	true	hook	src/components/sections/PayslipStudio/state/DesignerContext.tsx	26	
HISTORY_LIMIT	variable	payroll	false		src/components/sections/PayslipStudio/state/reducer.ts	5	
SavedRef	interface	payroll	true		src/components/sections/PayslipStudio/state/reducer.ts	7	
DesignerState	interface	payroll	true		src/components/sections/PayslipStudio/state/reducer.ts	12	
AlignMode	type	payroll	true		src/components/sections/PayslipStudio/state/reducer.ts	26	
MultiPatch	interface	payroll	true		src/components/sections/PayslipStudio/state/reducer.ts	28	
Action	type	payroll	true		src/components/sections/PayslipStudio/state/reducer.ts	33	
initialState	function	payroll	true		src/components/sections/PayslipStudio/state/reducer.ts	57	
commitNow	function	payroll	false		src/components/sections/PayslipStudio/state/reducer.ts	70	
mapElements	function	payroll	false		src/components/sections/PayslipStudio/state/reducer.ts	80	
nextInsertPos	function	payroll	false		src/components/sections/PayslipStudio/state/reducer.ts	84	
groupMates	function	payroll	false		src/components/sections/PayslipStudio/state/reducer.ts	90	
reducer	function	payroll	true		src/components/sections/PayslipStudio/state/reducer.ts	97	
patchFor	function	payroll	false		src/components/sections/PayslipStudio/state/reducer.ts	235	reducer
canUndo	function	payroll	true		src/components/sections/PayslipStudio/state/reducer.ts	320	
canRedo	function	payroll	true		src/components/sections/PayslipStudio/state/reducer.ts	321	
selectedElements	function	payroll	true		src/components/sections/PayslipStudio/state/reducer.ts	323	
selectedElement	function	payroll	true		src/components/sections/PayslipStudio/state/reducer.ts	327	
isGrouped	function	payroll	true		src/components/sections/PayslipStudio/state/reducer.ts	330	
blankTemplate	function	payroll	true		src/components/sections/PayslipStudio/templates/blank.ts	4	
ElementSpec	type	payroll	false		src/components/sections/PayslipStudio/templates/builder.ts	4	
TemplateBuilder	class	payroll	true		src/components/sections/PayslipStudio/templates/builder.ts	10	
add	method	payroll	false		src/components/sections/PayslipStudio/templates/builder.ts	16	TemplateBuilder
build	method	payroll	false		src/components/sections/PayslipStudio/templates/builder.ts	22	TemplateBuilder
page	function	payroll	true		src/components/sections/PayslipStudio/templates/builder.ts	27	
DetailedPayslipOptions	interface	payroll	true		src/components/sections/PayslipStudio/templates/detailedPayslip.ts	4	
INK	variable	payroll	false		src/components/sections/PayslipStudio/templates/detailedPayslip.ts	30	
RULE	variable	payroll	false		src/components/sections/PayslipStudio/templates/detailedPayslip.ts	31	
EMPLOYEE_FIELDS	array	payroll	false		src/components/sections/PayslipStudio/templates/detailedPayslip.ts	33	
PAY_PERIOD_FIELDS	array	payroll	false		src/components/sections/PayslipStudio/templates/detailedPayslip.ts	42	
buildDetailedPayslip	function	payroll	true		src/components/sections/PayslipStudio/templates/detailedPayslip.ts	50	
sum	function	payroll	false		src/components/sections/PayslipStudio/templates/detailedPayslip.ts	106	buildDetailedPayslip
fmt	function	payroll	false		src/components/sections/PayslipStudio/templates/detailedPayslip.ts	108	buildDetailedPayslip
EARNINGS	array	payroll	false		src/components/sections/PayslipStudio/templates/incorrtech.ts	5	
DEDUCTIONS	array	payroll	false		src/components/sections/PayslipStudio/templates/incorrtech.ts	12	
incorrtechTemplate	function	payroll	true		src/components/sections/PayslipStudio/templates/incorrtech.ts	20	
TemplateDef	interface	payroll	true		src/components/sections/PayslipStudio/templates/index.ts	6	
TEMPLATES	array	payroll	true		src/components/sections/PayslipStudio/templates/index.ts	13	
DEFAULT_TEMPLATE_ID	variable	payroll	true		src/components/sections/PayslipStudio/templates/index.ts	19	
buildTemplate	function	payroll	true		src/components/sections/PayslipStudio/templates/index.ts	21	
EARNINGS	array	payroll	false		src/components/sections/PayslipStudio/templates/prolas.ts	5	
DEDUCTIONS	array	payroll	false		src/components/sections/PayslipStudio/templates/prolas.ts	12	
prolasTemplate	function	payroll	true		src/components/sections/PayslipStudio/templates/prolas.ts	20	
done	variable	payroll	false		src/components/sections/PayslipStudio/templates/seed.ts	4	
seedBuiltInTemplates	function	payroll	true		src/components/sections/PayslipStudio/templates/seed.ts	12	
siomacTemplate	function	payroll	true		src/components/sections/PayslipStudio/templates/siomac.ts	9	
ElementType	type	payroll	true		src/components/sections/PayslipStudio/types/index.ts	6	
Align	type	payroll	true		src/components/sections/PayslipStudio/types/index.ts	16	
VAlign	type	payroll	true		src/components/sections/PayslipStudio/types/index.ts	17	
BorderStyle	type	payroll	true		src/components/sections/PayslipStudio/types/index.ts	18	
ImageFit	type	payroll	true		src/components/sections/PayslipStudio/types/index.ts	19	
BaseElement	interface	payroll	true		src/components/sections/PayslipStudio/types/index.ts	22	
StyleProps	interface	payroll	true		src/components/sections/PayslipStudio/types/index.ts	37	
TextElement	interface	payroll	true		src/components/sections/PayslipStudio/types/index.ts	55	
FieldElement	interface	payroll	true		src/components/sections/PayslipStudio/types/index.ts	60	
BoxElement	interface	payroll	true		src/components/sections/PayslipStudio/types/index.ts	67	
SummaryElement	interface	payroll	true		src/components/sections/PayslipStudio/types/index.ts	71	
TableRow	interface	payroll	true		src/components/sections/PayslipStudio/types/index.ts	81	
TableElement	interface	payroll	true		src/components/sections/PayslipStudio/types/index.ts	95	
DividerElement	interface	payroll	true		src/components/sections/PayslipStudio/types/index.ts	131	
ImageElement	interface	payroll	true		src/components/sections/PayslipStudio/types/index.ts	138	
DesignElement	type	payroll	true		src/components/sections/PayslipStudio/types/index.ts	145	
EditableProps	interface	payroll	true		src/components/sections/PayslipStudio/types/index.ts	160	
ElementPatch	type	payroll	true		src/components/sections/PayslipStudio/types/index.ts	201	
PageSize	type	payroll	true		src/components/sections/PayslipStudio/types/index.ts	203	
Orientation	type	payroll	true		src/components/sections/PayslipStudio/types/index.ts	204	
PageConfig	interface	payroll	true		src/components/sections/PayslipStudio/types/index.ts	206	
Design	interface	payroll	true		src/components/sections/PayslipStudio/types/index.ts	213	
ViewState	interface	payroll	true		src/components/sections/PayslipStudio/types/index.ts	218	
RawEmployee	interface	platform	false		src/components/sections/Profile/api.ts	13	
RawActivityRow	interface	platform	false		src/components/sections/Profile/api.ts	25	
ACTIVITY_LABELS	object	platform	false		src/components/sections/Profile/api.ts	32	
humanizeEventType	function	platform	false		src/components/sections/Profile/api.ts	45	
fetchMyProfile	function	platform	true		src/components/sections/Profile/api.ts	50	
fmtActivity	function	platform	false		src/components/sections/Profile/api.ts	60	
fetchMyActivity	function	platform	true		src/components/sections/Profile/api.ts	72	
UpdateProfilePayload	interface	platform	true		src/components/sections/Profile/api.ts	90	
UpdateProfileResult	interface	platform	true		src/components/sections/Profile/api.ts	99	
updateMyProfile	function	platform	true		src/components/sections/Profile/api.ts	104	
resizeImageToWebp	function	platform	true		src/components/sections/Profile/api.ts	120	
UploadUrlSlot	interface	platform	false		src/components/sections/Profile/api.ts	136	
UploadUrlResponse	interface	platform	false		src/components/sections/Profile/api.ts	137	
putToSignedUrl	function	platform	false		src/components/sections/Profile/api.ts	142	
uploadMyProfilePhoto	function	platform	true		src/components/sections/Profile/api.ts	151	
enhanceMyProfilePhoto	function	platform	true		src/components/sections/Profile/api.ts	181	
removeMyProfilePhoto	function	platform	true		src/components/sections/Profile/api.ts	200	
updateMyPassword	function	platform	true		src/components/sections/Profile/api.ts	212	
mountProfileSection	function	platform	true		src/components/sections/Profile/mount.ts	14	
unmountProfileSection	function	platform	true		src/components/sections/Profile/mount.ts	26	
formatPhoneInput	function	platform	false		src/components/sections/Profile/MyProfileSection.tsx	36	
capRole	function	platform	false		src/components/sections/Profile/MyProfileSection.tsx	46	
initials	function	platform	false		src/components/sections/Profile/MyProfileSection.tsx	51	
b64ToFile	function	platform	false		src/components/sections/Profile/MyProfileSection.tsx	58	
IcoUser	function	platform	false	component	src/components/sections/Profile/MyProfileSection.tsx	71	
IcoShield	function	platform	false	component	src/components/sections/Profile/MyProfileSection.tsx	74	
IcoBell	function	platform	false	component	src/components/sections/Profile/MyProfileSection.tsx	77	
IcoLogOut	function	platform	false	component	src/components/sections/Profile/MyProfileSection.tsx	80	
IcoMail	function	platform	false	component	src/components/sections/Profile/MyProfileSection.tsx	83	
IcoPhone	function	platform	false	component	src/components/sections/Profile/MyProfileSection.tsx	86	
IcoMapPin	function	platform	false	component	src/components/sections/Profile/MyProfileSection.tsx	89	
IcoBriefcase	function	platform	false	component	src/components/sections/Profile/MyProfileSection.tsx	92	
IcoBuilding	function	platform	false	component	src/components/sections/Profile/MyProfileSection.tsx	95	
SolActiveCheck	function	platform	false	component	src/components/sections/Profile/MyProfileSection.tsx	101	
SolBriefcase	function	platform	false	component	src/components/sections/Profile/MyProfileSection.tsx	104	
SolBuilding	function	platform	false	component	src/components/sections/Profile/MyProfileSection.tsx	107	
SolPin	function	platform	false	component	src/components/sections/Profile/MyProfileSection.tsx	110	
SolIdCard	function	platform	false	component,ui-tile	src/components/sections/Profile/MyProfileSection.tsx	113	
SolUserCheck	function	platform	false	component	src/components/sections/Profile/MyProfileSection.tsx	116	
SolUser	function	platform	false	component	src/components/sections/Profile/MyProfileSection.tsx	119	
SolMail	function	platform	false	component	src/components/sections/Profile/MyProfileSection.tsx	122	
SolPhone	function	platform	false	component	src/components/sections/Profile/MyProfileSection.tsx	125	
SolShieldLock	function	platform	false	component	src/components/sections/Profile/MyProfileSection.tsx	128	
SolChevron	function	platform	false	component	src/components/sections/Profile/MyProfileSection.tsx	131	
SolGrid	function	platform	false	component	src/components/sections/Profile/MyProfileSection.tsx	134	
SolShieldCheck	function	platform	false	component	src/components/sections/Profile/MyProfileSection.tsx	137	
SolClipboard	function	platform	false	component	src/components/sections/Profile/MyProfileSection.tsx	140	
SolCheck	function	platform	false	component	src/components/sections/Profile/MyProfileSection.tsx	143	
DLG_ICO	variable	platform	false	component	src/components/sections/Profile/MyProfileSection.tsx	149	
DlgIco	function	platform	false	component	src/components/sections/Profile/MyProfileSection.tsx	150	
IC_CAMERA	variable	platform	false	component	src/components/sections/Profile/MyProfileSection.tsx	154	
IC_CLOSE	variable	platform	false	component	src/components/sections/Profile/MyProfileSection.tsx	155	
IC_UPLOAD	variable	platform	false	component	src/components/sections/Profile/MyProfileSection.tsx	156	
IC_IMAGE	variable	platform	false	component	src/components/sections/Profile/MyProfileSection.tsx	157	
IC_BROWSE	variable	platform	false	component	src/components/sections/Profile/MyProfileSection.tsx	158	
IC_SHIELD	variable	platform	false	component	src/components/sections/Profile/MyProfileSection.tsx	159	
IC_WINDOW	variable	platform	false	component	src/components/sections/Profile/MyProfileSection.tsx	160	
IC_USER	variable	platform	false	component	src/components/sections/Profile/MyProfileSection.tsx	161	
IC_SPARK_AI	variable	platform	false	component	src/components/sections/Profile/MyProfileSection.tsx	162	
IC_SPARK_E	variable	platform	false	component	src/components/sections/Profile/MyProfileSection.tsx	163	
IC_SPARK_S	variable	platform	false	component	src/components/sections/Profile/MyProfileSection.tsx	164	
IC_ZOUT	variable	platform	false	component	src/components/sections/Profile/MyProfileSection.tsx	165	
IC_ZIN	variable	platform	false	component	src/components/sections/Profile/MyProfileSection.tsx	166	
IC_RESET	variable	platform	false	component	src/components/sections/Profile/MyProfileSection.tsx	167	
IC_CHECK	variable	platform	false	component	src/components/sections/Profile/MyProfileSection.tsx	168	
IC_INFO	variable	platform	false	component	src/components/sections/Profile/MyProfileSection.tsx	169	
SolX	function	platform	false	component	src/components/sections/Profile/MyProfileSection.tsx	170	
IcoId	function	platform	false	component	src/components/sections/Profile/MyProfileSection.tsx	173	
IcoKey	function	platform	false	component	src/components/sections/Profile/MyProfileSection.tsx	176	
IcoLock	function	platform	false	component	src/components/sections/Profile/MyProfileSection.tsx	179	
IcoCamera	function	platform	false	component	src/components/sections/Profile/MyProfileSection.tsx	182	
IcoCheck	function	platform	false	component	src/components/sections/Profile/MyProfileSection.tsx	185	
IcoX	function	platform	false	component	src/components/sections/Profile/MyProfileSection.tsx	188	
IcoHistory	function	platform	false	component	src/components/sections/Profile/MyProfileSection.tsx	191	
IcoClock	function	platform	false	component	src/components/sections/Profile/MyProfileSection.tsx	194	
Spin	function	platform	false	component	src/components/sections/Profile/MyProfileSection.tsx	198	
Modal	function	platform	false	component	src/components/sections/Profile/MyProfileSection.tsx	203	
ChangePasswordModal	function	platform	false	component	src/components/sections/Profile/MyProfileSection.tsx	224	
LogoutModal	function	platform	false	component	src/components/sections/Profile/MyProfileSection.tsx	324	
CanvasCropper	interface	platform	false		src/components/sections/Profile/MyProfileSection.tsx	377	
initCanvasCropper	function	platform	false		src/components/sections/Profile/MyProfileSection.tsx	391	
clamp	function	platform	false		src/components/sections/Profile/MyProfileSection.tsx	398	initCanvasCropper
clampOffsets	function	platform	false		src/components/sections/Profile/MyProfileSection.tsx	407	initCanvasCropper
draw	function	platform	false		src/components/sections/Profile/MyProfileSection.tsx	413	initCanvasCropper
zoomBy	function	platform	false		src/components/sections/Profile/MyProfileSection.tsx	452	initCanvasCropper
pt	function	platform	false		src/components/sections/Profile/MyProfileSection.tsx	464	initCanvasCropper
onDown	function	platform	false		src/components/sections/Profile/MyProfileSection.tsx	468	initCanvasCropper
onMove	function	platform	false		src/components/sections/Profile/MyProfileSection.tsx	469	initCanvasCropper
onUp	function	platform	false		src/components/sections/Profile/MyProfileSection.tsx	476	initCanvasCropper
onWheel	function	platform	false		src/components/sections/Profile/MyProfileSection.tsx	477	initCanvasCropper
destroy	method	platform	false		src/components/sections/Profile/MyProfileSection.tsx	487	initCanvasCropper
zoomIn	method	platform	false		src/components/sections/Profile/MyProfileSection.tsx	493	initCanvasCropper
zoomOut	method	platform	false		src/components/sections/Profile/MyProfileSection.tsx	494	initCanvasCropper
reset	method	platform	false		src/components/sections/Profile/MyProfileSection.tsx	495	initCanvasCropper
hideGuides	method	platform	false		src/components/sections/Profile/MyProfileSection.tsx	496	initCanvasCropper
getCropBlob	method	platform	false		src/components/sections/Profile/MyProfileSection.tsx	497	initCanvasCropper
PhotoSelection	type	platform	false		src/components/sections/Profile/MyProfileSection.tsx	516	
ChangePhotoModal	function	platform	false	component	src/components/sections/Profile/MyProfileSection.tsx	518	
runInit	function	platform	false		src/components/sections/Profile/MyProfileSection.tsx	622	mountCropper
ActivityIcon	function	platform	false	component	src/components/sections/Profile/MyProfileSection.tsx	1009	
MyProfileSection	function	platform	true	component	src/components/sections/Profile/MyProfileSection.tsx	1025	
ProfileTab	type	platform	true		src/components/sections/Profile/types.ts	9	
ProfileData	interface	platform	true		src/components/sections/Profile/types.ts	11	
ActivityEvent	interface	platform	true		src/components/sections/Profile/types.ts	25	
StaticDoc	interface	platform	true		src/components/sections/Profile/types.ts	32	
ListSitesResponse	interface	platform	false		src/components/sections/ProjectSites/api.ts	18	
MutateSiteResponse	interface	platform	false		src/components/sections/ProjectSites/api.ts	26	
LiveResponse	interface	platform	false		src/components/sections/ProjectSites/api.ts	32	
listProjectSites	function	platform	true		src/components/sections/ProjectSites/api.ts	39	
DeptListResponse	interface	platform	false		src/components/sections/ProjectSites/api.ts	51	
listDepartmentOptions	function	platform	true		src/components/sections/ProjectSites/api.ts	55	
getLiveAttendance	function	platform	true		src/components/sections/ProjectSites/api.ts	60	
addProjectSiteApi	function	platform	true		src/components/sections/ProjectSites/api.ts	66	
updateProjectSiteApi	function	platform	true		src/components/sections/ProjectSites/api.ts	87	
deleteProjectSiteApi	function	platform	true		src/components/sections/ProjectSites/api.ts	109	
assignSiteEmployeesApi	function	platform	true		src/components/sections/ProjectSites/api.ts	122	
mountProjectSitesSection	function	platform	true		src/components/sections/ProjectSites/mount.ts	16	
unmountProjectSitesSection	function	platform	true		src/components/sections/ProjectSites/mount.ts	28	
initials	function	platform	false		src/components/sections/ProjectSites/ProjectSitesSection.tsx	50	
_countUp	function	platform	false		src/components/sections/ProjectSites/ProjectSitesSection.tsx	54	
LeafletMap	interface	platform	false		src/components/sections/ProjectSites/ProjectSitesSection.tsx	61	
LeafletLayer	interface	platform	false		src/components/sections/ProjectSites/ProjectSitesSection.tsx	68	
LeafletMarker	interface	platform	false		src/components/sections/ProjectSites/ProjectSitesSection.tsx	69	
LeafletLib	interface	platform	false		src/components/sections/ProjectSites/ProjectSitesSection.tsx	74	
getL	function	platform	false		src/components/sections/ProjectSites/ProjectSitesSection.tsx	81	
useMiniMap	function	platform	false	hook	src/components/sections/ProjectSites/ProjectSitesSection.tsx	86	
SitePopupProps	interface	platform	false		src/components/sections/ProjectSites/ProjectSitesSection.tsx	136	
SitePopup	function	platform	false	component	src/components/sections/ProjectSites/ProjectSitesSection.tsx	142	
openInLiveMap	function	platform	false		src/components/sections/ProjectSites/ProjectSitesSection.tsx	148	SitePopup
SiteCardProps	interface	platform	false	ui-tile	src/components/sections/ProjectSites/ProjectSitesSection.tsx	179	
SiteCard	function	platform	false	component,ui-tile	src/components/sections/ProjectSites/ProjectSitesSection.tsx	189	
handleCardClick	function	platform	false	ui-tile	src/components/sections/ProjectSites/ProjectSitesSection.tsx	208	SiteCard
EmployeePickerProps	interface	platform	false		src/components/sections/ProjectSites/ProjectSitesSection.tsx	297	
EmployeePicker	function	platform	false	component	src/components/sections/ProjectSites/ProjectSitesSection.tsx	303	
toggle	function	platform	false		src/components/sections/ProjectSites/ProjectSitesSection.tsx	311	EmployeePicker
remove	function	platform	false		src/components/sections/ProjectSites/ProjectSitesSection.tsx	317	EmployeePicker
MapPickerProps	interface	platform	false		src/components/sections/ProjectSites/ProjectSitesSection.tsx	390	
MapPicker	function	platform	false	component	src/components/sections/ProjectSites/ProjectSitesSection.tsx	398	
placePin	function	platform	false		src/components/sections/ProjectSites/ProjectSitesSection.tsx	446	timer
SiteModalProps	interface	platform	false		src/components/sections/ProjectSites/ProjectSitesSection.tsx	497	
SiteModal	function	platform	false	component	src/components/sections/ProjectSites/ProjectSitesSection.tsx	505	
field	function	platform	false		src/components/sections/ProjectSites/ProjectSitesSection.tsx	548	SiteModal
coordsSet	function	platform	false		src/components/sections/ProjectSites/ProjectSitesSection.tsx	555	SiteModal
validate	function	platform	false		src/components/sections/ProjectSites/ProjectSitesSection.tsx	559	SiteModal
save	function	platform	false		src/components/sections/ProjectSites/ProjectSitesSection.tsx	573	SiteModal
useMyLocation	function	platform	false	hook	src/components/sections/ProjectSites/ProjectSitesSection.tsx	622	SiteModal
StatsProps	interface	platform	false		src/components/sections/ProjectSites/ProjectSitesSection.tsx	754	
StatsRow	function	platform	false	component	src/components/sections/ProjectSites/ProjectSitesSection.tsx	761	
ProjectSitesSection	function	platform	true	component	src/components/sections/ProjectSites/ProjectSitesSection.tsx	790	
openAdd	function	platform	false		src/components/sections/ProjectSites/ProjectSitesSection.tsx	875	ProjectSitesSection
openEdit	function	platform	false		src/components/sections/ProjectSites/ProjectSitesSection.tsx	880	ProjectSitesSection
closeModal	function	platform	false		src/components/sections/ProjectSites/ProjectSitesSection.tsx	885	ProjectSitesSection
onSaved	function	platform	false		src/components/sections/ProjectSites/ProjectSitesSection.tsx	890	ProjectSitesSection
confirmDelete	function	platform	false		src/components/sections/ProjectSites/ProjectSitesSection.tsx	894	ProjectSitesSection
selectSite	function	platform	false		src/components/sections/ProjectSites/ProjectSitesSection.tsx	915	ProjectSitesSection
AssignedEmployee	interface	platform	true		src/components/sections/ProjectSites/types.ts	9	
ProjectSite	interface	platform	true		src/components/sections/ProjectSites/types.ts	15	
EmployeeListItem	interface	platform	true		src/components/sections/ProjectSites/types.ts	30	
SiteFormValues	interface	platform	true		src/components/sections/ProjectSites/types.ts	36	
EMPTY_FORM	object	platform	true		src/components/sections/ProjectSites/types.ts	46	
DeptOption	interface	platform	true		src/components/sections/ProjectSites/types.ts	56	
SiteFilter	type	platform	true		src/components/sections/ProjectSites/types.ts	61	
LiveRow	interface	platform	true		src/components/sections/ProjectSites/types.ts	64	
AppSettings	interface	settings	true		src/components/sections/Settings/api.ts	12	
RawSettings	interface	settings	false		src/components/sections/Settings/api.ts	29	
fetchSettings	function	settings	true		src/components/sections/Settings/api.ts	45	
updateSetting	function	settings	true		src/components/sections/Settings/api.ts	79	
TimeoutRole	type	settings	true		src/components/sections/Settings/api.ts	94	
SESSION_TIMEOUT_DEFAULTS	object	settings	true		src/components/sections/Settings/api.ts	97	
fetchSessionTimeouts	function	settings	true		src/components/sections/Settings/api.ts	102	
setSessionTimeout	function	settings	true		src/components/sections/Settings/api.ts	116	
saveWorkHoursApi	function	settings	true		src/components/sections/Settings/api.ts	120	
uploadLogoApi	function	settings	true		src/components/sections/Settings/api.ts	133	
applyCompanyNameToDom	function	settings	true		src/components/sections/Settings/domSync.ts	15	
applyCompanyLogoToDom	function	settings	true		src/components/sections/Settings/domSync.ts	23	
STATUS_LABEL	object	settings	false		src/components/sections/Settings/ManifestReviewPanel.tsx	23	
STATUS_CLASS	object	settings	false		src/components/sections/Settings/ManifestReviewPanel.tsx	26	
REVIEWERS	array	settings	false		src/components/sections/Settings/ManifestReviewPanel.tsx	30	
StatusPill	function	settings	false	component	src/components/sections/Settings/ManifestReviewPanel.tsx	40	
ManifestDetail	function	settings	false	component	src/components/sections/Settings/ManifestReviewPanel.tsx	46	
submit	function	settings	false		src/components/sections/Settings/ManifestReviewPanel.tsx	75	ManifestDetail
approve	function	settings	false		src/components/sections/Settings/ManifestReviewPanel.tsx	76	ManifestDetail
manifestRecord	function	settings	false		src/components/sections/Settings/ManifestReviewPanel.tsx	77	ManifestDetail
deprecate	function	settings	false		src/components/sections/Settings/ManifestReviewPanel.tsx	84	ManifestDetail
ret	function	settings	false		src/components/sections/Settings/ManifestReviewPanel.tsx	95	ManifestDetail
review	function	settings	false		src/components/sections/Settings/ManifestReviewPanel.tsx	107	ManifestDetail
ManifestReviewPanel	function	settings	true	component	src/components/sections/Settings/ManifestReviewPanel.tsx	217	
mountSettingsSection	function	settings	true		src/components/sections/Settings/mount.ts	15	
unmountSettingsSection	function	settings	true		src/components/sections/Settings/mount.ts	32	
SwzPageKind	type	settings	true		src/components/sections/Settings/settingsNav.ts	12	
SwzLegacy	type	settings	true		src/components/sections/Settings/settingsNav.ts	13	
SwzPage	interface	settings	true		src/components/sections/Settings/settingsNav.ts	15	
SWZ_PAGES	array	settings	true		src/components/sections/Settings/settingsNav.ts	30	
SWZ_GROUP_ORDER	array	settings	true		src/components/sections/Settings/settingsNav.ts	91	
getSwzPage	function	settings	true		src/components/sections/Settings/settingsNav.ts	93	
visibleSwzPages	function	settings	true		src/components/sections/Settings/settingsNav.ts	98	
escAttr	function	settings	false		src/components/sections/Settings/settingsNav.ts	102	
buildSettingsMenuHtml	function	settings	true		src/components/sections/Settings/settingsNav.ts	109	
CardLabel	function	settings	false	component,ui-tile	src/components/sections/Settings/SettingsSection.tsx	70	
BrandingPanelProps	interface	settings	false		src/components/sections/Settings/SettingsSection.tsx	84	
BrandingPanel	function	settings	false	component	src/components/sections/Settings/SettingsSection.tsx	89	
field	function	settings	false		src/components/sections/Settings/SettingsSection.tsx	148	BrandingPanel
TrustedDevicesCard	function	settings	false	component,ui-tile	src/components/sections/Settings/SettingsSection.tsx	210	
TIMEOUT_OPTIONS	array	settings	false		src/components/sections/Settings/SettingsSection.tsx	361	
TIMEOUT_ROLE_LABEL	object	settings	false		src/components/sections/Settings/SettingsSection.tsx	372	
SessionTimeoutCard	function	settings	false	component,ui-tile	src/components/sections/Settings/SettingsSection.tsx	377	
SetupStep	type	settings	false		src/components/sections/Settings/SettingsSection.tsx	439	
TotpSetupModalProps	interface	settings	false		src/components/sections/Settings/SettingsSection.tsx	441	
TotpSetupModal	function	settings	true	component	src/components/sections/Settings/SettingsSection.tsx	446	
TotpDisableModalProps	interface	settings	false		src/components/sections/Settings/SettingsSection.tsx	641	
TotpDisableModal	function	settings	true	component	src/components/sections/Settings/SettingsSection.tsx	646	
TotpRegenModalProps	interface	settings	false		src/components/sections/Settings/SettingsSection.tsx	718	
TotpRegenModal	function	settings	false	component	src/components/sections/Settings/SettingsSection.tsx	722	
webauthnAvailable	variable	settings	false		src/components/sections/Settings/SettingsSection.tsx	842	
PasskeysCard	function	settings	false	component,ui-tile	src/components/sections/Settings/SettingsSection.tsx	844	
AuthenticatorCard	function	settings	false	component,ui-tile	src/components/sections/Settings/SettingsSection.tsx	1026	
SecurityPanel	function	settings	false	component	src/components/sections/Settings/SettingsSection.tsx	1137	
LegacyPage	function	settings	false	component	src/components/sections/Settings/SettingsSection.tsx	1239	
PlaceholderPage	function	settings	false	component	src/components/sections/Settings/SettingsSection.tsx	1264	
CONSOLE_BODIES	object	settings	false		src/components/sections/Settings/SettingsSection.tsx	1282	
ConsolePage	function	settings	false	component	src/components/sections/Settings/SettingsSection.tsx	1288	
SettingsSection	function	settings	true	component	src/components/sections/Settings/SettingsSection.tsx	1304	
enter	function	settings	false		src/components/sections/Settings/SettingsSection.tsx	1335	SettingsSection
exit	function	settings	false		src/components/sections/Settings/SettingsSection.tsx	1345	SettingsSection
onSection	function	settings	false		src/components/sections/Settings/SettingsSection.tsx	1350	SettingsSection
onMenuClick	function	settings	false		src/components/sections/Settings/SettingsSection.tsx	1355	SettingsSection
emptySettings	function	settings	false		src/components/sections/Settings/SettingsSection.tsx	1404	
valStr	function	settings	false		src/components/sections/Settings/SwzCard.tsx	17	
toInput	function	settings	false		src/components/sections/Settings/SwzCard.tsx	24	
classPill	function	settings	false		src/components/sections/Settings/SwzCard.tsx	30	
SwzCardProps	interface	settings	true	ui-tile	src/components/sections/Settings/SwzCard.tsx	39	
SwzCard	function	settings	true	component,ui-tile	src/components/sections/Settings/SwzCard.tsx	50	
CLASS_ORDER	array	settings	false		src/components/sections/Settings/SwzCatalogPage.tsx	24	
CLASS_LABEL	object	settings	false		src/components/sections/Settings/SwzCatalogPage.tsx	29	
MODULE_LABEL	object	settings	false		src/components/sections/Settings/SwzCatalogPage.tsx	34	
prettyModule	function	settings	false		src/components/sections/Settings/SwzCatalogPage.tsx	37	
SwzCatalogPage	function	settings	true	component	src/components/sections/Settings/SwzCatalogPage.tsx	39	
tabKeyOf	function	settings	false		src/components/sections/Settings/SwzCatalogPage.tsx	64	SwzCatalogPage
tabLabelOf	function	settings	false		src/components/sections/Settings/SwzCatalogPage.tsx	65	SwzCatalogPage
openModuleAudit	function	settings	false		src/components/sections/Settings/SwzCatalogPage.tsx	92	SwzCatalogPage
scopeFor	function	settings	false		src/components/sections/Settings/SwzCatalogPage.tsx	96	SwzCatalogPage
onScope	function	settings	false		src/components/sections/Settings/SwzCatalogPage.tsx	103	SwzCatalogPage
SWZ_ICONS	object	settings	true		src/components/sections/Settings/swzIcons.tsx	10	
SwzIcon	function	settings	true	component	src/components/sections/Settings/swzIcons.tsx	34	
CARD_CYCLE	array	settings	false	ui-tile	src/components/sections/Settings/swzIcons.tsx	39	
swzCardIconName	function	settings	true	ui-tile	src/components/sections/Settings/swzIcons.tsx	40	
GrantValidity	interface	platform	true		src/components/sections/SuperadminConsole/CriticalGrantDialog.tsx	18	
toLocalInput	function	platform	false		src/components/sections/SuperadminConsole/CriticalGrantDialog.tsx	21	
pad	function	platform	false		src/components/sections/SuperadminConsole/CriticalGrantDialog.tsx	22	toLocalInput
CriticalGrantDialog	function	platform	true	component	src/components/sections/SuperadminConsole/CriticalGrantDialog.tsx	26	
submit	function	platform	false		src/components/sections/SuperadminConsole/CriticalGrantDialog.tsx	54	CriticalGrantDialog
useConsoleUsers	function	platform	true	hook	src/components/sections/SuperadminConsole/hooks.ts	31	
useUserPermissions	function	platform	true	hook	src/components/sections/SuperadminConsole/hooks.ts	44	
refreshIfSelf	function	platform	false		src/components/sections/SuperadminConsole/hooks.ts	63	
useSetUserPermission	function	platform	true	hook	src/components/sections/SuperadminConsole/hooks.ts	67	
useClearUserPermission	function	platform	true	hook	src/components/sections/SuperadminConsole/hooks.ts	83	
useActiveSessions	function	platform	true	hook	src/components/sections/SuperadminConsole/hooks.ts	101	
useRevokeSession	function	platform	true	hook	src/components/sections/SuperadminConsole/hooks.ts	115	
useAuditLogs	function	platform	true	hook	src/components/sections/SuperadminConsole/hooks.ts	131	
useRoles	function	platform	true	hook	src/components/sections/SuperadminConsole/hooks.ts	152	
useRolePermissions	function	platform	true	hook	src/components/sections/SuperadminConsole/hooks.ts	165	
useRoleCategories	function	platform	true	hook	src/components/sections/SuperadminConsole/hooks.ts	178	
useRoleCategoryMutations	function	platform	true	hook	src/components/sections/SuperadminConsole/hooks.ts	192	
invalidate	function	platform	false		src/components/sections/SuperadminConsole/hooks.ts	194	useRoleCategoryMutations
useCreateRole	function	platform	true	hook	src/components/sections/SuperadminConsole/hooks.ts	213	
useUpdateRole	function	platform	true	hook	src/components/sections/SuperadminConsole/hooks.ts	227	
useDeleteRole	function	platform	true	hook	src/components/sections/SuperadminConsole/hooks.ts	242	
useSetRolePermission	function	platform	true	hook	src/components/sections/SuperadminConsole/hooks.ts	256	
usePermissionApprovals	function	platform	true	hook	src/components/sections/SuperadminConsole/hooks.ts	273	
useApproveGrant	function	platform	true	hook	src/components/sections/SuperadminConsole/hooks.ts	286	
useRejectGrant	function	platform	true	hook	src/components/sections/SuperadminConsole/hooks.ts	313	
useCancelGrant	function	platform	true	hook	src/components/sections/SuperadminConsole/hooks.ts	336	
consoleKeys	object	platform	true		src/components/sections/SuperadminConsole/queryKeys.ts	10	
PolicyForm	interface	security	false		src/components/sections/SuperadminConsole/tabs/SecurityPolicyTab.tsx	30	
DEFAULT_FORM	object	security	false		src/components/sections/SuperadminConsole/tabs/SecurityPolicyTab.tsx	43	
clamp	function	security	false		src/components/sections/SuperadminConsole/tabs/SecurityPolicyTab.tsx	58	
Toggle	function	security	false	component	src/components/sections/SuperadminConsole/tabs/SecurityPolicyTab.tsx	64	
NumberInput	function	security	false	component	src/components/sections/SuperadminConsole/tabs/SecurityPolicyTab.tsx	99	
Divider	function	security	false	component	src/components/sections/SuperadminConsole/tabs/SecurityPolicyTab.tsx	132	
SecurityPolicyTab	function	security	true	component	src/components/sections/SuperadminConsole/tabs/SecurityPolicyTab.tsx	138	
UserSecurityPanel	function	security	true	component	src/components/sections/SuperadminConsole/tabs/UserSecurityPanel.tsx	25	
useTicketRealtime	function	communications	true	hook	src/components/sections/Tickets/hooks.ts	39	
useTickets	function	communications	true	hook	src/components/sections/Tickets/hooks.ts	56	
useCreateTicket	function	communications	true	hook	src/components/sections/Tickets/hooks.ts	71	
useSendReply	function	communications	true	hook	src/components/sections/Tickets/hooks.ts	85	
useUpdateStatus	function	communications	true	hook	src/components/sections/Tickets/hooks.ts	135	
useDeleteTicket	function	communications	true	hook	src/components/sections/Tickets/hooks.ts	154	
useClearClosed	function	communications	true	hook	src/components/sections/Tickets/hooks.ts	167	
TicketComposeProps	interface	communications	false		src/components/sections/Tickets/TicketCompose.tsx	15	
TicketCompose	function	communications	true	component	src/components/sections/Tickets/TicketCompose.tsx	20	
validate	function	communications	false		src/components/sections/Tickets/TicketCompose.tsx	40	TicketCompose
handleSubmit	function	communications	false		src/components/sections/Tickets/TicketCompose.tsx	48	TicketCompose
timeAgo	function	communications	false		src/components/sections/Tickets/TicketDetail.tsx	28	
ReplyBubble	function	communications	false	component	src/components/sections/Tickets/TicketDetail.tsx	39	
TicketDetailProps	interface	communications	false		src/components/sections/Tickets/TicketDetail.tsx	86	
TicketDetail	function	communications	true	component	src/components/sections/Tickets/TicketDetail.tsx	91	
handleSendReply	function	communications	false		src/components/sections/Tickets/TicketDetail.tsx	150	TicketDetail
handleStatusSave	function	communications	false		src/components/sections/Tickets/TicketDetail.tsx	157	TicketDetail
Pane	type	communications	false		src/components/sections/Tickets/TicketPanel.tsx	29	
TicketPanelProps	interface	communications	false		src/components/sections/Tickets/TicketPanel.tsx	31	
TicketPanel	function	communications	true	component	src/components/sections/Tickets/TicketPanel.tsx	36	
timeAgo	function	communications	false		src/components/sections/Tickets/TicketQueue.tsx	35	
initials	function	communications	false		src/components/sections/Tickets/TicketQueue.tsx	44	
TicketRowProps	interface	communications	false		src/components/sections/Tickets/TicketQueue.tsx	50	
TicketRowItem	function	communications	false	component	src/components/sections/Tickets/TicketQueue.tsx	59	
TicketQueueProps	interface	communications	false		src/components/sections/Tickets/TicketQueue.tsx	167	
TicketQueue	function	communications	true	component	src/components/sections/Tickets/TicketQueue.tsx	172	
realtimeSubs	object	communications	false	test	src/components/sections/Tickets/tickets.test.ts	56	
makeClient	function	communications	false	test	src/components/sections/Tickets/tickets.test.ts	74	
wrap	function	communications	false	test	src/components/sections/Tickets/tickets.test.ts	83	
makeTicket	function	communications	false	test	src/components/sections/Tickets/tickets.test.ts	88	
storageKey	function	communications	false		src/components/sections/Tickets/useSeenReplies.ts	14	
loadIds	function	communications	false		src/components/sections/Tickets/useSeenReplies.ts	18	
saveIds	function	communications	false		src/components/sections/Tickets/useSeenReplies.ts	28	
useSeenReplies	function	communications	true	hook	src/components/sections/Tickets/useSeenReplies.ts	34	
lIco	function	platform	false		src/components/shared/AccountPill.tsx	34	
IcUser	function	platform	false	component	src/components/shared/AccountPill.tsx	38	
IcSettings	function	platform	false	component	src/components/shared/AccountPill.tsx	39	
IcAbout	function	platform	false	component	src/components/shared/AccountPill.tsx	40	
IcMoon	function	platform	false	component	src/components/shared/AccountPill.tsx	41	
IcLogout	function	platform	false	component	src/components/shared/AccountPill.tsx	42	
roleLabel	function	platform	false		src/components/shared/AccountPill.tsx	44	
nav	function	platform	false		src/components/shared/AccountPill.tsx	54	
doLogout	function	platform	false		src/components/shared/AccountPill.tsx	57	
AccountPillProps	interface	platform	true		src/components/shared/AccountPill.tsx	61	
AccountPill	function	platform	true	component	src/components/shared/AccountPill.tsx	77	
openMenu	function	platform	false		src/components/shared/AccountPill.tsx	100	AccountPill
close	function	platform	false		src/components/shared/AccountPill.tsx	112	AccountPill
onDoc	function	platform	false		src/components/shared/AccountPill.tsx	113	AccountPill
onKey	function	platform	false		src/components/shared/AccountPill.tsx	114	AccountPill
confirmLogout	function	platform	false		src/components/shared/AccountPill.tsx	127	AccountPill
AuthGateProps	interface	security	false		src/components/shared/AuthGate.tsx	49	
ROLE_RANK	object	security	false		src/components/shared/AuthGate.tsx	69	
roleAtLeast	function	security	false		src/components/shared/AuthGate.tsx	81	
AuthGate	function	security	true	component	src/components/shared/AuthGate.tsx	93	
AvatarVariant	type	platform	true		src/components/shared/Avatar.tsx	26	
AvatarSize	type	platform	true		src/components/shared/Avatar.tsx	27	
AvatarProps	interface	platform	true		src/components/shared/Avatar.tsx	29	
getInitials	function	platform	false		src/components/shared/Avatar.tsx	44	
nameToColor	function	platform	false		src/components/shared/Avatar.tsx	55	
isPreloaded	function	platform	false		src/components/shared/Avatar.tsx	68	
Avatar	function	platform	true	component	src/components/shared/Avatar.tsx	78	
UserStatus	type	platform	true		src/components/shared/Badge.tsx	21	
AttendanceStatus	type	platform	true		src/components/shared/Badge.tsx	22	
LeaveStatus	type	platform	true		src/components/shared/Badge.tsx	23	
PayrollStatus	type	platform	true		src/components/shared/Badge.tsx	24	
SiteStatus	type	platform	true		src/components/shared/Badge.tsx	25	
RealtimeStatus	type	platform	true		src/components/shared/Badge.tsx	26	
DomainStatus	type	platform	true		src/components/shared/Badge.tsx	28	
BadgeVariant	type	platform	true		src/components/shared/Badge.tsx	38	
STATUS_VARIANT	object	platform	false		src/components/shared/Badge.tsx	42	
STATUS_LABEL	object	platform	false		src/components/shared/Badge.tsx	67	
VARIANT_STYLE	object	platform	false		src/components/shared/Badge.tsx	87	
BadgeProps	interface	platform	true		src/components/shared/Badge.tsx	98	
Badge	function	platform	true	component	src/components/shared/Badge.tsx	112	
ConfirmVariant	type	platform	true		src/components/shared/ConfirmDialog.tsx	35	
ConfirmDialogProps	interface	platform	true		src/components/shared/ConfirmDialog.tsx	37	
VARIANT_ICON	object	platform	false		src/components/shared/ConfirmDialog.tsx	52	
VARIANT_ICON_COLOR	object	platform	false		src/components/shared/ConfirmDialog.tsx	58	
VARIANT_BTN_STYLE	object	platform	false		src/components/shared/ConfirmDialog.tsx	64	
ConfirmDialog	function	platform	true	component	src/components/shared/ConfirmDialog.tsx	72	
ConfirmOptions	interface	platform	true		src/components/shared/ConfirmDialog.tsx	188	
confirm	function	platform	true		src/components/shared/ConfirmDialog.tsx	204	
cleanup	function	platform	false		src/components/shared/ConfirmDialog.tsx	209	confirm
Dialog	function	platform	false	component	src/components/shared/ConfirmDialog.tsx	218	confirm
mockDestroy	variable	platform	false	test	src/components/shared/DataTable.test.tsx	16	
mockDataTable	variable	platform	false	test	src/components/shared/DataTable.test.tsx	17	
COLUMNS	array	platform	false	test	src/components/shared/DataTable.test.tsx	28	
DATA	array	platform	false	test	src/components/shared/DataTable.test.tsx	33	
DataTablesInstance	interface	platform	false		src/components/shared/DataTable.tsx	44	
JQueryWithDataTable	interface	platform	false		src/components/shared/DataTable.tsx	47	
DataTableColumn	interface	platform	true		src/components/shared/DataTable.tsx	51	
DataTableProps	interface	platform	true		src/components/shared/DataTable.tsx	74	
DT_DEFAULTS	object	platform	false		src/components/shared/DataTable.tsx	89	
DataTable	function	platform	true	component	src/components/shared/DataTable.tsx	114	
Bomb	function	platform	false	component,test	src/components/shared/ErrorBoundary.test.tsx	13	
FallbackProps	interface	platform	true		src/components/shared/ErrorBoundary.tsx	36	
ErrorBoundaryProps	interface	platform	true		src/components/shared/ErrorBoundary.tsx	42	
ErrorBoundaryState	interface	platform	false		src/components/shared/ErrorBoundary.tsx	57	
ErrorBoundary	class	platform	true	component	src/components/shared/ErrorBoundary.tsx	65	
getDerivedStateFromError	method	platform	false		src/components/shared/ErrorBoundary.tsx	68	ErrorBoundary
componentDidCatch	method	platform	false		src/components/shared/ErrorBoundary.tsx	76	ErrorBoundary
componentDidUpdate	method	platform	false		src/components/shared/ErrorBoundary.tsx	85	ErrorBoundary
render	method	platform	false		src/components/shared/ErrorBoundary.tsx	101	ErrorBoundary
DefaultFallback	function	platform	false	component	src/components/shared/ErrorBoundary.tsx	117	
_Controlled	function	platform	false	test	src/components/shared/Modal.test.tsx	16	
ModalSize	type	platform	true		src/components/shared/Modal.tsx	37	
ModalProps	interface	platform	true		src/components/shared/Modal.tsx	39	
SIZE_WIDTH	object	platform	false		src/components/shared/Modal.tsx	61	
FOCUSABLE	variable	platform	false	component	src/components/shared/Modal.tsx	68	
trapFocus	function	platform	false		src/components/shared/Modal.tsx	73	
_lockCount	variable	platform	false		src/components/shared/Modal.tsx	89	
lockBody	function	platform	false		src/components/shared/Modal.tsx	91	
unlockBody	function	platform	false		src/components/shared/Modal.tsx	100	
Modal	function	platform	true	component	src/components/shared/Modal.tsx	110	
ICON	object	workflow	false		src/components/shared/orchestration/ActivityTimeline.tsx	19	
FilterKey	type	workflow	false		src/components/shared/orchestration/ActivityTimeline.tsx	28	
FILTERS	array	workflow	false		src/components/shared/orchestration/ActivityTimeline.tsx	30	
PAGE_SIZE	variable	workflow	false	component	src/components/shared/orchestration/ActivityTimeline.tsx	40	
formatTitle	function	workflow	false		src/components/shared/orchestration/ActivityTimeline.tsx	43	
pageWindow	function	workflow	false		src/components/shared/orchestration/ActivityTimeline.tsx	50	
ActivityTimeline	function	workflow	true	component	src/components/shared/orchestration/ActivityTimeline.tsx	58	
h	function	workflow	false		src/components/shared/orchestration/ActivityTimeline.tsx	72	ActivityTimeline
setType	function	workflow	false		src/components/shared/orchestration/ActivityTimeline.tsx	89	ActivityTimeline
SpinnerProps	interface	platform	true		src/components/shared/Spinner.tsx	18	
Spinner	function	platform	true	component	src/components/shared/Spinner.tsx	30	
openSearch	function	platform	false		src/components/shared/UserPill.tsx	22	
openAI	function	platform	false		src/components/shared/UserPill.tsx	26	
UserPillProps	interface	platform	true		src/components/shared/UserPill.tsx	32	
UserPill	function	platform	true	component	src/components/shared/UserPill.tsx	50	
TaskCard	function	workflow	false	component,ui-tile	src/components/workflow/ApprovalInbox.tsx	15	
ApprovalInbox	function	workflow	true	component	src/components/workflow/ApprovalInbox.tsx	30	
act	function	workflow	false		src/components/workflow/ApprovalInbox.tsx	38	ApprovalInbox
AuditFeed	function	workflow	true	component	src/components/workflow/AuditFeed.tsx	13	
TARGET_ICON	object	workflow	false		src/components/workflow/HandoffList.tsx	12	
STATUS_TONE	object	workflow	false		src/components/workflow/HandoffList.tsx	22	
HandoffList	function	workflow	true	component	src/components/workflow/HandoffList.tsx	29	
WorkflowDrawer	function	workflow	true	component	src/components/workflow/WorkflowDrawer.tsx	15	
act	function	workflow	false		src/components/workflow/WorkflowDrawer.tsx	25	WorkflowDrawer
API_BASE	variable	platform	true		src/config/index.ts	19	
API_URL	variable	platform	true		src/config/index.ts	22	
SUPABASE_URL	variable	platform	true		src/config/index.ts	26	
SUPABASE_ANON_KEY	variable	platform	true		src/config/index.ts	27	
APP_NAME	variable	platform	true		src/config/index.ts	31	
SESSION_KEY	variable	platform	true		src/config/index.ts	34	
IDB_DB_NAME	variable	platform	true		src/config/index.ts	37	
ACCESS_TOKEN_TTL_MS	variable	platform	true		src/config/index.ts	42	
TOKEN_REFRESH_HEADROOM_MS	variable	platform	true		src/config/index.ts	45	
NavGroup	type	platform	true		src/config/index.ts	52	
NavGroupDef	interface	platform	true		src/config/index.ts	62	
NAV_GROUPS	array	platform	true		src/config/index.ts	72	
SectionDef	interface	platform	true		src/config/index.ts	82	
UserRole	type	platform	true		src/config/index.ts	91	
BASELINE_SECTIONS	array	platform	true		src/config/index.ts	99	
SECTION_DEFS	object	platform	true		src/config/index.ts	108	
COMMON_SECTIONS	array	platform	true		src/config/index.ts	139	
Palette	interface	platform	true		src/config/index.ts	149	
PALETTES	array	platform	true		src/config/index.ts	159	
LayoutOption	interface	platform	true		src/config/index.ts	170	
LAYOUTS	array	platform	true		src/config/index.ts	177	
LayoutMode	type	platform	true		src/config/index.ts	182	
ColorScheme	type	platform	true		src/config/index.ts	183	
Theme	type	platform	true		src/config/index.ts	184	
BootstrapModalConfig	interface	platform	false		src/globals.d.ts	37	
BootstrapModalInstance	interface	platform	false		src/globals.d.ts	38	
BootstrapModalStatic	interface	platform	false		src/globals.d.ts	39	
BootstrapBundle	interface	platform	false		src/globals.d.ts	42	
Window	interface	platform	false		src/globals.d.ts	45	
Window	interface	platform	false		src/globals.d.ts	54	
LegacyViewShim	type	platform	false		src/globals.d.ts	78	
Window	interface	platform	false		src/globals.d.ts	82	
CommunicationCounts	interface	communications	true		src/hooks/useCommunicationSummary.ts	12	
useCommunicationSummary	function	communications	true	hook	src/hooks/useCommunicationSummary.ts	26	
SupabaseClient	type	communications	false		src/hooks/useRealtimeSignals.ts	29	
SupabaseChannel	type	communications	false		src/hooks/useRealtimeSignals.ts	30	
useRealtimeSignals	function	communications	true	hook	src/hooks/useRealtimeSignals.ts	32	
onFocus	function	communications	false		src/hooks/useRealtimeSignals.ts	54	useRealtimeSignals
StepUpOptions	interface	platform	false		src/hooks/useStepUp.tsx	23	
StepUpVerifyResponse	interface	platform	false		src/hooks/useStepUp.tsx	29	
ResolveFn	type	platform	false		src/hooks/useStepUp.tsx	37	
StepUpCtx	interface	platform	false		src/hooks/useStepUp.tsx	39	
StepUpContext	variable	platform	false	component	src/hooks/useStepUp.tsx	43	
StepUpProvider	function	platform	true	component	src/hooks/useStepUp.tsx	47	
useStepUp	function	platform	true	hook	src/hooks/useStepUp.tsx	308	
withStepUp	function	platform	true		src/hooks/useStepUp.tsx	324	
MAX_RETRIES	variable	platform	false		src/lib/api.ts	47	
RETRY_BASE_MS	variable	platform	false		src/lib/api.ts	48	
RETRYABLE_STATUS	variable	platform	false		src/lib/api.ts	54	
_shouldRetry	function	platform	false		src/lib/api.ts	56	
_retryDelay	function	platform	false		src/lib/api.ts	60	
_refreshPromise	variable	platform	false		src/lib/api.ts	67	
_doRefresh	function	platform	false		src/lib/api.ts	69	
_refreshToken	function	platform	false		src/lib/api.ts	120	
CHANNEL_NAME	variable	platform	false		src/lib/api.ts	129	
TokenBroadcast	interface	platform	false		src/lib/api.ts	131	
_channel	variable	platform	false		src/lib/api.ts	137	
_getChannel	function	platform	false		src/lib/api.ts	139	
_broadcastTokens	function	platform	false		src/lib/api.ts	159	
_broadcastExpiry	function	platform	false		src/lib/api.ts	163	
_onAuthExpiredFn	variable	platform	false		src/lib/api.ts	172	
registerAuthExpiredHandler	function	platform	true		src/lib/api.ts	175	
_onAuthExpired	function	platform	false		src/lib/api.ts	179	
_tokenNeedsRefresh	function	platform	false		src/lib/api.ts	186	
ensureFreshToken	function	platform	true		src/lib/api.ts	198	
ApiFetchOptions	interface	platform	true		src/lib/api.ts	204	
apiFetch	function	platform	true		src/lib/api.ts	236	
apiGet	function	platform	true		src/lib/api.ts	342	
apiPost	function	platform	true		src/lib/api.ts	351	
apiPatch	function	platform	true		src/lib/api.ts	357	
apiDelete	function	platform	true		src/lib/api.ts	363	
authPost	function	platform	true		src/lib/api.ts	373	
apiAction	function	platform	true		src/lib/api.ts	389	
SESSION_KEY	variable	platform	false		src/lib/apiLegacy.ts	31	
_getSessionToken	function	platform	false		src/lib/apiLegacy.ts	33	
ApiResult	interface	platform	true		src/lib/apiLegacy.ts	44	
API_PATH	variable	platform	false		src/lib/apiLegacy.ts	53	
SWR_MUTATIONS	variable	platform	false		src/lib/apiLegacy.ts	56	
_rawApi	function	platform	true		src/lib/apiLegacy.ts	58	
SwrEntry	interface	platform	true		src/lib/apiLegacy.ts	94	
_cache	variable	platform	false		src/lib/apiLegacy.ts	96	
_inflight	variable	platform	false		src/lib/apiLegacy.ts	97	
_subs	variable	platform	false		src/lib/apiLegacy.ts	98	
DEFAULT_TTL	variable	platform	false		src/lib/apiLegacy.ts	99	
_swrGet	function	platform	false		src/lib/apiLegacy.ts	101	
_swrSet	function	platform	false		src/lib/apiLegacy.ts	103	
_swrClear	function	platform	false		src/lib/apiLegacy.ts	108	
_swrClearByPrefix	function	platform	false		src/lib/apiLegacy.ts	113	
_swrOn	function	platform	false		src/lib/apiLegacy.ts	117	
_swrFire	function	platform	false		src/lib/apiLegacy.ts	123	
SwrFetchOpts	interface	platform	false		src/lib/apiLegacy.ts	127	
_swrFetch	function	platform	false		src/lib/apiLegacy.ts	134	
_swrMutate	function	platform	false		src/lib/apiLegacy.ts	169	
_swrFocusRevalidate	function	platform	false		src/lib/apiLegacy.ts	180	
swr	object	platform	true		src/lib/apiLegacy.ts	189	
_swrLastHash	variable	platform	true		src/lib/apiLegacy.ts	205	
ApiSwrOpts	interface	platform	true		src/lib/apiLegacy.ts	209	
apiSwr	function	platform	true		src/lib/apiLegacy.ts	217	
api	function	platform	true		src/lib/apiLegacy.ts	234	
pingApi	function	platform	true		src/lib/apiLegacy.ts	246	
Win	type	platform	false		src/lib/apiLegacy.ts	263	
w	variable	platform	false		src/lib/apiLegacy.ts	264	
StoreValue	type	platform	false		src/lib/appState.ts	22	
Store	interface	platform	false		src/lib/appState.ts	26	
_store	object	platform	false		src/lib/appState.ts	74	
Listener	type	platform	false		src/lib/appState.ts	113	
_listeners	object	platform	false		src/lib/appState.ts	114	
get	function	platform	false		src/lib/appState.ts	116	
set	function	platform	false		src/lib/appState.ts	120	
on	function	platform	false		src/lib/appState.ts	129	
seed	function	platform	false		src/lib/appState.ts	136	
reset	function	platform	false		src/lib/appState.ts	141	
AppState	object	platform	true		src/lib/appState.ts	173	
flatpickr	variable	platform	false		src/lib/attSystem.ts	27	
L	variable	platform	false		src/lib/attSystem.ts	28	
Win	type	platform	false		src/lib/attSystem.ts	31	
w	function	platform	false		src/lib/attSystem.ts	32	
_Nav	function	platform	false		src/lib/attSystem.ts	36	
_Dashboard	function	platform	false		src/lib/attSystem.ts	37	
_LiveMap	function	platform	false		src/lib/attSystem.ts	38	
_Payroll	function	platform	false		src/lib/attSystem.ts	39	
_AttView	function	platform	false		src/lib/attSystem.ts	40	
_SettingsView	function	platform	false		src/lib/attSystem.ts	41	
_SiomacDB	function	platform	false		src/lib/attSystem.ts	42	
_SwCacheMgr	function	platform	false		src/lib/attSystem.ts	43	
_AppState	function	platform	false		src/lib/attSystem.ts	44	
_swr	function	platform	false		src/lib/attSystem.ts	45	
_swrLastHash	function	platform	false		src/lib/attSystem.ts	46	
_rawApiW	function	platform	false		src/lib/attSystem.ts	47	
_apiW	function	platform	false		src/lib/attSystem.ts	48	
_cpop	function	platform	false		src/lib/attSystem.ts	49	
_Swal	function	platform	false		src/lib/attSystem.ts	50	
_SiomacConfig	function	platform	false		src/lib/attSystem.ts	51	
currentColorScheme	variable	platform	false		src/lib/attSystem.ts	55	
currentLayoutMode	variable	platform	false		src/lib/attSystem.ts	56	
_currentProfileImage	variable	platform	false		src/lib/attSystem.ts	57	
_attFpFrom	variable	platform	false		src/lib/attSystem.ts	59	
_attFpTo	variable	platform	false		src/lib/attSystem.ts	60	
_sessExpTimer	variable	platform	false		src/lib/attSystem.ts	62	
_sessWarnTimer	variable	platform	false		src/lib/attSystem.ts	63	
_sessTickTimer	variable	platform	false		src/lib/attSystem.ts	64	
_sessWarned	variable	platform	false		src/lib/attSystem.ts	65	
_lastActivityReset	variable	platform	false		src/lib/attSystem.ts	67	
_activityHandler	variable	platform	false		src/lib/attSystem.ts	68	
_sectionLoaded	object	platform	false		src/lib/attSystem.ts	70	
_resetLoadedState	function	platform	false		src/lib/attSystem.ts	71	
_photoCache	object	platform	false		src/lib/attSystem.ts	73	
SESSION_KEY	variable	platform	false		src/lib/attSystem.ts	77	
SESSION_DEFAULT_IDLE	variable	platform	false		src/lib/attSystem.ts	82	
SESSION_REMEMBER_IDLE	variable	platform	false		src/lib/attSystem.ts	83	
SESSION_WARN_AT	variable	platform	false		src/lib/attSystem.ts	84	
SESSION_ACTIVITY_THROTTLE	variable	platform	false		src/lib/attSystem.ts	85	
CONFIG	object	platform	false		src/lib/attSystem.ts	89	
fmtLocalTime	function	platform	false		src/lib/attSystem.ts	98	
escapeHtml	function	platform	false		src/lib/attSystem.ts	105	
cssEscape	function	platform	false		src/lib/attSystem.ts	110	
_patchPhotoCache	function	platform	false		src/lib/attSystem.ts	117	
_clearPhotoCache	function	platform	false		src/lib/attSystem.ts	125	
showSpinner	function	platform	false		src/lib/attSystem.ts	133	
hideSpinner	function	platform	false		src/lib/attSystem.ts	136	
showPopup	function	platform	false		src/lib/attSystem.ts	137	
GeoResult	interface	platform	false		src/lib/attSystem.ts	142	
getCurrentLocation	function	platform	false		src/lib/attSystem.ts	144	
_spinBtn	function	platform	false		src/lib/attSystem.ts	159	
ProfileAvEl	interface	platform	false		src/lib/attSystem.ts	168	
_swapAvatarImg	function	platform	false		src/lib/attSystem.ts	170	
applyImg	function	platform	false		src/lib/attSystem.ts	175	_swapAvatarImg
applyFallback	function	platform	false		src/lib/attSystem.ts	185	_swapAvatarImg
_syncPillAvatars	function	platform	false		src/lib/attSystem.ts	211	
_setAttendanceAvatar	function	platform	false		src/lib/attSystem.ts	217	
_profileToastTimer	variable	platform	false		src/lib/attSystem.ts	228	
_profileToast	function	platform	false		src/lib/attSystem.ts	230	
PREFIX	variable	platform	false		src/lib/attSystem.ts	242	
PREFIX_LEN	variable	platform	false		src/lib/attSystem.ts	243	
_buildMasked	function	platform	false		src/lib/attSystem.ts	245	
_localDigits	function	platform	false		src/lib/attSystem.ts	252	
setPhone	function	platform	true		src/lib/attSystem.ts	258	
readPhone	function	platform	true		src/lib/attSystem.ts	264	
onInput	function	platform	false		src/lib/attSystem.ts	274	
onFocus	function	platform	false		src/lib/attSystem.ts	296	
onKeydown	function	platform	false		src/lib/attSystem.ts	302	
onBlur	function	platform	false		src/lib/attSystem.ts	313	
SessionData	interface	platform	false		src/lib/attSystem.ts	330	
_idleDeadline	function	platform	false		src/lib/attSystem.ts	353	
saveSession	function	platform	false		src/lib/attSystem.ts	357	
updateStoredSession	function	platform	false		src/lib/attSystem.ts	374	
loadSession	function	platform	false		src/lib/attSystem.ts	382	
clearSession	function	platform	false		src/lib/attSystem.ts	399	
_armSessionTimers	function	platform	false		src/lib/attSystem.ts	407	
_resetIdleDeadline	function	platform	false		src/lib/attSystem.ts	429	
startSessionTimer	function	platform	false		src/lib/attSystem.ts	441	
stopSessionTimer	function	platform	false		src/lib/attSystem.ts	460	
handleSessionWarning	function	platform	false		src/lib/attSystem.ts	471	
handleSessionExpired	function	platform	false		src/lib/attSystem.ts	477	
updateSessionWidget	function	platform	false	ui-tile	src/lib/attSystem.ts	482	
_completeLogin	function	platform	true		src/lib/attSystem.ts	517	
applySession	function	platform	false		src/lib/attSystem.ts	562	
handleLogout	function	platform	false		src/lib/attSystem.ts	669	
stopCamera	function	platform	false		src/lib/attSystem.ts	746	
startLocationTracking	function	platform	false		src/lib/attSystem.ts	757	
updateLocationInfo	function	platform	false		src/lib/attSystem.ts	773	
handleLocationError	function	platform	false		src/lib/attSystem.ts	797	
_noSyncSections	variable	platform	false		src/lib/attSystem.ts	813	
_userIsInteracting	function	platform	false		src/lib/attSystem.ts	815	
startAutoSync	function	platform	false		src/lib/attSystem.ts	823	
stopAutoSync	function	platform	false		src/lib/attSystem.ts	829	
syncData	function	platform	false		src/lib/attSystem.ts	835	
refreshCurrentView	function	platform	false		src/lib/attSystem.ts	840	
updateClock	function	platform	false		src/lib/attSystem.ts	848	
set	function	platform	false		src/lib/attSystem.ts	853	updateClock
initializeDateSelectors	function	platform	false		src/lib/attSystem.ts	859	
setupEventListeners	function	platform	false		src/lib/attSystem.ts	901	
init	function	platform	true		src/lib/attSystem.ts	1237	
AttendanceSystem	object	platform	true		src/lib/attSystem.ts	1300	
goTo	method	platform	false		src/lib/attSystem.ts	1302	AttendanceSystem
_w	variable	platform	false		src/lib/attSystem.ts	1329	
AuthSuccess	interface	security	true		src/lib/auth.ts	56	
Auth2faRequired	interface	security	true		src/lib/auth.ts	62	
Auth2faSetupRequired	interface	security	true		src/lib/auth.ts	68	
SignInResult	type	security	true		src/lib/auth.ts	75	
parseSession	function	security	false		src/lib/auth.ts	83	
applyPermissionOverrides	function	security	false		src/lib/auth.ts	102	
refreshPermissionOverrides	function	security	true		src/lib/auth.ts	120	
signIn	function	security	true		src/lib/auth.ts	134	
verify2fa	function	security	true		src/lib/auth.ts	169	
begin2faSetup	function	security	true		src/lib/auth.ts	187	
confirm2faSetup	function	security	true		src/lib/auth.ts	207	
signOut	function	security	true		src/lib/auth.ts	233	
getSession	function	security	true		src/lib/auth.ts	281	
_applyFullSession	function	security	false		src/lib/auth.ts	318	
makeSession	function	platform	false	test	src/lib/boot.test.ts	39	
buildShellDom	function	platform	false	test	src/lib/boot.test.ts	58	
teardownShellDom	function	platform	false	test	src/lib/boot.test.ts	72	
stub	function	platform	false	test	src/lib/boot.test.ts	240	
DB_NAME	variable	platform	false		src/lib/cache.ts	25	
DB_VERSION	variable	platform	false		src/lib/cache.ts	26	
STORE	variable	platform	false		src/lib/cache.ts	27	
SKIP_PERSIST	variable	platform	false		src/lib/cache.ts	30	
COLD_AGE	variable	platform	false		src/lib/cache.ts	33	
_db	variable	platform	false		src/lib/cache.ts	35	
_openDB	function	platform	false		src/lib/cache.ts	37	
SiomacDB	object	platform	true		src/lib/cache.ts	56	
set	method	platform	false		src/lib/cache.ts	58	SiomacDB
get	method	platform	false		src/lib/cache.ts	73	SiomacDB
del	method	platform	false		src/lib/cache.ts	91	SiomacDB
clearAll	method	platform	false		src/lib/cache.ts	105	SiomacDB
pruneOld	method	platform	false		src/lib/cache.ts	119	SiomacDB
count	method	platform	false		src/lib/cache.ts	141	SiomacDB
warmSwr	method	platform	false		src/lib/cache.ts	159	SiomacDB
SWRGlobal	interface	platform	false		src/lib/cache.ts	161	warmSwr
_sendSW	function	platform	false		src/lib/cache.ts	193	
SwCacheManager	object	platform	true		src/lib/cache.ts	199	
register	method	platform	false		src/lib/cache.ts	200	SwCacheManager
evictPhoto	method	platform	false		src/lib/cache.ts	226	SwCacheManager
clearPhotoCache	method	platform	false		src/lib/cache.ts	231	SwCacheManager
clearAll	method	platform	false		src/lib/cache.ts	236	SwCacheManager
SWRGlobal	interface	platform	false		src/lib/cache.ts	239	clearAll
getStats	method	platform	false		src/lib/cache.ts	252	SwCacheManager
handler	function	platform	false		src/lib/cache.ts	260	getStats
_patchSwrPersistence	function	platform	false		src/lib/cache.ts	283	
SWRGlobal	interface	platform	false		src/lib/cache.ts	284	_patchSwrPersistence
DateKey	type	platform	true		src/lib/calendar/date.ts	10	
pad	function	platform	false		src/lib/calendar/date.ts	12	
parseLocalDate	function	platform	true		src/lib/calendar/date.ts	15	
toLocalDateKey	function	platform	true		src/lib/calendar/date.ts	21	
isoDateKey	function	platform	true		src/lib/calendar/date.ts	26	
itemDateKey	function	platform	true		src/lib/calendar/date.ts	31	
addDays	function	platform	true		src/lib/calendar/date.ts	38	
startOfMonth	function	platform	true		src/lib/calendar/date.ts	44	
endOfMonth	function	platform	true		src/lib/calendar/date.ts	45	
sameDay	function	platform	true		src/lib/calendar/date.ts	47	
isToday	function	platform	true		src/lib/calendar/date.ts	51	
monthGrid	function	platform	true		src/lib/calendar/date.ts	57	
weekDays	function	platform	true		src/lib/calendar/date.ts	64	
WEEKDAYS_SHORT	array	platform	false		src/lib/calendar/date.ts	71	
MONTHS_LONG	array	platform	false		src/lib/calendar/date.ts	72	
monthLabel	function	platform	true		src/lib/calendar/date.ts	74	
weekdayShort	function	platform	true		src/lib/calendar/date.ts	75	
longDayLabel	function	platform	true		src/lib/calendar/date.ts	78	
timeLabel	function	platform	true		src/lib/calendar/date.ts	83	
durationMinutes	function	platform	true		src/lib/calendar/date.ts	88	
isOverdue	function	platform	true		src/lib/calendar/date.ts	94	
Chart	variable	platform	false		src/lib/charts.ts	26	
DashCharts	interface	platform	false		src/lib/charts.ts	30	
_attendanceChart	variable	platform	false		src/lib/charts.ts	37	
_trendChart	variable	platform	false		src/lib/charts.ts	38	
_dashCharts	object	platform	false		src/lib/charts.ts	39	
_destroyDash	function	platform	false		src/lib/charts.ts	41	
PALETTE	array	platform	false		src/lib/charts.ts	48	
pinCanvas	function	platform	true		src/lib/charts.ts	64	
_spinner	function	platform	false		src/lib/charts.ts	83	
displayAttendanceChart	function	platform	true		src/lib/charts.ts	97	
displayTrendChart	function	platform	true		src/lib/charts.ts	128	
_renderTrendLine	function	platform	false		src/lib/charts.ts	167	
_renderDeptDist	function	platform	false		src/lib/charts.ts	224	
_renderStatusBars	function	platform	false		src/lib/charts.ts	253	
_renderLeaveTypes	function	platform	false		src/lib/charts.ts	297	
_pct	function	platform	false		src/lib/charts.ts	331	
_setText	function	platform	false		src/lib/charts.ts	335	
_populateDeptStats	function	platform	false		src/lib/charts.ts	340	
_populateStatusStats	function	platform	false		src/lib/charts.ts	353	
_populateLeaveStats	function	platform	false		src/lib/charts.ts	363	
DashboardChartData	interface	platform	true		src/lib/charts.ts	376	
renderDashboardCharts	function	platform	true		src/lib/charts.ts	384	
updateDashboardCharts	function	platform	true		src/lib/charts.ts	405	
hasAttendanceChart	function	platform	true		src/lib/charts.ts	437	
hasTrendChart	function	platform	true		src/lib/charts.ts	438	
SiomacCharts	object	platform	true		src/lib/charts.ts	442	
CsvColumn	interface	platform	true		src/lib/csv.ts	27	
escapeCsvField	function	platform	true		src/lib/csv.ts	35	
toCsv	function	platform	true		src/lib/csv.ts	46	
arrayToCsv	function	platform	true		src/lib/csv.ts	55	
downloadText	function	platform	true		src/lib/csv.ts	60	
downloadCsv	function	platform	true		src/lib/csv.ts	75	
DialogIcon	type	platform	true		src/lib/dialog.ts	20	
ConfirmOptions	interface	platform	true		src/lib/dialog.ts	22	
PromptOptions	interface	platform	true		src/lib/dialog.ts	33	
dialog	object	platform	true		src/lib/dialog.ts	44	
confirm	method	platform	false		src/lib/dialog.ts	55	dialog
prompt	method	platform	false		src/lib/dialog.ts	67	dialog
RequiredEnv	interface	platform	false		src/lib/env.ts	20	
OptionalEnv	interface	platform	false		src/lib/env.ts	25	
AppEnv	type	platform	true		src/lib/env.ts	31	
validate	function	platform	false		src/lib/env.ts	33	
require	function	platform	false		src/lib/env.ts	36	validate
optional	function	platform	false		src/lib/env.ts	43	validate
env	variable	platform	true		src/lib/env.ts	77	
LogLevel	type	platform	false		src/lib/logger.ts	27	
Context	type	platform	false		src/lib/logger.ts	28	
IS_DEV	variable	platform	false		src/lib/logger.ts	30	
IS_PROD	variable	platform	false		src/lib/logger.ts	31	
SENTRY_DSN	variable	platform	false		src/lib/logger.ts	34	
SentrySDK	type	platform	false		src/lib/logger.ts	39	
_sentry	variable	platform	false		src/lib/logger.ts	46	
_sentryLoading	variable	platform	false		src/lib/logger.ts	47	
_loadSentry	function	platform	false		src/lib/logger.ts	49	
beforeBreadcrumb	method	platform	false		src/lib/logger.ts	67	_loadSentry
LEVEL_STYLE	object	platform	false		src/lib/logger.ts	86	
_log	function	platform	false		src/lib/logger.ts	96	
logger	object	platform	true		src/lib/logger.ts	144	
debug	method	platform	false		src/lib/logger.ts	145	logger
info	method	platform	false		src/lib/logger.ts	148	logger
warn	method	platform	false		src/lib/logger.ts	151	logger
error	method	platform	false		src/lib/logger.ts	154	logger
critical	method	platform	false		src/lib/logger.ts	158	logger
makeModule	function	platform	false	test	src/lib/moduleRegistry.test.ts	12	
ModuleNavItem	interface	platform	true		src/lib/moduleRegistry.ts	28	
ModuleNavGroup	interface	platform	true		src/lib/moduleRegistry.ts	44	
ModuleMountContext	interface	platform	true		src/lib/moduleRegistry.ts	51	
ModuleMount	interface	platform	true		src/lib/moduleRegistry.ts	58	
AppRole	type	platform	true		src/lib/moduleRegistry.ts	70	
ModuleDefinition	interface	platform	true		src/lib/moduleRegistry.ts	72	
canAccessModuleNavItem	function	platform	true		src/lib/moduleRegistry.ts	88	
_modules	variable	platform	false		src/lib/moduleRegistry.ts	99	
registerModule	function	platform	true		src/lib/moduleRegistry.ts	102	
getModules	function	platform	true		src/lib/moduleRegistry.ts	107	
getModule	function	platform	true		src/lib/moduleRegistry.ts	112	
getModulesForRole	function	platform	true		src/lib/moduleRegistry.ts	117	
getModuleForSection	function	platform	true		src/lib/moduleRegistry.ts	122	
NS	variable	platform	false	test	src/lib/navVisibility.test.ts	12	
items	array	platform	false	test	src/lib/navVisibility.test.ts	13	
VisibilityItem	interface	platform	true		src/lib/navVisibility.ts	17	
Listener	type	platform	false		src/lib/navVisibility.ts	22	
STORAGE_PREFIX	variable	platform	false		src/lib/navVisibility.ts	24	
ORDER_PREFIX	variable	platform	false		src/lib/navVisibility.ts	25	
listeners	variable	platform	false		src/lib/navVisibility.ts	26	
OverrideMap	type	platform	false		src/lib/navVisibility.ts	29	
storageKey	function	platform	false		src/lib/navVisibility.ts	31	
orderKey	function	platform	false		src/lib/navVisibility.ts	35	
loadOrder	function	platform	false		src/lib/navVisibility.ts	40	
saveOrder	function	platform	false		src/lib/navVisibility.ts	51	
load	function	platform	false		src/lib/navVisibility.ts	55	
save	function	platform	false		src/lib/navVisibility.ts	66	
emit	function	platform	false		src/lib/navVisibility.ts	70	
subscribeVisibility	function	platform	true		src/lib/navVisibility.ts	79	
isVisible	function	platform	true		src/lib/navVisibility.ts	85	
resolveVisible	function	platform	true		src/lib/navVisibility.ts	92	
setVisible	function	platform	true		src/lib/navVisibility.ts	100	
toggleVisible	function	platform	true		src/lib/navVisibility.ts	108	
resolveOrder	function	platform	true		src/lib/navVisibility.ts	118	
setOrder	function	platform	true		src/lib/navVisibility.ts	133	
resetVisibility	function	platform	true		src/lib/navVisibility.ts	139	
UUID_1	variable	communications	false	test	src/lib/notifications.test.ts	55	
UUID_2	variable	communications	false	test	src/lib/notifications.test.ts	56	
_notifChannel	variable	communications	false		src/lib/notifications.ts	50	
COMPLIANCE_TOAST_TYPES	variable	communications	false		src/lib/notifications.ts	58	
initNotificationsRealtime	function	communications	true		src/lib/notifications.ts	72	
teardownNotificationsRealtime	function	communications	true		src/lib/notifications.ts	116	
useMyNotifications	function	communications	true	hook	src/lib/notifications.ts	134	
useUnreadCount	function	communications	true	hook	src/lib/notifications.ts	149	
useMyNotificationPreferences	function	communications	true	hook	src/lib/notifications.ts	164	
useMarkAsRead	function	communications	true	hook	src/lib/notifications.ts	177	
useMarkAllAsRead	function	communications	true	hook	src/lib/notifications.ts	191	
useDeleteNotification	function	communications	true	hook	src/lib/notifications.ts	208	
useClearAllNotifications	function	communications	true	hook	src/lib/notifications.ts	222	
useUpdateNotificationPreference	function	communications	true	hook	src/lib/notifications.ts	238	
PermissionRisk	type	security	true		src/lib/permissionMeta.ts	24	
PermissionMeta	interface	security	true		src/lib/permissionMeta.ts	26	
PERMISSION_META	object	security	true		src/lib/permissionMeta.ts	44	
ctx	function	security	false	test	src/lib/permissions.test.ts	27	
override	function	security	false	test	src/lib/permissions.test.ts	35	
PERMISSION_KEYS	variable	security	true		src/lib/permissions.ts	55	
PermissionKey	type	security	true		src/lib/permissions.ts	534	
CRITICAL_GRANT_KEYS	variable	security	true		src/lib/permissions.ts	539	
COMPLIANCE_GATED_KEYS	variable	security	true		src/lib/permissions.ts	567	
EMPLOYEE_BASELINE	variable	security	false		src/lib/permissions.ts	582	
ROLE_PERMISSIONS	object	security	true		src/lib/permissions.ts	607	
PermissionContext	interface	security	true		src/lib/permissions.ts	1299	
resolvePermission	function	security	true		src/lib/permissions.ts	1330	
roleDefaultGranted	function	security	true		src/lib/permissions.ts	1375	
PermissionState	type	security	true		src/lib/permissions.ts	1381	
permissionState	function	security	true		src/lib/permissions.ts	1387	
permissionGroups	function	security	true		src/lib/permissions.ts	1397	
can	function	security	true		src/lib/permissions.ts	1417	
useCan	function	security	true	hook	src/lib/permissions.ts	1433	
ICONS	object	platform	false		src/lib/popup.ts	22	
_svg	function	platform	false		src/lib/popup.ts	30	
_ready	variable	platform	false		src/lib/popup.ts	36	
_modal	variable	platform	false		src/lib/popup.ts	37	
_iconEl	variable	platform	false		src/lib/popup.ts	38	
_titleEl	variable	platform	false		src/lib/popup.ts	39	
_textEl	variable	platform	false		src/lib/popup.ts	40	
_progEl	variable	platform	false		src/lib/popup.ts	41	
_progBar	variable	platform	false		src/lib/popup.ts	42	
_okBtn	variable	platform	false		src/lib/popup.ts	43	
_cancelBtn	variable	platform	false		src/lib/popup.ts	44	
_toastsEl	variable	platform	false		src/lib/popup.ts	45	
_inputEl	variable	platform	false		src/lib/popup.ts	46	
_textareaEl	variable	platform	false		src/lib/popup.ts	47	
_activeInput	variable	platform	false		src/lib/popup.ts	48	
_activeResolve	variable	platform	false		src/lib/popup.ts	50	
_activeTimer	variable	platform	false		src/lib/popup.ts	51	
_escHandler	variable	platform	false		src/lib/popup.ts	52	
_closeTimer	variable	platform	false		src/lib/popup.ts	53	
_mdCapture	variable	platform	false		src/lib/popup.ts	54	
CpopResult	interface	platform	true		src/lib/popup.ts	58	
CpopOptions	interface	platform	true		src/lib/popup.ts	69	
_ensureDOM	function	platform	false		src/lib/popup.ts	94	
_installMdCapture	function	platform	false		src/lib/popup.ts	143	
_removeMdCapture	function	platform	false		src/lib/popup.ts	153	
_freezeBsModals	function	platform	false		src/lib/popup.ts	159	
_unfreezeBsModals	function	platform	false		src/lib/popup.ts	170	
_close	function	platform	false		src/lib/popup.ts	185	
_showToast	function	platform	false		src/lib/popup.ts	204	
fire	function	platform	false		src/lib/popup.ts	240	
showLoading	function	platform	false		src/lib/popup.ts	343	
cpop	object	platform	true		src/lib/popup.ts	349	
_client	variable	platform	false		src/lib/queryClient.ts	37	
setQueryClient	function	platform	true		src/lib/queryClient.ts	43	
getQueryClient	function	platform	true		src/lib/queryClient.ts	51	
createDefaultQueryClient	function	platform	true		src/lib/queryClient.ts	71	
RecordQueryResult	interface	platform	true		src/lib/recordQuery.ts	24	
UseRecordQueryOptions	interface	platform	true		src/lib/recordQuery.ts	36	
useRecordQuery	function	platform	true	hook	src/lib/recordQuery.ts	48	
PersistedSession	interface	platform	true		src/lib/session.ts	17	
loadSession	function	platform	true		src/lib/session.ts	59	
saveSession	function	platform	true		src/lib/session.ts	73	
clearSession	function	platform	true		src/lib/session.ts	82	
getToken	function	platform	true		src/lib/session.ts	91	
patchTokens	function	platform	true		src/lib/session.ts	105	
supabase	variable	platform	true		src/lib/supabase.ts	42	
ConsoleUser	interface	platform	true		src/lib/superadminApi.ts	17	
UserPermissionRow	interface	platform	true		src/lib/superadminApi.ts	37	
listUsersApi	function	platform	true		src/lib/superadminApi.ts	48	
getUserPermissionsApi	function	platform	true		src/lib/superadminApi.ts	57	
setUserPermissionApi	function	platform	true		src/lib/superadminApi.ts	66	
clearUserPermissionApi	function	platform	true		src/lib/superadminApi.ts	76	
ActiveSession	interface	platform	true		src/lib/superadminApi.ts	88	
getActiveSessionsApi	function	platform	true		src/lib/superadminApi.ts	100	
revokeSessionApi	function	platform	true		src/lib/superadminApi.ts	109	
AuditLogRow	interface	platform	true		src/lib/superadminApi.ts	117	
AuditLogFilters	interface	platform	true		src/lib/superadminApi.ts	134	
getAuditLogsApi	function	platform	true		src/lib/superadminApi.ts	152	
RoleCategory	type	platform	true		src/lib/superadminApi.ts	167	
RoleCategoryRow	interface	platform	true		src/lib/superadminApi.ts	170	
RoleRow	interface	platform	true		src/lib/superadminApi.ts	178	
listRolesApi	function	platform	true		src/lib/superadminApi.ts	191	
getRolePermissionsApi	function	platform	true		src/lib/superadminApi.ts	196	
createRoleApi	function	platform	true		src/lib/superadminApi.ts	203	
updateRoleApi	function	platform	true		src/lib/superadminApi.ts	208	
deleteRoleApi	function	platform	true		src/lib/superadminApi.ts	213	
listRoleCategoriesApi	function	platform	true		src/lib/superadminApi.ts	218	
createRoleCategoryApi	function	platform	true		src/lib/superadminApi.ts	221	
updateRoleCategoryApi	function	platform	true		src/lib/superadminApi.ts	224	
deleteRoleCategoryApi	function	platform	true		src/lib/superadminApi.ts	227	
setRolePermissionApi	function	platform	true		src/lib/superadminApi.ts	232	
PermissionApproval	interface	platform	true		src/lib/superadminApi.ts	238	
ApprovalStatus	type	platform	true		src/lib/superadminApi.ts	258	
listApprovalsApi	function	platform	true		src/lib/superadminApi.ts	261	
approveGrantApi	function	platform	true		src/lib/superadminApi.ts	270	
rejectGrantApi	function	platform	true		src/lib/superadminApi.ts	279	
cancelGrantApi	function	platform	true		src/lib/superadminApi.ts	288	
setUserPermissionWithReasonApi	function	platform	true		src/lib/superadminApi.ts	299	
setRolePermissionWithReasonApi	function	platform	true		src/lib/superadminApi.ts	309	
THEME_SETTING_KEY	variable	platform	true		src/lib/themePreference.ts	14	
CACHE_PREFIX	variable	platform	false		src/lib/themePreference.ts	15	
cacheKey	function	platform	false		src/lib/themePreference.ts	17	
currentUserId	function	platform	true		src/lib/themePreference.ts	24	
readCachedTheme	function	platform	true		src/lib/themePreference.ts	32	
writeCachedTheme	function	platform	true		src/lib/themePreference.ts	39	
purgeLegacyThemeCache	function	platform	true		src/lib/themePreference.ts	44	
resolveTheme	function	platform	true		src/lib/themePreference.ts	49	
persistThemeToDb	function	platform	true		src/lib/themePreference.ts	59	
loadThemeFromDb	function	platform	true		src/lib/themePreference.ts	69	
CTX	object	workflow	false	test	src/lib/workflow/store.test.ts	16	
STORAGE_KEY	variable	workflow	false		src/lib/workflow/store.ts	25	
Listener	type	workflow	false		src/lib/workflow/store.ts	27	
emptyState	function	workflow	false		src/lib/workflow/store.ts	31	
seedState	function	workflow	false		src/lib/workflow/store.ts	39	
hydrate	function	workflow	false		src/lib/workflow/store.ts	60	
persist	function	workflow	false		src/lib/workflow/store.ts	79	
nowIso	function	workflow	false		src/lib/workflow/store.ts	85	
wfId	function	workflow	false		src/lib/workflow/store.ts	86	
aprId	function	workflow	false		src/lib/workflow/store.ts	87	
hoId	function	workflow	false		src/lib/workflow/store.ts	88	
audId	function	workflow	false		src/lib/workflow/store.ts	89	
noteId	function	workflow	false		src/lib/workflow/store.ts	90	
pushAudit	function	workflow	false		src/lib/workflow/store.ts	94	
pushNotification	function	workflow	false		src/lib/workflow/store.ts	99	
applySubmit	function	workflow	false		src/lib/workflow/store.ts	105	
statusForDecision	function	workflow	false		src/lib/workflow/store.ts	137	
applyDecision	function	workflow	false		src/lib/workflow/store.ts	141	
applyHandoff	function	workflow	false		src/lib/workflow/store.ts	171	
Store	interface	workflow	false		src/lib/workflow/store.ts	187	
store	variable	workflow	false		src/lib/workflow/store.ts	192	
commit	function	workflow	false		src/lib/workflow/store.ts	196	
getWorkflowState	function	workflow	true		src/lib/workflow/store.ts	203	
subscribeWorkflow	function	workflow	true		src/lib/workflow/store.ts	207	
submitWorkflow	function	workflow	true		src/lib/workflow/store.ts	213	
decide	function	workflow	true		src/lib/workflow/store.ts	220	
toggleEvidence	function	workflow	true		src/lib/workflow/store.ts	226	
emitHandoff	function	workflow	true		src/lib/workflow/store.ts	235	
addAudit	function	workflow	true		src/lib/workflow/store.ts	245	
clearNotifications	function	workflow	true		src/lib/workflow/store.ts	251	
resetWorkflow	function	workflow	true		src/lib/workflow/store.ts	257	
STAGES	array	workflow	false		src/lib/workflow/templates.ts	13	
WORKFLOW_TEMPLATES	array	workflow	true		src/lib/workflow/templates.ts	22	
templateById	function	workflow	true		src/lib/workflow/templates.ts	138	
statusPill	function	workflow	true		src/lib/workflow/tone.ts	22	
priorityPill	function	workflow	true		src/lib/workflow/tone.ts	27	
statusLabel	function	workflow	true		src/lib/workflow/tone.ts	32	
ModuleKey	type	workflow	true		src/lib/workflow/types.ts	20	
Priority	type	workflow	true		src/lib/workflow/types.ts	24	
WorkflowStatus	type	workflow	true		src/lib/workflow/types.ts	30	
Decision	type	workflow	true		src/lib/workflow/types.ts	41	
WorkflowStage	interface	workflow	true		src/lib/workflow/types.ts	46	
ApprovalRouteStep	interface	workflow	true		src/lib/workflow/types.ts	53	
EvidenceGate	interface	workflow	true		src/lib/workflow/types.ts	59	
HandoffSpec	interface	workflow	true		src/lib/workflow/types.ts	66	
WorkflowTemplate	interface	workflow	true		src/lib/workflow/types.ts	75	
EvidenceItem	interface	workflow	true		src/lib/workflow/types.ts	93	
WorkflowInstance	interface	workflow	true		src/lib/workflow/types.ts	101	
ApprovalTask	interface	workflow	true		src/lib/workflow/types.ts	118	
AuditEvent	interface	workflow	true		src/lib/workflow/types.ts	134	
Handoff	interface	workflow	true		src/lib/workflow/types.ts	144	
WorkflowNotification	interface	workflow	true		src/lib/workflow/types.ts	158	
WorkflowState	interface	workflow	true		src/lib/workflow/types.ts	167	
ActorContext	interface	workflow	true		src/lib/workflow/types.ts	180	
SubmitWorkflowInput	interface	workflow	true		src/lib/workflow/types.ts	186	
DEMO_ACTOR	object	workflow	false		src/lib/workflow/useWorkflow.ts	19	
UseWorkflow	interface	workflow	true		src/lib/workflow/useWorkflow.ts	21	
useWorkflow	function	workflow	true	hook	src/lib/workflow/useWorkflow.ts	36	
queryClient	variable	platform	false		src/main.tsx	93	
SCRIPTS	array	platform	false		src/main.tsx	103	
loadScript	function	platform	false		src/main.tsx	125	
loadScripts	function	platform	false		src/main.tsx	135	
bootApp	function	platform	false		src/main.tsx	144	
_mountEmp	function	platform	false		src/main.tsx	325	bootApp
CommsBridgeInner	function	platform	false	component	src/shell/AppShell.tsx	50	
CommsBridge	function	platform	false	component	src/shell/AppShell.tsx	56	
ThemeBridge	function	platform	false	component	src/shell/AppShell.tsx	66	
Sidebar	function	platform	false	component	src/shell/AppShell.tsx	77	
PageHeader	function	platform	false	component	src/shell/AppShell.tsx	107	
AppShell	function	platform	true	component	src/shell/AppShell.tsx	122	
Phase	type	platform	false		src/shell/LoginShell.tsx	31	
FlowCtx	interface	platform	false		src/shell/LoginShell.tsx	33	
EMPTY_CTX	object	platform	false		src/shell/LoginShell.tsx	44	
webauthnSupported	function	platform	false		src/shell/LoginShell.tsx	49	
LoginShell	function	platform	true	component	src/shell/LoginShell.tsx	51	
EmployeeModals	function	hr	true	component	src/shell/modals/EmployeeModals.tsx	21	
MessageModal	function	communications	true	component	src/shell/modals/MessageModal.tsx	13	
NotificationModal	function	communications	true	component	src/shell/modals/NotificationModal.tsx	11	
ProjectSiteModal	function	platform	true	component	src/shell/modals/ProjectSiteModal.tsx	15	
TicketModal	function	communications	true	component	src/shell/modals/TicketModal.tsx	20	
StatutoryRatesModal	function	platform	false	component	src/shell/sections/AdminSections.tsx	29	
PayrollSettingsModal	function	platform	false	component	src/shell/sections/AdminSections.tsx	305	
AdminDashboardSection	function	platform	false	component	src/shell/sections/AdminSections.tsx	426	
AdminSections	function	platform	true	component	src/shell/sections/AdminSections.tsx	571	
AppSectionProps	interface	platform	false		src/shell/sections/AppSection.tsx	18	
AppSection	function	platform	true	component	src/shell/sections/AppSection.tsx	26	
EmpAttendanceSection	function	hr	false	component	src/shell/sections/EmployeeSections.tsx	23	
EmployeeSections	function	hr	true	component	src/shell/sections/EmployeeSections.tsx	166	
ManagerSections	function	platform	true	component	src/shell/sections/ManagerSections.tsx	18	
LiveMapSection	function	platform	false	component	src/shell/sections/SharedSections.tsx	23	
AboutSection	function	platform	false	component	src/shell/sections/SharedSections.tsx	99	
SharedSections	function	platform	true	component	src/shell/sections/SharedSections.tsx	178	
Listener	type	platform	false		src/shell/sections/useActiveSection.ts	28	
ActiveSectionStore	interface	platform	false		src/shell/sections/useActiveSection.ts	38	
store	variable	platform	false		src/shell/sections/useActiveSection.ts	39	
readPersisted	function	platform	false		src/shell/sections/useActiveSection.ts	44	
setActivePanel	function	platform	true		src/shell/sections/useActiveSection.ts	54	
getActivePanel	function	platform	true		src/shell/sections/useActiveSection.ts	61	
useActiveSection	function	platform	true	hook	src/shell/sections/useActiveSection.ts	69	
fn	function	platform	false		src/shell/sections/useActiveSection.ts	73	useActiveSection
EmployeeSummary	interface	platform	true		src/store/data.ts	37	
toEmployeeSummary	function	platform	true		src/store/data.ts	51	
DataState	interface	platform	true		src/store/data.ts	67	
_queryClient	variable	platform	false		src/store/data.ts	111	
registerQueryClient	function	platform	true		src/store/data.ts	113	
_invalidate	function	platform	false		src/store/data.ts	117	
EMPTY	variable	platform	false		src/store/data.ts	123	
useDataStore	variable	platform	true	hook	src/store/data.ts	135	
setEmployees	method	platform	false		src/store/data.ts	138	useDataStore
setDepartments	method	platform	false		src/store/data.ts	149	useDataStore
setProjectSites	method	platform	false		src/store/data.ts	154	useDataStore
setEmployeesLoading	method	platform	false		src/store/data.ts	159	useDataStore
setDepartmentsLoading	method	platform	false		src/store/data.ts	160	useDataStore
setSitesLoading	method	platform	false		src/store/data.ts	161	useDataStore
patchEmployee	method	platform	false		src/store/data.ts	163	useDataStore
reset	method	platform	false		src/store/data.ts	171	useDataStore
selectEmployees	function	platform	true		src/store/data.ts	182	
selectDepartments	function	platform	true		src/store/data.ts	183	
selectProjectSites	function	platform	true		src/store/data.ts	184	
selectTotalActive	function	platform	true		src/store/data.ts	185	
selectDeptName	function	platform	true		src/store/data.ts	188	
NotificationState	interface	communications	true		src/store/notifications.ts	33	
useNotificationStore	variable	communications	true	hook	src/store/notifications.ts	67	
onNewNotification	method	communications	false		src/store/notifications.ts	72	useNotificationStore
onPanelOpen	method	communications	false		src/store/notifications.ts	88	useNotificationStore
onPanelClose	method	communications	false		src/store/notifications.ts	93	useNotificationStore
syncUnreadCount	method	communications	false		src/store/notifications.ts	97	useNotificationStore
reset	method	communications	false		src/store/notifications.ts	101	useNotificationStore
OnboardingCaseState	interface	hr	false		src/store/onboardingCase.ts	13	
useOnboardingCaseStore	variable	hr	true	hook	src/store/onboardingCase.ts	21	
selectCaseId	function	hr	true		src/store/onboardingCase.ts	29	
selectCaseRow	function	hr	true		src/store/onboardingCase.ts	30	
SupabaseClient	type	communications	false		src/store/realtime.ts	35	
SupabaseChannel	type	communications	false		src/store/realtime.ts	36	
RealtimeStatus	type	communications	true		src/store/realtime.ts	40	
RealtimeState	interface	communications	true		src/store/realtime.ts	42	
RealtimeCallback	type	communications	false		src/store/realtime.ts	55	
_handlers	variable	communications	false		src/store/realtime.ts	56	
onRealtimeEvent	function	communications	true		src/store/realtime.ts	68	
_fire	function	communications	false		src/store/realtime.ts	74	
_client	variable	communications	false		src/store/realtime.ts	84	
_channel	variable	communications	false		src/store/realtime.ts	85	
_retryTimer	variable	communications	false		src/store/realtime.ts	86	
_retryDelay	variable	communications	false		src/store/realtime.ts	87	
MAX_DELAY	variable	communications	false		src/store/realtime.ts	88	
_clearTimer	function	communications	false		src/store/realtime.ts	90	
_teardown	function	communications	false		src/store/realtime.ts	94	
useRealtimeStore	variable	communications	true	hook	src/store/realtime.ts	112	
connect	method	communications	false		src/store/realtime.ts	116	useRealtimeStore
PgEvent	type	communications	false		src/store/realtime.ts	134	connect
pg	function	communications	false		src/store/realtime.ts	135	connect
disconnect	method	communications	false		src/store/realtime.ts	196	useRealtimeStore
selectRealtimeStatus	function	communications	true		src/store/realtime.ts	206	
selectIsConnected	function	communications	true		src/store/realtime.ts	207	
SessionState	interface	platform	true		src/store/session.ts	38	
payloadToState	function	platform	false		src/store/session.ts	118	
stateFromPersisted	function	platform	false		src/store/session.ts	144	
LOGGED_OUT	object	platform	false		src/store/session.ts	165	
_permBoundaryTimer	variable	platform	false		src/store/session.ts	194	
MAX_TIMEOUT_MS	variable	platform	false		src/store/session.ts	195	
_persisted	variable	platform	false		src/store/session.ts	198	
useSessionStore	variable	platform	true	hook	src/store/session.ts	200	
login	method	platform	false		src/store/session.ts	229	useSessionStore
verify	method	platform	false		src/store/session.ts	270	useSessionStore
setPreAuthToken	method	platform	false		src/store/session.ts	275	useSessionStore
setProfileImage	method	platform	false		src/store/session.ts	279	useSessionStore
setColorScheme	method	platform	false		src/store/session.ts	286	useSessionStore
setLayoutMode	method	platform	false		src/store/session.ts	292	useSessionStore
refreshTokens	method	platform	false		src/store/session.ts	298	useSessionStore
setPermissionOverrides	method	platform	false		src/store/session.ts	304	useSessionStore
setPasskeyCount	method	platform	false		src/store/session.ts	331	useSessionStore
expire	method	platform	false		src/store/session.ts	335	useSessionStore
logout	method	platform	false		src/store/session.ts	341	useSessionStore
selectIsAdmin	function	platform	true		src/store/session.ts	353	
selectIsSuperAdmin	function	platform	true		src/store/session.ts	354	
selectIsManager	function	platform	true		src/store/session.ts	355	
selectUserId	function	platform	true		src/store/session.ts	356	
selectRole	function	platform	true		src/store/session.ts	357	
selectFullName	function	platform	true		src/store/session.ts	358	
selectPermissions	function	platform	true		src/store/session.ts	359	
selectTrustedDeviceUsed	function	platform	true		src/store/session.ts	361	
bodyTheme	function	platform	false	test	src/store/theme.test.ts	17	
flush	function	platform	false	test	src/store/theme.test.ts	18	
setSession	function	platform	false	test	src/store/theme.test.ts	19	
mySetTheme	function	platform	false	test	src/store/theme.test.ts	21	
okThreads	variable	platform	false	test	src/store/theme.test.ts	22	
prefsWith	function	platform	false	test	src/store/theme.test.ts	23	
SectionId	type	platform	true		src/store/ui.ts	37	
UiState	interface	platform	true		src/store/ui.ts	39	
applyThemeToDom	function	platform	false		src/store/ui.ts	76	
readInitialTheme	function	platform	false		src/store/ui.ts	82	
themeIntentSeq	variable	platform	false		src/store/ui.ts	89	
useUiStore	variable	platform	true	hook	src/store/ui.ts	93	
navigateTo	method	platform	false		src/store/ui.ts	101	useUiStore
setSidebarOpen	method	platform	false		src/store/ui.ts	106	useUiStore
toggleSidebar	method	platform	false		src/store/ui.ts	110	useUiStore
setTheme	method	platform	false		src/store/ui.ts	114	useUiStore
toggleTheme	method	platform	false		src/store/ui.ts	133	useUiStore
hydrateTheme	method	platform	false		src/store/ui.ts	138	useUiStore
setSectionLoading	method	platform	false		src/store/ui.ts	145	useUiStore
setGlobalLoading	method	platform	false		src/store/ui.ts	149	useUiStore
initUserTheme	function	platform	true		src/store/ui.ts	163	
resetThemeToDefault	function	platform	true		src/store/ui.ts	175	
selectActiveSection	function	platform	true		src/store/ui.ts	181	
selectSectionLoading	function	platform	true		src/store/ui.ts	182	
selectTheme	function	platform	true		src/store/ui.ts	183	
selectSidebarOpen	function	platform	true		src/store/ui.ts	184	
BroadcastChannelStub	class	platform	false		src/test-setup.ts	35	
postMessage	method	platform	false		src/test-setup.ts	37	BroadcastChannelStub
close	method	platform	false		src/test-setup.ts	38	BroadcastChannelStub
addEventListener	method	platform	false		src/test-setup.ts	39	BroadcastChannelStub
removeEventListener	method	platform	false		src/test-setup.ts	40	BroadcastChannelStub
dispatchEvent	method	platform	false		src/test-setup.ts	41	BroadcastChannelStub
_g	variable	platform	false		src/test-setup.ts	44	
observe	method	platform	false		src/test-setup.ts	49	
unobserve	method	platform	false		src/test-setup.ts	50	
disconnect	method	platform	false		src/test-setup.ts	51	
observe	method	platform	false		src/test-setup.ts	56	
unobserve	method	platform	false		src/test-setup.ts	57	
disconnect	method	platform	false		src/test-setup.ts	58	
BarRowProps	interface	platform	true		src/ui/charts/BarRow.tsx	11	
BarRow	function	platform	true	component	src/ui/charts/BarRow.tsx	18	
ProgressBarProps	interface	platform	true		src/ui/charts/ProgressBar.tsx	10	
ProgressBar	function	platform	true	component	src/ui/charts/ProgressBar.tsx	17	
SparklineProps	interface	platform	true		src/ui/charts/Sparkline.tsx	11	
Sparkline	function	platform	true	component	src/ui/charts/Sparkline.tsx	18	
ButtonVariant	type	platform	true		src/ui/components/Button.tsx	18	
ButtonProps	interface	platform	false		src/ui/components/Button.tsx	20	
VARIANT_CLASS	object	platform	false		src/ui/components/Button.tsx	33	
Button	function	platform	true	component	src/ui/components/Button.tsx	41	
MiniCard	function	platform	true	component,ui-tile	src/ui/components/Card.tsx	13	
RecordRow	function	platform	true	component	src/ui/components/Card.tsx	23	
Record	variable	platform	true	component	src/ui/components/Card.tsx	36	
ChartCardProps	interface	platform	true	ui-tile	src/ui/components/ChartCard.tsx	12	
ChartCard	function	platform	true	component,ui-tile	src/ui/components/ChartCard.tsx	23	
DetailItem	interface	platform	true		src/ui/components/DetailGrid.tsx	21	
DetailGridProps	interface	platform	true		src/ui/components/DetailGrid.tsx	28	
DetailGrid	function	platform	true	component	src/ui/components/DetailGrid.tsx	40	
DrawerDetail	interface	platform	true		src/ui/components/Drawer.tsx	27	
DrawerProps	interface	platform	true		src/ui/components/Drawer.tsx	29	
Drawer	function	platform	true	component	src/ui/components/Drawer.tsx	54	
HseDrawer	variable	platform	true	component	src/ui/components/Drawer.tsx	127	
DetailDrawer	variable	platform	true	component	src/ui/components/Drawer.tsx	128	
EmptyTone	type	platform	true		src/ui/components/EmptyState.tsx	13	
EmptyStateProps	interface	platform	true		src/ui/components/EmptyState.tsx	15	
EmptyState	function	platform	true	component	src/ui/components/EmptyState.tsx	29	
initialsOf	function	platform	false		src/ui/components/EntityHead.tsx	13	
EntityHeadProps	interface	platform	true		src/ui/components/EntityHead.tsx	18	
EntityHead	function	platform	true	component	src/ui/components/EntityHead.tsx	29	
PanelStatItem	interface	platform	true		src/ui/components/EntityHead.tsx	54	
PanelStats	function	platform	true	component	src/ui/components/EntityHead.tsx	61	
Field	function	platform	true	component	src/ui/components/Field.tsx	17	
TextInput	function	platform	true	component	src/ui/components/Field.tsx	26	
SelectInput	function	platform	true	component	src/ui/components/Field.tsx	37	
TextareaInput	function	platform	true	component	src/ui/components/Field.tsx	53	
FormGrid	function	platform	true	component	src/ui/components/Field.tsx	65	
PillTone	type	platform	true		src/ui/components/InfoCard.tsx	21	
InfoCard	function	platform	true	component,ui-tile	src/ui/components/InfoCard.tsx	23	
FieldList	function	platform	true	component	src/ui/components/InfoCard.tsx	35	
FieldRow	function	platform	true	component	src/ui/components/InfoCard.tsx	39	
MiniTable	function	platform	true	component	src/ui/components/InfoCard.tsx	51	
Pill	function	platform	true	component	src/ui/components/InfoCard.tsx	73	
PanelEmpty	function	platform	true	component	src/ui/components/InfoCard.tsx	77	
ActivityEntry	interface	platform	true		src/ui/components/InfoCard.tsx	81	
ActivityList	function	platform	true	component	src/ui/components/InfoCard.tsx	84	
Callout	function	platform	true	component	src/ui/components/InfoCard.tsx	106	
KpiTone	type	platform	true	ui-tile	src/ui/components/KpiTile.tsx	28	
KpiTileLink	interface	platform	true	ui-tile	src/ui/components/KpiTile.tsx	30	
KpiTileProps	interface	platform	true	ui-tile	src/ui/components/KpiTile.tsx	35	
KpiTile	function	platform	true	component,ui-tile	src/ui/components/KpiTile.tsx	56	
MENU_LUCIDE	object	platform	false		src/ui/components/Menu.tsx	26	
menuLucide	function	platform	false		src/ui/components/Menu.tsx	37	
MenuItem	interface	platform	true		src/ui/components/Menu.tsx	39	
MenuProps	interface	platform	true		src/ui/components/Menu.tsx	50	
Menu	function	platform	true	component	src/ui/components/Menu.tsx	58	
toggle	function	platform	false		src/ui/components/Menu.tsx	65	Menu
onKey	function	platform	false		src/ui/components/Menu.tsx	83	Menu
CardProps	interface	platform	true	ui-tile	src/ui/components/MetricCard.tsx	22	
Card	function	platform	true	component,ui-tile	src/ui/components/MetricCard.tsx	40	
MetricCard	variable	platform	true	component,ui-tile	src/ui/components/MetricCard.tsx	63	
MetricCardItem	interface	platform	true	ui-tile	src/ui/components/MetricRow.tsx	16	
MetricRowProps	interface	platform	true		src/ui/components/MetricRow.tsx	18	
useFlip	function	platform	false	hook	src/ui/components/MetricRow.tsx	31	
setNode	function	platform	false		src/ui/components/MetricRow.tsx	34	useFlip
MetricRow	function	platform	true	component	src/ui/components/MetricRow.tsx	59	
ReorderableRow	function	platform	true	component	src/ui/components/MetricRow.tsx	100	
ModalProps	interface	platform	true		src/ui/components/Modal.tsx	18	
Modal	function	platform	true	component	src/ui/components/Modal.tsx	38	
HseModal	variable	platform	true	component	src/ui/components/Modal.tsx	76	
ModalSection	function	platform	true	component	src/ui/components/Modal.tsx	84	
ModuleTab	interface	platform	true		src/ui/components/ModuleTabs.tsx	16	
withCounts	function	platform	true		src/ui/components/ModuleTabs.tsx	29	
ModuleTabsProps	interface	platform	true		src/ui/components/ModuleTabs.tsx	33	
TabBar	function	platform	true	component	src/ui/components/ModuleTabs.tsx	51	
ModuleTabs	function	platform	true	component	src/ui/components/ModuleTabs.tsx	76	
AreaTabs	variable	platform	true	component	src/ui/components/ModuleTabs.tsx	129	
AreaTab	type	platform	true		src/ui/components/ModuleTabs.tsx	130	
MENU_ICON_COLOR	variable	platform	true	component	src/ui/components/NewMenu.tsx	25	
NewMenuItem	interface	platform	true		src/ui/components/NewMenu.tsx	27	
NewMenuProps	interface	platform	true		src/ui/components/NewMenu.tsx	38	
NewMenu	function	platform	true	component	src/ui/components/NewMenu.tsx	50	
PageMetaChip	interface	platform	true		src/ui/components/PageHeader.tsx	16	
PageHeaderProps	interface	platform	true		src/ui/components/PageHeader.tsx	18	
PageHeader	function	platform	true	component	src/ui/components/PageHeader.tsx	39	
HeroStatDef	interface	platform	true		src/ui/components/PageHero.tsx	23	
HeroFooterItem	interface	platform	true		src/ui/components/PageHero.tsx	33	
HeroMetric	interface	platform	true		src/ui/components/PageHero.tsx	45	
HeroBadge	interface	platform	true		src/ui/components/PageHero.tsx	46	
PageHeroProps	interface	platform	true		src/ui/components/PageHero.tsx	48	
StatCard	function	platform	false	component,ui-tile	src/ui/components/PageHero.tsx	70	
PageHero	function	platform	true	component	src/ui/components/PageHero.tsx	106	
HeroFooter	function	platform	true	component	src/ui/components/PageHero.tsx	142	
AreaHero	variable	platform	true	component	src/ui/components/PageHero.tsx	174	
DEFAULT_PAGE_SIZE	variable	platform	true	component	src/ui/components/Pagination.tsx	14	
PaginationState	interface	platform	true		src/ui/components/Pagination.tsx	16	
usePagination	function	platform	true	hook	src/ui/components/Pagination.tsx	26	
pageWindow	function	platform	false		src/ui/components/Pagination.tsx	36	
PaginationProps	interface	platform	true		src/ui/components/Pagination.tsx	44	
Pagination	function	platform	true	component	src/ui/components/Pagination.tsx	54	
PanelTabsProps	interface	platform	true		src/ui/components/PanelTabs.tsx	14	
PanelTabs	function	platform	true	component	src/ui/components/PanelTabs.tsx	25	
PersonSearchOption	interface	platform	true		src/ui/components/PersonSearchSelect.tsx	14	
initialsOf	function	platform	false		src/ui/components/PersonSearchSelect.tsx	22	
PersonSearchSelectProps	interface	platform	true		src/ui/components/PersonSearchSelect.tsx	27	
PersonSearchSelect	function	platform	true	component	src/ui/components/PersonSearchSelect.tsx	35	
pick	function	platform	false		src/ui/components/PersonSearchSelect.tsx	48	PersonSearchSelect
Column	interface	platform	true		src/ui/components/RegisterTable.tsx	15	
RegisterTableProps	interface	platform	false		src/ui/components/RegisterTable.tsx	21	
RegisterTable	function	platform	true	component	src/ui/components/RegisterTable.tsx	38	
CardDragProps	interface	platform	true	ui-tile	src/ui/components/reorder.tsx	18	
CardReorder	interface	platform	true	ui-tile	src/ui/components/reorder.tsx	26	
useCardReorder	function	platform	true	hook,ui-tile	src/ui/components/reorder.tsx	40	
moveLive	function	platform	false		src/ui/components/reorder.tsx	50	useCardReorder
commit	function	platform	false		src/ui/components/reorder.tsx	61	useCardReorder
dragHandlers	function	platform	false		src/ui/components/reorder.tsx	68	useCardReorder
dragClass	function	platform	false		src/ui/components/reorder.tsx	76	useCardReorder
ArrangeControls	function	platform	true	component	src/ui/components/reorder.tsx	89	
setDefault	function	platform	false		src/ui/components/reorder.tsx	96	ArrangeControls
SectionHeadProps	interface	platform	true		src/ui/components/SectionHead.tsx	16	
SectionHead	function	platform	true	component	src/ui/components/SectionHead.tsx	26	
SidePanelSection	interface	platform	true		src/ui/components/SidePanel.tsx	24	
SidePanelProps	interface	platform	true		src/ui/components/SidePanel.tsx	41	
SidePanel	function	platform	true	component	src/ui/components/SidePanel.tsx	50	
SizeValue	type	platform	false		src/ui/components/Skeleton.tsx	30	
dim	function	platform	false		src/ui/components/Skeleton.tsx	32	
SkeletonProps	interface	platform	true		src/ui/components/Skeleton.tsx	35	
Skeleton	function	platform	true	component	src/ui/components/Skeleton.tsx	45	
SkeletonTextProps	interface	platform	true		src/ui/components/Skeleton.tsx	58	
SkeletonText	function	platform	true	component	src/ui/components/Skeleton.tsx	67	
TableSkeletonProps	interface	platform	true		src/ui/components/Skeleton.tsx	77	
TableSkeleton	function	platform	true	component	src/ui/components/Skeleton.tsx	86	
ListSkeletonProps	interface	platform	true		src/ui/components/Skeleton.tsx	112	
ListSkeleton	function	platform	true	component	src/ui/components/Skeleton.tsx	118	
SkeletonFieldsProps	interface	platform	true		src/ui/components/Skeleton.tsx	134	
SkeletonFields	function	platform	true	component	src/ui/components/Skeleton.tsx	140	
SkeletonStatGridProps	interface	platform	true		src/ui/components/Skeleton.tsx	153	
SkeletonStatGrid	function	platform	true	component	src/ui/components/Skeleton.tsx	159	
SparkDef	interface	platform	true		src/ui/components/SparkCard.tsx	14	
SparkCard	function	platform	true	component,ui-tile	src/ui/components/SparkCard.tsx	28	
SpinnerProps	interface	platform	true		src/ui/components/Spinner.tsx	14	
Spinner	function	platform	true	component	src/ui/components/Spinner.tsx	23	
StatStatus	interface	platform	true		src/ui/components/StatsCard.tsx	30	
StatsCardProps	interface	platform	true	ui-tile	src/ui/components/StatsCard.tsx	37	
StatsCard	function	platform	true	component,ui-tile	src/ui/components/StatsCard.tsx	70	
StatusPillProps	interface	platform	false		src/ui/components/StatusPill.tsx	17	
StatusPill	function	platform	true	component	src/ui/components/StatusPill.tsx	24	
StepperStep	interface	platform	true		src/ui/components/Stepper.tsx	15	
StepperProps	interface	platform	true		src/ui/components/Stepper.tsx	22	
Stepper	function	platform	true	component	src/ui/components/Stepper.tsx	37	
SystemActionsPanelProps	interface	platform	true		src/ui/components/SystemActionsPanel.tsx	16	
SystemActionsPanel	function	platform	true	component	src/ui/components/SystemActionsPanel.tsx	27	
TabDef	interface	platform	true		src/ui/components/Tabs.tsx	14	
TabsProps	interface	platform	false		src/ui/components/Tabs.tsx	19	
Tabs	function	platform	true	component	src/ui/components/Tabs.tsx	28	
ToolbarProps	interface	platform	false		src/ui/components/Toolbar.tsx	14	
Toolbar	function	platform	true	component	src/ui/components/Toolbar.tsx	19	
SearchInputProps	interface	platform	false		src/ui/components/Toolbar.tsx	27	
SearchInput	function	platform	true	component	src/ui/components/Toolbar.tsx	35	
FilterSelectProps	interface	platform	false		src/ui/components/Toolbar.tsx	49	
FilterSelect	function	platform	true	component	src/ui/components/Toolbar.tsx	58	
WizardStep	type	platform	true		src/ui/components/Wizard.tsx	19	
WizardProps	interface	platform	true		src/ui/components/Wizard.tsx	21	
WIDTH	object	platform	false		src/ui/components/Wizard.tsx	42	
Wizard	function	platform	true	component	src/ui/components/Wizard.tsx	44	
next	function	platform	false		src/ui/components/Wizard.tsx	52	Wizard
back	function	platform	false		src/ui/components/Wizard.tsx	56	Wizard
WizardStepDef	interface	platform	true		src/ui/components/WizardShell.tsx	18	
WizardInfoRow	interface	platform	true		src/ui/components/WizardShell.tsx	19	
WizardInfoPanel	interface	platform	true		src/ui/components/WizardShell.tsx	20	
WizardShellProps	interface	platform	true		src/ui/components/WizardShell.tsx	22	
WizardShell	function	platform	true	component	src/ui/components/WizardShell.tsx	44	
DtAlign	type	platform	true		src/ui/DataTable.tsx	17	
DtRowStatus	type	platform	true		src/ui/DataTable.tsx	19	
DtColumn	interface	platform	true		src/ui/DataTable.tsx	21	
DtAction	interface	platform	true		src/ui/DataTable.tsx	35	
DtActiveFilter	interface	platform	true		src/ui/DataTable.tsx	43	
DataTableProps	interface	platform	true		src/ui/DataTable.tsx	45	
ACT_ICON	object	platform	false		src/ui/DataTable.tsx	84	
DtActionMenu	function	platform	false	component	src/ui/DataTable.tsx	92	
pageWindow	function	platform	false		src/ui/DataTable.tsx	119	
DataTable	function	platform	true	component	src/ui/DataTable.tsx	130	
colStyle	function	platform	false		src/ui/DataTable.tsx	138	DataTable
RGBA	interface	platform	false		src/ui/examples/ColorField.tsx	17	
PRESETS	array	platform	false		src/ui/examples/ColorField.tsx	19	
clamp	function	platform	false		src/ui/examples/ColorField.tsx	24	
parseColor	function	platform	false		src/ui/examples/ColorField.tsx	26	
toHex	function	platform	false		src/ui/examples/ColorField.tsx	45	
format	function	platform	false		src/ui/examples/ColorField.tsx	49	
cssOf	function	platform	false		src/ui/examples/ColorField.tsx	54	
CHECKER	variable	platform	false	component	src/ui/examples/ColorField.tsx	56	
ColorField	function	platform	true	component	src/ui/examples/ColorField.tsx	58	
onDoc	function	platform	false		src/ui/examples/ColorField.tsx	67	ColorField
emit	function	platform	false		src/ui/examples/ColorField.tsx	72	ColorField
ThemeEditor	function	platform	true	component	src/ui/examples/ThemeEditor.tsx	24	
valueOf	function	platform	false		src/ui/examples/ThemeEditor.tsx	46	ThemeEditor
setToken	function	platform	false		src/ui/examples/ThemeEditor.tsx	50	ThemeEditor
revertToken	function	platform	false		src/ui/examples/ThemeEditor.tsx	56	ThemeEditor
save	function	platform	false		src/ui/examples/ThemeEditor.tsx	62	ThemeEditor
resetAll	function	platform	false		src/ui/examples/ThemeEditor.tsx	75	ThemeEditor
applyImport	function	platform	false		src/ui/examples/ThemeEditor.tsx	81	ThemeEditor
TokenRow	function	platform	false	component	src/ui/examples/ThemeEditor.tsx	163	
Section	function	platform	false	component	src/ui/examples/UIKitPage.tsx	36	
DEMO_PEOPLE	array	platform	false		src/ui/examples/UIKitPage.tsx	48	
Demo	function	platform	false	component	src/ui/examples/UIKitPage.tsx	55	
Grid	function	platform	false	component	src/ui/examples/UIKitPage.tsx	68	
SAMPLE_TABS	variable	platform	false	component	src/ui/examples/UIKitPage.tsx	74	
DRAWER_TABS	array	platform	false		src/ui/examples/UIKitPage.tsx	83	
TABLE_COLS	array	platform	false		src/ui/examples/UIKitPage.tsx	88	
TONES	variable	platform	false	component	src/ui/examples/UIKitPage.tsx	92	
UIKitPage	function	platform	true	component	src/ui/examples/UIKitPage.tsx	96	
cap	function	platform	false		src/ui/examples/UIKitPage.tsx	115	UIKitPage
ActivityItem	interface	platform	true		src/ui/hrfin/ActivityFeed.tsx	9	
ActivityFeed	function	platform	true	component	src/ui/hrfin/ActivityFeed.tsx	15	
DonutRingProps	interface	platform	true		src/ui/hrfin/charts/DonutRing.tsx	9	
DonutRing	function	platform	true	component	src/ui/hrfin/charts/DonutRing.tsx	15	
HBarItem	interface	platform	true		src/ui/hrfin/charts/HorizontalBars.tsx	9	
HorizontalBars	function	platform	true	component	src/ui/hrfin/charts/HorizontalBars.tsx	25	
TrendPeriod	type	platform	true		src/ui/hrfin/charts/TrendArea.tsx	17	
TrendAreaProps	interface	platform	true		src/ui/hrfin/charts/TrendArea.tsx	19	
PERIODS	array	platform	false		src/ui/hrfin/charts/TrendArea.tsx	36	
TrendArea	function	platform	true	component	src/ui/hrfin/charts/TrendArea.tsx	38	
px	function	platform	false		src/ui/hrfin/charts/TrendArea.tsx	80	TrendArea
py	function	platform	false		src/ui/hrfin/charts/TrendArea.tsx	82	TrendArea
fmt	function	platform	false		src/ui/hrfin/charts/TrendArea.tsx	117	TrendArea
DeadlineItem	interface	platform	true		src/ui/hrfin/DeadlineList.tsx	9	
DeadlineList	function	platform	true	component	src/ui/hrfin/DeadlineList.tsx	16	
IcoX	function	platform	false	component	src/ui/hrfin/EntityPicker.tsx	29	
IcoDown	function	platform	false	component	src/ui/hrfin/EntityPicker.tsx	34	
IcoUp	function	platform	false	component	src/ui/hrfin/EntityPicker.tsx	39	
EntityOption	interface	platform	true		src/ui/hrfin/EntityPicker.tsx	47	
EntityPickerProps	interface	platform	true		src/ui/hrfin/EntityPicker.tsx	56	
EntityPicker	function	platform	true	component	src/ui/hrfin/EntityPicker.tsx	77	
handler	function	platform	false		src/ui/hrfin/EntityPicker.tsx	100	EntityPicker
HrfinChip	interface	platform	true		src/ui/hrfin/HrfinPageHeader.tsx	9	
HrfinPageHeaderProps	interface	platform	true		src/ui/hrfin/HrfinPageHeader.tsx	15	
HrfinPageHeader	function	platform	true	component	src/ui/hrfin/HrfinPageHeader.tsx	22	
HrfinTone	type	platform	true		src/ui/hrfin/HrfinPill.tsx	8	
CLS	object	platform	false		src/ui/hrfin/HrfinPill.tsx	10	
HrfinPill	function	platform	true	component	src/ui/hrfin/HrfinPill.tsx	12	
HrfinColumn	interface	platform	true		src/ui/hrfin/HrfinTable.tsx	12	
HrfinTab	interface	platform	true		src/ui/hrfin/HrfinTable.tsx	19	
HrfinFilter	interface	platform	true		src/ui/hrfin/HrfinTable.tsx	20	
HrfinTableProps	interface	platform	true		src/ui/hrfin/HrfinTable.tsx	22	
pageWindow	function	platform	false		src/ui/hrfin/HrfinTable.tsx	54	
HrfinTable	function	platform	true	component	src/ui/hrfin/HrfinTable.tsx	64	
HrfinWizardModalProps	interface	platform	true		src/ui/hrfin/HrfinWizardModal.tsx	12	
HrfinWizardModal	function	platform	true	component	src/ui/hrfin/HrfinWizardModal.tsx	26	
HrfinIconName	type	platform	true		src/ui/hrfin/icon.tsx	12	
PATHS	object	platform	false		src/ui/hrfin/icon.tsx	17	
HrfinIcon	function	platform	true	component	src/ui/hrfin/icon.tsx	42	
InsightAction	interface	platform	true		src/ui/hrfin/InsightBanner.tsx	11	
InsightBannerProps	interface	platform	true		src/ui/hrfin/InsightBanner.tsx	13	
InsightBanner	function	platform	true	component	src/ui/hrfin/InsightBanner.tsx	20	
KpiVisual	type	platform	true	ui-tile	src/ui/hrfin/KpiCard.tsx	10	
KpiTone	type	platform	true	ui-tile	src/ui/hrfin/KpiCard.tsx	11	
KpiCardProps	interface	platform	true	ui-tile	src/ui/hrfin/KpiCard.tsx	13	
Sparkline	function	platform	false	component	src/ui/hrfin/KpiCard.tsx	27	
MiniBars	function	platform	false	component	src/ui/hrfin/KpiCard.tsx	34	
KpiCard	function	platform	true	component,ui-tile	src/ui/hrfin/KpiCard.tsx	38	
QuickAction	interface	platform	true		src/ui/hrfin/QuickActionStrip.tsx	10	
QuickActionStrip	function	platform	true	component	src/ui/hrfin/QuickActionStrip.tsx	20	
RailCardProps	interface	platform	true	ui-tile	src/ui/hrfin/RailCard.tsx	9	
RailCard	function	platform	true	component,ui-tile	src/ui/hrfin/RailCard.tsx	18	
RowActionItem	interface	platform	true		src/ui/hrfin/RowActionMenu.tsx	12	
RowActionMenu	function	platform	true	component	src/ui/hrfin/RowActionMenu.tsx	22	
InfoTipProps	interface	platform	true		src/ui/InfoTip.tsx	12	
InfoTip	function	platform	true	component	src/ui/InfoTip.tsx	22	
ModulePageLayoutProps	interface	widgets	true		src/ui/layouts/ModulePageLayout.tsx	24	
ModulePageLayout	function	widgets	true	component	src/ui/layouts/ModulePageLayout.tsx	33	
RegisterLayoutProps	interface	widgets	false		src/ui/layouts/RegisterLayout.tsx	17	
RegisterLayout	function	widgets	true	component	src/ui/layouts/RegisterLayout.tsx	30	
SplitLayout	function	widgets	true	component	src/ui/layouts/SplitLayout.tsx	11	
CsvColumn	interface	platform	true		src/ui/lib/exportCsv.ts	13	
csvField	function	platform	false		src/ui/lib/exportCsv.ts	21	
toCsv	function	platform	true		src/ui/lib/exportCsv.ts	27	
exportCsv	function	platform	true		src/ui/lib/exportCsv.ts	37	
FOCUSABLE	variable	platform	false		src/ui/lib/useOverlayA11y.ts	15	
useOverlayA11y	function	platform	true	hook	src/ui/lib/useOverlayA11y.ts	18	
focusables	function	platform	false		src/ui/lib/useOverlayA11y.ts	26	useOverlayA11y
onKey	function	platform	false		src/ui/lib/useOverlayA11y.ts	34	useOverlayA11y
IconNode	type	platform	false		src/ui/LucideIcon.tsx	11	
LucideName	type	platform	true		src/ui/LucideIcon.tsx	12	
LucideIcon	function	platform	true	component	src/ui/LucideIcon.tsx	14	
Tone	type	platform	true		src/ui/status/statusTokens.ts	31	
ToneVisual	interface	platform	false		src/ui/status/statusTokens.ts	33	
TONE	object	platform	true		src/ui/status/statusTokens.ts	43	
toneClass	function	platform	true		src/ui/status/statusTokens.ts	53	
toneColor	function	platform	true		src/ui/status/statusTokens.ts	57	
toneTint	function	platform	true		src/ui/status/statusTokens.ts	61	
toneFromText	function	platform	true		src/ui/status/statusTokens.ts	68	
toneFromPpeStatus	function	platform	true		src/ui/status/statusTokens.ts	78	
toneFromWorkflowStatus	function	platform	true		src/ui/status/statusTokens.ts	102	
toneFromPriority	function	platform	true		src/ui/status/statusTokens.ts	118	
colorFromSeverity	function	platform	true		src/ui/status/statusTokens.ts	130	
statusLabel	function	platform	true		src/ui/status/statusTokens.ts	140	
toggle	function	platform	false		src/ui/table/FilterBar.tsx	10	
useFilterDropdowns	function	platform	true	hook	src/ui/table/FilterBar.tsx	16	
close	function	platform	false		src/ui/table/FilterBar.tsx	20	useFilterDropdowns
onKey	function	platform	false		src/ui/table/FilterBar.tsx	21	useFilterDropdowns
TableSearch	function	platform	true	component	src/ui/table/FilterBar.tsx	30	
FilterDropdownProps	interface	platform	true		src/ui/table/FilterBar.tsx	47	
FilterDropdown	function	platform	true	component	src/ui/table/FilterBar.tsx	57	
AdvSection	type	platform	true		src/ui/table/FilterBar.tsx	96	
AdvTab	interface	platform	true		src/ui/table/FilterBar.tsx	101	
sectionActive	function	platform	false		src/ui/table/FilterBar.tsx	103	
AdvSectionView	function	platform	false	component	src/ui/table/FilterBar.tsx	109	
AdvancedFilterProps	interface	platform	true		src/ui/table/FilterBar.tsx	146	
AdvancedFilter	function	platform	true	component	src/ui/table/FilterBar.tsx	153	
ActiveChip	interface	platform	true		src/ui/table/FilterBar.tsx	200	
ActiveFilters	function	platform	true	component	src/ui/table/FilterBar.tsx	201	
PersonCellProps	interface	platform	true		src/ui/table/PersonCell.tsx	17	
PersonCell	function	platform	true	component	src/ui/table/PersonCell.tsx	33	
LS_KEY	variable	platform	false		src/ui/theme/applyTheme.ts	15	
ThemeOverrides	type	platform	true		src/ui/theme/applyTheme.ts	17	
applyThemeOverrides	function	platform	true		src/ui/theme/applyTheme.ts	20	
clearThemeOverride	function	platform	true		src/ui/theme/applyTheme.ts	28	
clearThemeOverrides	function	platform	true		src/ui/theme/applyTheme.ts	33	
readTokenValue	function	platform	true		src/ui/theme/applyTheme.ts	39	
cacheTheme	function	platform	true		src/ui/theme/applyTheme.ts	43	
readCachedTheme	function	platform	true		src/ui/theme/applyTheme.ts	47	
initTheme	function	platform	true		src/ui/theme/applyTheme.ts	56	
TokenKind	type	platform	true		src/ui/theme/tokens.ts	17	
TokenDef	interface	platform	true		src/ui/theme/tokens.ts	19	
TokenGroup	interface	platform	true		src/ui/theme/tokens.ts	27	
WEIGHT_OPTIONS	variable	platform	false		src/ui/theme/tokens.ts	34	
TOKEN_GROUPS	array	platform	true		src/ui/theme/tokens.ts	41	
ALL_TOKEN_NAMES	variable	platform	true		src/ui/theme/tokens.ts	151	
LS	function	widgets	false		src/ui/theme/useModuleLayout.ts	16	
reconcile	function	widgets	false		src/ui/theme/useModuleLayout.ts	19	
ModuleLayout	interface	widgets	true		src/ui/theme/useModuleLayout.ts	28	
useModuleLayout	function	widgets	true	hook	src/ui/theme/useModuleLayout.ts	39	
renderToaster	function	platform	false	test	src/ui/toast/toast.test.tsx	40	
Props	interface	platform	false		src/ui/toast/ToastCard.tsx	29	
ToastCard	function	platform	true	component,ui-tile	src/ui/toast/ToastCard.tsx	37	
tick	function	platform	false		src/ui/toast/ToastCard.tsx	69	ToastCard
setTimerPaused	function	platform	false		src/ui/toast/ToastCard.tsx	103	ToastCard
handleActionClick	function	platform	false		src/ui/toast/ToastCard.tsx	121	ToastCard
handleToggleStop	function	platform	false		src/ui/toast/ToastCard.tsx	143	ToastCard
ToastChips	function	platform	false	component	src/ui/toast/ToastCard.tsx	257	
ToastSummary	function	platform	false	component	src/ui/toast/ToastCard.tsx	267	
ToastNote	function	platform	false	component	src/ui/toast/ToastCard.tsx	281	
ToastFile	function	platform	false	component	src/ui/toast/ToastCard.tsx	286	
MAX_VISIBLE_TOASTS	variable	platform	false	component	src/ui/toast/Toaster.tsx	27	
TOAST_GAP	variable	platform	false	component	src/ui/toast/Toaster.tsx	28	
STACK_ITEM_OFFSET_Y	variable	platform	false	component	src/ui/toast/Toaster.tsx	29	
STACK_ITEM_SCALE_DECREMENT	variable	platform	false	component	src/ui/toast/Toaster.tsx	30	
STACK_ITEM_OPACITY_DECREMENT	variable	platform	false	component	src/ui/toast/Toaster.tsx	31	
HOVER_DEBOUNCE_DELAY	variable	platform	false	component	src/ui/toast/Toaster.tsx	32	
ToasterInnerProps	interface	platform	false		src/ui/toast/Toaster.tsx	36	
ToasterInner	function	platform	false	component	src/ui/toast/Toaster.tsx	40	
handleVisibility	function	platform	false		src/ui/toast/Toaster.tsx	140	ToasterInner
Toaster	function	platform	true	component	src/ui/toast/Toaster.tsx	171	
ToastIcon	function	platform	true	component	src/ui/toast/ToastIcon.tsx	3	
ToastProgressProps	interface	platform	false		src/ui/toast/ToastProgress.tsx	1	
ToastProgress	function	platform	true	component	src/ui/toast/ToastProgress.tsx	6	
TOAST_EXIT_MS	variable	platform	true		src/ui/toast/toastStore.ts	15	
DEFAULT_DURATIONS	object	platform	false		src/ui/toast/toastStore.ts	19	
VoidListener	type	platform	false		src/ui/toast/toastStore.ts	29	
records	array	platform	false		src/ui/toast/toastStore.ts	31	
_globalPaused	variable	platform	false		src/ui/toast/toastStore.ts	32	
listeners	variable	platform	false		src/ui/toast/toastStore.ts	33	
notifyListeners	function	platform	false		src/ui/toast/toastStore.ts	35	
createId	function	platform	false		src/ui/toast/toastStore.ts	39	
subscribe	function	platform	true		src/ui/toast/toastStore.ts	46	
getToasts	function	platform	true		src/ui/toast/toastStore.ts	52	
getGlobalPaused	function	platform	true		src/ui/toast/toastStore.ts	57	
setGlobalPaused	function	platform	true		src/ui/toast/toastStore.ts	62	
upsertToast	function	platform	true		src/ui/toast/toastStore.ts	69	
removeToast	function	platform	true		src/ui/toast/toastStore.ts	84	
updateToast	function	platform	true		src/ui/toast/toastStore.ts	94	
dismissToast	function	platform	true		src/ui/toast/toastStore.ts	103	
upsertRecord	function	platform	false		src/ui/toast/toastStore.ts	112	
buildNormal	function	platform	false		src/ui/toast/toastStore.ts	126	
notify	function	platform	false		src/ui/toast/toastStore.ts	143	
toast	variable	platform	true		src/ui/toast/toastStore.ts	216	
ToastId	type	platform	true		src/ui/toast/toastTypes.ts	1	
ToastVariant	type	platform	true		src/ui/toast/toastTypes.ts	3	
ToastTier	type	platform	true		src/ui/toast/toastTypes.ts	5	
ToastActionTone	type	platform	true		src/ui/toast/toastTypes.ts	7	
ToastActionButton	interface	platform	true		src/ui/toast/toastTypes.ts	9	
ToastDetailItem	interface	platform	true		src/ui/toast/toastTypes.ts	17	
ToastFilePreview	interface	platform	true		src/ui/toast/toastTypes.ts	22	
ToastOptions	interface	platform	true		src/ui/toast/toastTypes.ts	30	
ToastActionOptions	interface	platform	true		src/ui/toast/toastTypes.ts	40	
ToastRichOptions	interface	platform	true		src/ui/toast/toastTypes.ts	51	
ToastRecord	interface	platform	true		src/ui/toast/toastTypes.ts	63	
WidgetBundle	interface	widgets	true	ui-tile	src/ui/widgets/bundles.ts	53	
WIDGET_BUNDLES	array	widgets	true	ui-tile	src/ui/widgets/bundles.ts	73	
resolveBundleWidgets	function	widgets	true	ui-tile	src/ui/widgets/bundles.ts	126	
commitPreviewWidget	function	widgets	true	ui-tile	src/ui/widgets/commitPreviewWidget.ts	5	
createPreviewWidgetInstance	function	widgets	true	ui-tile	src/ui/widgets/createPreviewWidgetInstance.ts	5	
createWidgetInstance	function	widgets	true	ui-tile	src/ui/widgets/createWidgetInstance.ts	4	
SIZE_GRID	object	widgets	false		src/ui/widgets/declarative/declarativeToWidgetDef.tsx	9	
cap	function	widgets	false		src/ui/widgets/declarative/declarativeToWidgetDef.tsx	13	
sizeDef	function	widgets	false		src/ui/widgets/declarative/declarativeToWidgetDef.tsx	14	
VARIANT	object	widgets	false		src/ui/widgets/declarative/declarativeToWidgetDef.tsx	15	
declarativeToWidgetDef	function	widgets	true	ui-tile	src/ui/widgets/declarative/declarativeToWidgetDef.tsx	19	
render	function	widgets	false		src/ui/widgets/declarative/declarativeToWidgetDef.tsx	21	declarativeToWidgetDef
htmlDoc	function	widgets	false		src/ui/widgets/declarative/DeclarativeWidgetView.tsx	13	
DeclarativeWidgetView	function	widgets	true	component,ui-tile	src/ui/widgets/declarative/DeclarativeWidgetView.tsx	28	
SIZE_KEYS	variable	widgets	false		src/ui/widgets/declarative/parsePackageFile.ts	12	
isSize	function	widgets	false		src/ui/widgets/declarative/parsePackageFile.ts	13	
parseWidgetPackageFile	function	widgets	true	ui-tile	src/ui/widgets/declarative/parsePackageFile.ts	15	
baseName	function	widgets	false		src/ui/widgets/declarative/parsePackageFile.ts	31	
parseHtml	function	widgets	false		src/ui/widgets/declarative/parsePackageFile.ts	36	
meta	function	widgets	false		src/ui/widgets/declarative/parsePackageFile.ts	46	parseHtml
htmlNodeToSpec	function	widgets	false		src/ui/widgets/declarative/parsePackageFile.ts	50	
a	function	widgets	false		src/ui/widgets/declarative/parsePackageFile.ts	51	htmlNodeToSpec
manifestFromJson	function	widgets	false		src/ui/widgets/declarative/parsePackageFile.ts	69	
entryToSpec	function	widgets	false		src/ui/widgets/declarative/parsePackageFile.ts	77	
parseSizes	function	widgets	false		src/ui/widgets/declarative/parsePackageFile.ts	106	
resolveText	function	widgets	false		src/ui/widgets/declarative/parsePackageFile.ts	113	
resolveJson	function	widgets	false		src/ui/widgets/declarative/parsePackageFile.ts	118	
DeclMetric	interface	widgets	true		src/ui/widgets/declarative/types.ts	14	
DeclDonut	interface	widgets	true		src/ui/widgets/declarative/types.ts	15	
DeclTrend	interface	widgets	true		src/ui/widgets/declarative/types.ts	16	
DeclBars	interface	widgets	true		src/ui/widgets/declarative/types.ts	17	
DeclList	interface	widgets	true		src/ui/widgets/declarative/types.ts	18	
DeclHtml	interface	widgets	true		src/ui/widgets/declarative/types.ts	22	
DeclarativeView	type	widgets	true		src/ui/widgets/declarative/types.ts	24	
DeclarativeWidgetSpec	interface	widgets	true	ui-tile	src/ui/widgets/declarative/types.ts	26	
DeclarativePackageManifest	interface	widgets	true		src/ui/widgets/declarative/types.ts	39	
defineWidget	function	widgets	true	ui-tile	src/ui/widgets/defineWidget.ts	9	
ellip	object	widgets	true		src/ui/widgets/inlinePrimitives.tsx	11	
humanize	function	widgets	true		src/ui/widgets/inlinePrimitives.tsx	14	
Empty	function	widgets	true	component	src/ui/widgets/inlinePrimitives.tsx	17	
RowTone	type	widgets	true		src/ui/widgets/inlinePrimitives.tsx	22	
TONE	object	widgets	true		src/ui/widgets/inlinePrimitives.tsx	23	
ListRow	function	widgets	true	component	src/ui/widgets/inlinePrimitives.tsx	25	
WidgetList	function	widgets	true	component,ui-tile	src/ui/widgets/inlinePrimitives.tsx	43	
MiniSparkline	function	widgets	true	component	src/ui/widgets/inlinePrimitives.tsx	52	
TrendArea	function	widgets	true	component	src/ui/widgets/inlinePrimitives.tsx	66	
X	function	widgets	false	component	src/ui/widgets/inlinePrimitives.tsx	71	TrendArea
Y	function	widgets	false	component	src/ui/widgets/inlinePrimitives.tsx	72	TrendArea
MiniBars	function	widgets	true	component	src/ui/widgets/inlinePrimitives.tsx	84	
DonutPct	function	widgets	true	component	src/ui/widgets/inlinePrimitives.tsx	107	
reducedMotion	function	widgets	true		src/ui/widgets/motion.ts	19	
Stoppable	interface	widgets	false		src/ui/widgets/motion.ts	24	
stop	function	widgets	false		src/ui/widgets/motion.ts	25	
MountRevealOpts	interface	widgets	true		src/ui/widgets/motion.ts	27	
useMountReveal	function	widgets	true	hook	src/ui/widgets/motion.ts	34	
useValuePulse	function	widgets	true	hook	src/ui/widgets/motion.ts	51	
useStaggerReveal	function	widgets	true	hook	src/ui/widgets/motion.ts	66	
ONB_PAGES	array	widgets	false		src/ui/widgets/registry.hrOnboarding.tsx	18	
ONB_ZONES	array	widgets	false		src/ui/widgets/registry.hrOnboarding.tsx	19	
ONB_SOURCE	object	widgets	false		src/ui/widgets/registry.hrOnboarding.tsx	20	
KPI_SIZES	array	widgets	false	ui-tile	src/ui/widgets/registry.hrOnboarding.tsx	22	
LIST_SIZES	array	widgets	false		src/ui/widgets/registry.hrOnboarding.tsx	26	
timeAgo	function	widgets	false		src/ui/widgets/registry.hrOnboarding.tsx	32	
humanizeAction	function	widgets	false		src/ui/widgets/registry.hrOnboarding.tsx	41	
sparkPath	function	widgets	false		src/ui/widgets/registry.hrOnboarding.tsx	47	
Spark	function	widgets	false	component	src/ui/widgets/registry.hrOnboarding.tsx	57	
Growth	function	widgets	false	component	src/ui/widgets/registry.hrOnboarding.tsx	75	
Ring	function	widgets	false	component	src/ui/widgets/registry.hrOnboarding.tsx	83	
pctChange	function	widgets	false		src/ui/widgets/registry.hrOnboarding.tsx	95	
OnbActiveCasesWidget	function	widgets	false	component,ui-tile	src/ui/widgets/registry.hrOnboarding.tsx	102	
OnbDueThisWeekWidget	function	widgets	false	component,ui-tile	src/ui/widgets/registry.hrOnboarding.tsx	123	
OnbBlockedCasesWidget	function	widgets	false	component,ui-tile	src/ui/widgets/registry.hrOnboarding.tsx	143	
OnbActivationReadinessWidget	function	widgets	false	component,ui-tile	src/ui/widgets/registry.hrOnboarding.tsx	162	
OnbHealthWidget	function	widgets	false	component,ui-tile	src/ui/widgets/registry.hrOnboarding.tsx	181	
OnbPackageReadinessWidget	function	widgets	false	component,ui-tile	src/ui/widgets/registry.hrOnboarding.tsx	204	
OnbRecentActivityWidget	function	widgets	false	component,ui-tile	src/ui/widgets/registry.hrOnboarding.tsx	226	
widgets	array	widgets	true	ui-tile	src/ui/widgets/registry.hrOnboarding.tsx	252	
packages	variable	widgets	false		src/ui/widgets/registry.ts	21	
collectWidgets	function	widgets	false	ui-tile	src/ui/widgets/registry.ts	23	
WIDGET_REGISTRY	variable	widgets	true	ui-tile	src/ui/widgets/registry.ts	53	
allWidgets	function	widgets	true	ui-tile	src/ui/widgets/registry.ts	56	
getWidgetDef	function	widgets	true	ui-tile	src/ui/widgets/registry.ts	61	
findWidgetDef	function	widgets	true	ui-tile	src/ui/widgets/registry.ts	67	
getWidgetsForPage	function	widgets	true	ui-tile	src/ui/widgets/registry.ts	71	
getWidgetsByModule	function	widgets	true	ui-tile	src/ui/widgets/registry.ts	75	
ResolvedBoardWidget	interface	widgets	true	ui-tile	src/ui/widgets/resolveBoardWidget.ts	7	
resolveBoardWidget	function	widgets	true	ui-tile	src/ui/widgets/resolveBoardWidget.ts	13	
DEFAULT_CONTENT_PRIORITY_RULES	array	widgets	true		src/ui/widgets/responsive.ts	10	
DEFAULT_DENSITY_RULES	object	widgets	true		src/ui/widgets/responsive.ts	22	
resolveVisibleSlots	function	widgets	true		src/ui/widgets/responsive.ts	29	
createResponsiveContext	function	widgets	true		src/ui/widgets/responsive.ts	38	
runtimeWidgets	array	widgets	false	ui-tile	src/ui/widgets/runtimeRegistry.ts	18	
version	variable	widgets	false		src/ui/widgets/runtimeRegistry.ts	19	
listeners	variable	widgets	false		src/ui/widgets/runtimeRegistry.ts	20	
setRuntimeWidgets	function	widgets	true	ui-tile	src/ui/widgets/runtimeRegistry.ts	22	
getRuntimeWidgets	function	widgets	true	ui-tile	src/ui/widgets/runtimeRegistry.ts	38	
subscribe	function	widgets	false		src/ui/widgets/runtimeRegistry.ts	42	
useRuntimeWidgetsVersion	function	widgets	true	hook,ui-tile	src/ui/widgets/runtimeRegistry.ts	48	
WIDGET_PACKAGES_KEY	variable	widgets	true	ui-tile	src/ui/widgets/runtimeRegistry.ts	54	
useInstalledWidgetPackages	function	widgets	true	hook,ui-tile	src/ui/widgets/runtimeRegistry.ts	60	
useRefreshInstalledPackages	function	widgets	true	hook	src/ui/widgets/runtimeRegistry.ts	75	
serializeBoardLayout	function	widgets	true		src/ui/widgets/serializeLayout.ts	6	
n	function	widgets	false		src/ui/widgets/serializeLayout.ts	11	rows
SIZE_ORDER	array	widgets	true		src/ui/widgets/size.ts	10	
sizeRank	function	widgets	true		src/ui/widgets/size.ts	12	
isSizeAtLeast	function	widgets	true		src/ui/widgets/size.ts	17	
splitCommittedAndPreview	function	widgets	true		src/ui/widgets/splitCommittedAndPreview.ts	6	
ModuleKey	type	widgets	true		src/ui/widgets/types.ts	20	
WidgetSizeKey	type	widgets	true	ui-tile	src/ui/widgets/types.ts	22	
WidgetChrome	type	widgets	true	ui-tile	src/ui/widgets/types.ts	27	
WidgetPreviewVariant	type	widgets	true	ui-tile	src/ui/widgets/types.ts	29	
WidgetLifecycleState	type	widgets	true	ui-tile	src/ui/widgets/types.ts	34	
WidgetContentPriorityRule	interface	widgets	true	ui-tile	src/ui/widgets/types.ts	37	
WidgetDensityRules	interface	widgets	true	ui-tile	src/ui/widgets/types.ts	46	
WidgetResponsiveContext	interface	widgets	true	ui-tile	src/ui/widgets/types.ts	53	
WidgetPermissionSpec	interface	widgets	true	ui-tile	src/ui/widgets/types.ts	65	
WidgetGridSize	interface	widgets	true	ui-tile	src/ui/widgets/types.ts	70	
WidgetSizeDef	interface	widgets	true	ui-tile	src/ui/widgets/types.ts	72	
WidgetConfigOption	interface	widgets	true	ui-tile	src/ui/widgets/types.ts	81	
WidgetConfigFieldType	type	widgets	true	ui-tile	src/ui/widgets/types.ts	83	
WidgetConfigField	interface	widgets	true	ui-tile	src/ui/widgets/types.ts	86	
WidgetDependencyDef	interface	widgets	true	ui-tile	src/ui/widgets/types.ts	96	
WidgetDataSourceDef	interface	widgets	true	ui-tile	src/ui/widgets/types.ts	104	
WidgetRenderProps	interface	widgets	true	ui-tile	src/ui/widgets/types.ts	112	
WidgetPreviewProps	interface	widgets	true	ui-tile	src/ui/widgets/types.ts	123	
WidgetDef	interface	widgets	true	ui-tile	src/ui/widgets/types.ts	129	
WidgetInstance	interface	widgets	true	ui-tile	src/ui/widgets/types.ts	190	
PreviewWidgetInstance	interface	widgets	true	ui-tile	src/ui/widgets/types.ts	211	
BoardWidgetInstance	type	widgets	true	ui-tile	src/ui/widgets/types.ts	218	
LocalWidget	interface	widgets	true	ui-tile	src/ui/widgets/types.ts	228	
LocalWidgetMap	type	widgets	true	ui-tile	src/ui/widgets/types.ts	246	
BoardLayout	interface	widgets	true		src/ui/widgets/types.ts	248	
isPreviewWidget	function	widgets	true	ui-tile	src/ui/widgets/types.ts	254	
emptyLayout	function	widgets	false		src/ui/widgets/useBoardLayout.ts	9	
layoutSignature	function	widgets	false		src/ui/widgets/useBoardLayout.ts	17	
layoutsEqual	function	widgets	false		src/ui/widgets/useBoardLayout.ts	27	
UseBoardLayoutResult	interface	widgets	true		src/ui/widgets/useBoardLayout.ts	29	
useBoardLayout	function	widgets	true	hook	src/ui/widgets/useBoardLayout.ts	44	
setCachedLayout	function	widgets	false		src/ui/widgets/useBoardLayout.ts	70	useBoardLayout
persist	function	widgets	false		src/ui/widgets/useBoardLayout.ts	74	useBoardLayout
updateZoneLayout	function	widgets	false		src/ui/widgets/useBoardLayout.ts	80	useBoardLayout
addWidget	function	widgets	false	ui-tile	src/ui/widgets/useBoardLayout.ts	83	useBoardLayout
removeWidget	function	widgets	false	ui-tile	src/ui/widgets/useBoardLayout.ts	86	useBoardLayout
setAsDefault	function	widgets	false		src/ui/widgets/useBoardLayout.ts	94	useBoardLayout
resetLayout	function	widgets	false		src/ui/widgets/useBoardLayout.ts	127	useBoardLayout
WidgetValidationIssue	interface	widgets	true	ui-tile	src/ui/widgets/validation.ts	13	
WidgetValidationResult	interface	widgets	true	ui-tile	src/ui/widgets/validation.ts	19	
ID_PATTERN	variable	widgets	false		src/ui/widgets/validation.ts	26	
validateWidgetDef	function	widgets	true	ui-tile	src/ui/widgets/validation.ts	28	
err	function	widgets	false		src/ui/widgets/validation.ts	30	validateWidgetDef
warn	function	widgets	false		src/ui/widgets/validation.ts	31	validateWidgetDef
WidgetBoardProps	interface	widgets	true	ui-tile	src/ui/widgets/WidgetBoard.tsx	11	
WidgetBoard	function	widgets	true	component,ui-tile	src/ui/widgets/WidgetBoard.tsx	71	
WidgetBoardToolbarProps	interface	widgets	true	ui-tile	src/ui/widgets/WidgetBoardToolbar.tsx	16	
WidgetBoardToolbar	function	widgets	true	component,ui-tile	src/ui/widgets/WidgetBoardToolbar.tsx	35	
confirmReset	function	widgets	false		src/ui/widgets/WidgetBoardToolbar.tsx	39	WidgetBoardToolbar
copyLayout	function	widgets	false		src/ui/widgets/WidgetBoardToolbar.tsx	48	WidgetBoardToolbar
ReactGridLayout	variable	widgets	false	component	src/ui/widgets/WidgetBoardZone.tsx	30	
WidgetBoardZoneProps	interface	widgets	true	ui-tile	src/ui/widgets/WidgetBoardZone.tsx	32	
itemInteractive	function	widgets	false		src/ui/widgets/WidgetBoardZone.tsx	72	
minGridFor	function	widgets	false		src/ui/widgets/WidgetBoardZone.tsx	79	
clampToMinGrid	function	widgets	false		src/ui/widgets/WidgetBoardZone.tsx	96	
wantsFit	function	widgets	false		src/ui/widgets/WidgetBoardZone.tsx	106	
WidgetBoardZone	function	widgets	true	component,ui-tile	src/ui/widgets/WidgetBoardZone.tsx	110	
canResolve	function	widgets	false		src/ui/widgets/WidgetBoardZone.tsx	118	WidgetBoardZone
persist	function	widgets	false		src/ui/widgets/WidgetBoardZone.tsx	167	WidgetBoardZone
VARIANT_TONE	object	widgets	false		src/ui/widgets/WidgetCatalog.tsx	8	
sizeLabel	function	widgets	false		src/ui/widgets/WidgetCatalog.tsx	13	
WidgetCatalog	function	widgets	true	component,ui-tile	src/ui/widgets/WidgetCatalog.tsx	18	
WidgetConfigFieldRenderer	function	widgets	true	component,ui-tile	src/ui/widgets/WidgetConfigFieldRenderer.tsx	7	
WidgetConfigureModal	function	widgets	true	component,ui-tile	src/ui/widgets/WidgetConfigureModal.tsx	11	
formatRefresh	function	widgets	false		src/ui/widgets/WidgetDetailPanel.tsx	12	
WidgetDetailPanel	function	widgets	true	component,ui-tile	src/ui/widgets/WidgetDetailPanel.tsx	17	
togglePkgMenu	function	widgets	false		src/ui/widgets/WidgetDetailPanel.tsx	30	WidgetDetailPanel
noDrag	function	widgets	false		src/ui/widgets/WidgetFrame.tsx	14	
WidgetFrame	function	widgets	true	component,ui-tile	src/ui/widgets/WidgetFrame.tsx	16	
BundlesSectionProps	interface	widgets	false		src/ui/widgets/WidgetLibraryModal.tsx	36	
BundlesSection	function	widgets	false	component	src/ui/widgets/WidgetLibraryModal.tsx	46	
addBundle	function	widgets	false		src/ui/widgets/WidgetLibraryModal.tsx	55	BundlesSection
WidgetLibraryModalProps	interface	widgets	true	ui-tile	src/ui/widgets/WidgetLibraryModal.tsx	120	
WidgetLibraryModal	function	widgets	true	component,ui-tile	src/ui/widgets/WidgetLibraryModal.tsx	138	
onPackageFile	function	widgets	false		src/ui/widgets/WidgetLibraryModal.tsx	166	WidgetLibraryModal
onUninstall	function	widgets	false		src/ui/widgets/WidgetLibraryModal.tsx	182	WidgetLibraryModal
toggleChecked	function	widgets	false		src/ui/widgets/WidgetLibraryModal.tsx	206	WidgetLibraryModal
addCheckedWidgets	function	widgets	false	ui-tile	src/ui/widgets/WidgetLibraryModal.tsx	209	WidgetLibraryModal
selectWidget	function	widgets	false	ui-tile	src/ui/widgets/WidgetLibraryModal.tsx	225	WidgetLibraryModal
handleAdd	function	widgets	false		src/ui/widgets/WidgetLibraryModal.tsx	226	WidgetLibraryModal
handlePreview	function	widgets	false		src/ui/widgets/WidgetLibraryModal.tsx	231	WidgetLibraryModal
WidgetLivePreview	function	widgets	true	component,ui-tile	src/ui/widgets/WidgetLivePreview.tsx	8	
CANVAS_W	variable	widgets	false	component	src/ui/widgets/WidgetPreviewScaler.tsx	9	
WidgetPreviewScaler	function	widgets	true	component,ui-tile	src/ui/widgets/WidgetPreviewScaler.tsx	11	
apply	function	widgets	false		src/ui/widgets/WidgetPreviewScaler.tsx	20	WidgetPreviewScaler
WidgetRenderer	function	widgets	true	component,ui-tile	src/ui/widgets/WidgetRenderer.tsx	17	
WidgetSizeSelector	function	widgets	true	component,ui-tile	src/ui/widgets/WidgetSizeSelector.tsx	5	
ImportMetaEnv	interface	platform	false		src/vite-env.d.ts	14	
ImportMeta	interface	platform	false		src/vite-env.d.ts	28	
mockRpcResult	function	testing	false	test	tests/integration/ratelimit.test.js	18	
POLICY	object	hr	false	test	tests/unit/attendanceCompute.test.ts	15	
WORKDAY	variable	hr	false	test	tests/unit/attendanceCompute.test.ts	27	
WEEKEND	variable	hr	false	test	tests/unit/attendanceCompute.test.ts	28	
day	function	hr	false	test	tests/unit/attendanceCompute.test.ts	30	
AnyRole	type	security	false	test	tests/unit/auth.rbac.test.ts	41	
Guard	type	security	false	test	tests/unit/auth.rbac.test.ts	49	
RouteSpec	interface	security	false	test	tests/unit/auth.rbac.test.ts	51	
ROUTE_MATRIX	array	security	false	test	tests/unit/auth.rbac.test.ts	61	
NON_SUPER_ROLES	array	security	false	test	tests/unit/auth.rbac.test.ts	152	
makeUser	function	security	false	test	tests/unit/auth.rbac.test.ts	156	
makeCtx	function	security	false	test	tests/unit/auth.rbac.test.ts	192	
mockDb	function	security	false	test	tests/unit/auth.rbac.test.ts	202	
setupForRole	function	security	false	test	tests/unit/auth.rbac.test.ts	229	
attempt	function	security	false	test	tests/unit/auth.rbac.test.ts	242	
mockGetPayrollRun	variable	payroll	false	test	tests/unit/backPay.test.ts	78	
mockSbFrom	variable	payroll	false	test	tests/unit/backPay.test.ts	79	
RunDto	type	payroll	false	test	tests/unit/backPay.test.ts	81	
buildChain	function	payroll	false	test	tests/unit/backPay.test.ts	90	
then	method	payroll	false	test	tests/unit/backPay.test.ts	94	terminal
capturingChain	function	payroll	false	test	tests/unit/backPay.test.ts	340	
then	method	payroll	false	test	tests/unit/backPay.test.ts	342	terminal
extractSetKeys	function	testing	false	test	tests/unit/criticalGrants.sync.test.ts	19	
BE	variable	testing	false	test	tests/unit/criticalGrants.sync.test.ts	30	
FE	variable	testing	false	test	tests/unit/criticalGrants.sync.test.ts	31	
COMPLIANCE_KEY	variable	testing	false	test	tests/unit/criticalPermResolver.test.ts	59	
OPERATIONAL_CRIT_KEY	variable	testing	false	test	tests/unit/criticalPermResolver.test.ts	61	
NONCRITICAL_KEY	variable	testing	false	test	tests/unit/criticalPermResolver.test.ts	63	
NOW	variable	testing	false	test	tests/unit/criticalPermResolver.test.ts	64	
activeComplianceOverride	function	testing	false	test	tests/unit/criticalPermResolver.test.ts	66	
superadminRoleSetNarrow	variable	testing	false	test	tests/unit/criticalPermResolver.test.ts	81	
roleSetWithCompliance	variable	testing	false	test	tests/unit/criticalPermResolver.test.ts	90	
roleSetWithoutCompliance	variable	testing	false	test	tests/unit/criticalPermResolver.test.ts	92	
MaybeSingle	type	testing	false	test	tests/unit/loadRenderTemplate.test.ts	34	
runRow	function	testing	false	test	tests/unit/loadRenderTemplate.test.ts	37	
Loaded	interface	testing	false	test	tests/unit/loadRenderTemplate.test.ts	45	
load	function	testing	false	test	tests/unit/loadRenderTemplate.test.ts	52	
snapshot	object	testing	false	test	tests/unit/messagingComplianceExport.test.ts	7	
rule	function	hr	false	test	tests/unit/overtimeRules.test.ts	4	
RULES	array	hr	false	test	tests/unit/overtimeRules.test.ts	16	
r2	function	payroll	false	test	tests/unit/payroll-calc.test.js	6	
TT	object	payroll	false	test	tests/unit/payroll-calc.test.js	8	
hsThreshold	function	payroll	false	test	tests/unit/payroll-calc.test.js	35	
calcPayslip	function	payroll	false	test	tests/unit/payroll-calc.test.js	40	
pf	function	payroll	false	test	tests/unit/payrollControlCenter.test.ts	150	
d	function	payroll	false	test	tests/unit/payrollRunCalendar.test.ts	23	
WEEKS	variable	payroll	false	test	tests/unit/payrollStatutory.test.ts	30	
cls	function	payroll	false	test	tests/unit/payrollStatutory.test.ts	36	
ALL_CLASSES	array	payroll	false	test	tests/unit/payrollStatutory.test.ts	58	
TT_2026_STATUTORY	object	payroll	false	test	tests/unit/payrollStatutory.test.ts	77	
validDesign	function	payroll	false	test	tests/unit/payslipDesignSchema.test.ts	13	
tableEl	function	payroll	false	test	tests/unit/payslipDesignSchema.test.ts	32	
withEl	function	payroll	false	test	tests/unit/payslipDesignSchema.test.ts	163	
withEl	function	payroll	false	test	tests/unit/payslipDesignSchema.test.ts	210	
withEl	function	payroll	false	test	tests/unit/payslipDesignSchema.test.ts	248	
withEl	function	payroll	false	test	tests/unit/payslipDesignSchema.test.ts	275	
withEl	function	payroll	false	test	tests/unit/payslipDesignSchema.test.ts	313	
withEl	function	payroll	false	test	tests/unit/payslipDesignSchema.test.ts	331	
snapshot	object	payroll	false	test	tests/unit/payslipPdf.test.ts	25	
employer	object	payroll	false	test	tests/unit/payslipPdf.test.ts	61	
bindingDesign	function	payroll	false	test	tests/unit/payslipPdf.test.ts	225	
TINY_PNG_B64	variable	payroll	false	test	tests/unit/payslipPdf.test.ts	296	
TINY_JPEG_B64	variable	payroll	false	test	tests/unit/payslipPdf.test.ts	300	
imageDesign	function	payroll	false	test	tests/unit/payslipPdf.test.ts	360	
snapshot	object	payroll	false	test	tests/unit/payslipTokens.test.ts	11	
employer	object	payroll	false	test	tests/unit/payslipTokens.test.ts	32	
ROOT	variable	security	false	test	tests/unit/permissionMeta.sync.test.ts	23	
extractPermissionKeys	function	security	false	test	tests/unit/permissionMeta.sync.test.ts	26	
extractMetaKeys	function	security	false	test	tests/unit/permissionMeta.sync.test.ts	35	
ROOT	variable	security	false	test	tests/unit/permissions.drift.test.ts	29	
ROUTES_DIR	variable	security	false	test	tests/unit/permissions.drift.test.ts	30	
BE_PERMISSIONS	variable	security	false	test	tests/unit/permissions.drift.test.ts	31	
extractCatalogueKeys	function	security	false	test	tests/unit/permissions.drift.test.ts	34	
extractEnforcedKeysFromSrc	function	security	false	test	tests/unit/permissions.drift.test.ts	43	
extractKeys	function	security	false	test	tests/unit/permissions.sync.test.ts	24	
KID	variable	communications	false	test	tests/unit/realtimeAuth.test.ts	13	
freshImport	function	communications	false	test	tests/unit/realtimeAuth.test.ts	15	
makeKeypair	function	communications	false	test	tests/unit/realtimeAuth.test.ts	22	
mockRoleScope	function	testing	false	test	tests/unit/scope.test.ts	23	
KEYSET	variable	settings	false	test	tests/unit/settings.manifest.test.ts	15	
ROOT	variable	workflow	false	test	tests/unit/workflow.startForRecord.guard.test.ts	34	
FUNCS_DIR	variable	workflow	false	test	tests/unit/workflow.startForRecord.guard.test.ts	35	
ALLOWLIST	variable	workflow	false	test	tests/unit/workflow.startForRecord.guard.test.ts	37	
walkTs	function	workflow	false	test	tests/unit/workflow.startForRecord.guard.test.ts	45	
stripComments	function	workflow	false	test	tests/unit/workflow.startForRecord.guard.test.ts	63	
ctx	object	workflow	false	test	tests/unit/workflowEngine.resolvers.test.ts	9	
binding	function	workflow	false	test	tests/unit/workflowEngine.resolvers.test.ts	16	
step	function	workflow	false	test	tests/unit/workflowEngine.resolvers.test.ts	64	
mkStep	function	workflow	false	test	tests/unit/workflowEngine.transitions.test.ts	8	
linear	object	workflow	false	test	tests/unit/workflowEngine.transitions.test.ts	13	
ApiResponse	interface	platform	true		types/api.ts	6	
ApiOk	interface	platform	true		types/api.ts	11	
ApiError	interface	platform	true		types/api.ts	16	
LoginResponse	interface	platform	true		types/api.ts	22	
Setup2faResponse	interface	platform	true		types/api.ts	67	
Verify2faResponse	interface	platform	true		types/api.ts	73	
TwoFactorStatusResponse	interface	platform	true		types/api.ts	98	
JwtPayload	interface	platform	true		types/api.ts	106	
HonoVariables	interface	platform	true		types/api.ts	127	
RateLimitResult	interface	platform	true		types/api.ts	134	
Payslip	interface	platform	true		types/api.ts	140	
CalendarItemType	type	platform	true		types/calendar.ts	17	
CalendarItemOrigin	type	platform	true		types/calendar.ts	18	
CalendarTaskStatus	type	platform	true		types/calendar.ts	20	
CalendarTaskPriority	type	platform	true		types/calendar.ts	21	
CalendarVisibility	type	platform	true		types/calendar.ts	22	
CalendarItemDTO	interface	platform	true		types/calendar.ts	27	
CalendarListRequest	interface	platform	true		types/calendar.ts	72	
CalendarListResponse	interface	platform	true		types/calendar.ts	84	
RecurrenceScope	type	platform	true		types/calendar.ts	92	
CreateTaskRequest	interface	platform	true		types/calendar.ts	94	
CreateActivityRequest	interface	platform	true		types/calendar.ts	107	
UpdateEntryRequest	interface	platform	true		types/calendar.ts	120	
TaskStatusRequest	interface	platform	true		types/calendar.ts	138	
UserRole	type	platform	true		types/db.ts	6	
UserStatus	type	platform	true		types/db.ts	9	
PayCycle	type	platform	true		types/db.ts	10	
PayBasis	type	platform	true		types/db.ts	11	
AppUser	interface	platform	true		types/db.ts	13	
AttendanceStatus	type	platform	true		types/db.ts	59	
Attendance	interface	platform	true		types/db.ts	61	
Department	interface	platform	true		types/db.ts	86	
SiteStatus	type	platform	true		types/db.ts	93	
ProjectSite	interface	platform	true		types/db.ts	95	
ProjectSiteEmployee	interface	platform	true		types/db.ts	107	
LeaveStatus	type	platform	true		types/db.ts	115	
LeaveType	type	platform	true		types/db.ts	116	
LeaveRequest	interface	platform	true		types/db.ts	118	
PayrollStatus	type	platform	true		types/db.ts	134	
PayrollRun	interface	platform	true		types/db.ts	136	
PayrollEntry	interface	platform	true		types/db.ts	148	
HourlyRate	interface	platform	true		types/db.ts	165	
Setting	interface	platform	true		types/db.ts	174	
ActivityLog	interface	platform	true		types/db.ts	179	
Message	interface	platform	true		types/db.ts	190	
Ticket	interface	platform	true		types/db.ts	202	
NotificationType	type	platform	true		types/db.ts	214	
Notification	interface	platform	true		types/db.ts	225	
NotificationPreference	interface	platform	true		types/db.ts	236	
AttendanceStatus	type	hr	true		types/hrAttendance.ts	5	
TimesheetStatus	type	hr	true		types/hrAttendance.ts	9	
ExceptionType	type	hr	true		types/hrAttendance.ts	12	
ExceptionStatus	type	hr	true		types/hrAttendance.ts	16	
AttendanceSource	type	hr	true		types/hrAttendance.ts	18	
AttendanceRecord	interface	hr	true		types/hrAttendance.ts	20	
Timesheet	interface	hr	true		types/hrAttendance.ts	47	
AttendanceException	interface	hr	true		types/hrAttendance.ts	72	
AttendanceCorrection	interface	hr	true		types/hrAttendance.ts	91	
DayComputeResult	interface	hr	true		types/hrAttendance.ts	104	
PeriodComputeResult	interface	hr	true		types/hrAttendance.ts	112	
AttendancePolicy	interface	hr	true		types/hrAttendance.ts	121	
AttendanceStats	interface	hr	true		types/hrAttendance.ts	133	
PunchInArgs	interface	hr	true		types/hrAttendance.ts	142	
PunchOutArgs	interface	hr	true		types/hrAttendance.ts	152	
ApplyCorrectionArgs	interface	hr	true		types/hrAttendance.ts	160	
BuildTimesheetArgs	interface	hr	true		types/hrAttendance.ts	167	
SubmitTimesheetArgs	interface	hr	true		types/hrAttendance.ts	173	
WaiveExceptionArgs	interface	hr	true		types/hrAttendance.ts	179	
ResolveExceptionArgs	interface	hr	true		types/hrAttendance.ts	184	
ContractType	type	platform	true		types/hrContracts.ts	12	
ContractStatus	type	platform	true		types/hrContracts.ts	15	
CompensationPeriod	type	platform	true		types/hrContracts.ts	18	
TemplateStatus	type	platform	true		types/hrContracts.ts	21	
SignatoryParty	type	platform	true		types/hrContracts.ts	23	
SignatoryStatus	type	platform	true		types/hrContracts.ts	24	
SignatureMethod	type	platform	true		types/hrContracts.ts	25	
ContractClause	interface	platform	true		types/hrContracts.ts	27	
ContractTemplate	interface	platform	true		types/hrContracts.ts	30	
ContractSignatory	interface	platform	true		types/hrContracts.ts	48	
Contract	interface	platform	true		types/hrContracts.ts	62	
ContractChainLink	interface	platform	true		types/hrContracts.ts	91	
ContractDetail	interface	platform	true		types/hrContracts.ts	99	
ContractDashboardStats	interface	platform	true		types/hrContracts.ts	107	
CreateContractSignatoryInput	interface	platform	true		types/hrContracts.ts	119	
CreateContractArgs	interface	platform	true		types/hrContracts.ts	126	
CreateContractResult	interface	platform	true		types/hrContracts.ts	141	
IssueContractArgs	interface	platform	true		types/hrContracts.ts	143	
RecordSignatureArgs	interface	platform	true		types/hrContracts.ts	144	
RenewContractArgs	interface	platform	true		types/hrContracts.ts	150	
RenewContractResult	interface	platform	true		types/hrContracts.ts	160	
TerminateContractArgs	interface	platform	true		types/hrContracts.ts	161	
CancelContractArgs	interface	platform	true		types/hrContracts.ts	162	
ContractLifecycleResult	interface	platform	true		types/hrContracts.ts	163	
CreateTemplateArgs	interface	platform	true		types/hrContracts.ts	165	
UpdateTemplateArgs	interface	platform	true		types/hrContracts.ts	176	
ExpireContractsResult	interface	platform	true		types/hrContracts.ts	178	
ExpiryState	type	platform	true		types/hrDocuments.ts	12	
ComplianceState	type	platform	true		types/hrDocuments.ts	13	
HrDocumentRow	interface	platform	true		types/hrDocuments.ts	17	
DocumentFilters	interface	platform	true		types/hrDocuments.ts	44	
DocumentsStats	interface	platform	true		types/hrDocuments.ts	59	
DocumentRequirement	interface	platform	true		types/hrDocuments.ts	70	
CreateRequirementArgs	interface	platform	true		types/hrDocuments.ts	86	
UpdateRequirementArgs	interface	platform	true		types/hrDocuments.ts	96	
EmployeeComplianceRow	interface	platform	true		types/hrDocuments.ts	106	
ComplianceOverviewRow	interface	platform	true		types/hrDocuments.ts	117	
ExpirySweepResult	interface	platform	true		types/hrDocuments.ts	128	
LeaveStatus	type	hr	true		types/hrLeave.ts	11	
LeaveUnit	type	hr	true		types/hrLeave.ts	12	
AccrualCadence	type	hr	true		types/hrLeave.ts	13	
AccrualKind	type	hr	true		types/hrLeave.ts	14	
AppliesScope	type	hr	true		types/hrLeave.ts	15	
LeaveType	interface	hr	true		types/hrLeave.ts	19	
LeaveRequest	interface	hr	true		types/hrLeave.ts	38	
LeaveBalance	interface	hr	true		types/hrLeave.ts	67	
LeaveAccrual	interface	hr	true		types/hrLeave.ts	83	
LeaveAttachment	interface	hr	true		types/hrLeave.ts	97	
LeaveCalendarEntry	interface	hr	true		types/hrLeave.ts	109	
LeaveStats	interface	hr	true		types/hrLeave.ts	122	
LeaveListResult	interface	hr	true		types/hrLeave.ts	130	
SubmitLeaveRequestArgs	interface	hr	true		types/hrLeave.ts	139	
UpdateLeaveRequestArgs	interface	hr	true		types/hrLeave.ts	154	
CancelLeaveRequestArgs	interface	hr	true		types/hrLeave.ts	163	
ApproveLeaveArgs	interface	hr	true		types/hrLeave.ts	168	
RejectLeaveArgs	interface	hr	true		types/hrLeave.ts	173	
AdjustBalanceArgs	interface	hr	true		types/hrLeave.ts	178	
LeaveListArgs	interface	hr	true		types/hrLeave.ts	188	
CalendarArgs	interface	hr	true		types/hrLeave.ts	199	
RunAccrualsArgs	interface	hr	true		types/hrLeave.ts	205	
LeaveReportArgs	interface	hr	true		types/hrLeave.ts	210	
SubmitLeaveResult	interface	hr	true		types/hrLeave.ts	221	
OffboardingReason	type	hr	true		types/hrOffboarding.ts	5	
OffboardingStatus	type	hr	true		types/hrOffboarding.ts	6	
OffboardingTaskStatus	type	hr	true		types/hrOffboarding.ts	7	
OffboardingHandoffStatus	type	hr	true		types/hrOffboarding.ts	8	
OffboardingBlockerStatus	type	hr	true		types/hrOffboarding.ts	9	
OffboardingCaseRow	interface	hr	true		types/hrOffboarding.ts	11	
OffboardingTaskRow	interface	hr	true		types/hrOffboarding.ts	32	
OffboardingHandoffRow	interface	hr	true		types/hrOffboarding.ts	48	
OffboardingBlockerRow	interface	hr	true		types/hrOffboarding.ts	58	
OffboardingCaseDetail	interface	hr	true		types/hrOffboarding.ts	69	
OffboardingStatusSlice	interface	hr	true		types/hrOffboarding.ts	76	
OffboardingModuleClearance	interface	hr	true		types/hrOffboarding.ts	77	
OffboardingDashboardStats	interface	hr	true		types/hrOffboarding.ts	79	
StartOffboardingArgs	interface	hr	true		types/hrOffboarding.ts	103	
StartOffboardingResult	interface	hr	true		types/hrOffboarding.ts	111	
CompleteOffboardingTaskArgs	interface	hr	true		types/hrOffboarding.ts	113	
CaseIdArg	interface	hr	true		types/hrOffboarding.ts	114	
PauseCaseArgs	interface	hr	true		types/hrOffboarding.ts	115	
CancelCaseArgs	interface	hr	true		types/hrOffboarding.ts	116	
ReassignOwnerArgs	interface	hr	true		types/hrOffboarding.ts	117	
FinalizeOffboardingArgs	interface	hr	true		types/hrOffboarding.ts	118	
FinalizeOffboardingResult	interface	hr	true		types/hrOffboarding.ts	119	
OnboardingCaseStatus	type	hr	true		types/hrOnboarding.ts	13	
OnboardingTaskStatus	type	hr	true		types/hrOnboarding.ts	17	
OnboardingHandoffStatus	type	hr	true		types/hrOnboarding.ts	20	
OnboardingBlockerStatus	type	hr	true		types/hrOnboarding.ts	23	
OnboardingSeverity	type	hr	true		types/hrOnboarding.ts	26	
DueState	type	hr	true		types/hrOnboarding.ts	28	
BlockingState	type	hr	true		types/hrOnboarding.ts	29	
ReadinessState	type	hr	true		types/hrOnboarding.ts	30	
OnboardingPackageSummary	interface	hr	true		types/hrOnboarding.ts	33	
OnboardingIntakeVerification	interface	hr	true		types/hrOnboarding.ts	52	
OnboardingDocumentState	type	hr	true		types/hrOnboarding.ts	54	
OnboardingDocumentLaunchAction	type	hr	true		types/hrOnboarding.ts	57	
OnboardingDocumentLaunchSelection	interface	hr	true		types/hrOnboarding.ts	59	
OnboardingIntakeDocument	interface	hr	true		types/hrOnboarding.ts	69	
OnboardingIntakeDuplicateCase	interface	hr	true		types/hrOnboarding.ts	89	
OnboardingIntakePreviewArgs	interface	hr	true		types/hrOnboarding.ts	90	
OnboardingIntakePreview	interface	hr	true		types/hrOnboarding.ts	91	
OnboardingTaskTemplateRow	interface	hr	true		types/hrOnboarding.ts	113	
OnboardingHandoffTemplateRow	interface	hr	true		types/hrOnboarding.ts	125	
OnboardingPackageDetail	interface	hr	true		types/hrOnboarding.ts	135	
CreatePackageArgs	interface	hr	true		types/hrOnboarding.ts	153	
UpdatePackageArgs	interface	hr	true		types/hrOnboarding.ts	163	
SetPackageStatusArgs	interface	hr	true		types/hrOnboarding.ts	174	
CreateTaskTemplateArgs	interface	hr	true		types/hrOnboarding.ts	176	
UpdateTaskTemplateArgs	interface	hr	true		types/hrOnboarding.ts	180	
CreateHandoffTemplateArgs	interface	hr	true		types/hrOnboarding.ts	184	
UpdateHandoffTemplateArgs	interface	hr	true		types/hrOnboarding.ts	188	
OnboardingCaseListArgs	interface	hr	true		types/hrOnboarding.ts	194	
OnboardingCaseRow	interface	hr	true		types/hrOnboarding.ts	213	
OnboardingCaseListResult	interface	hr	true		types/hrOnboarding.ts	238	
OnboardingDashboardStatsArgs	interface	hr	true		types/hrOnboarding.ts	246	
OnboardingDashboardStats	interface	hr	true		types/hrOnboarding.ts	253	
OnboardingTaskListArgs	interface	hr	true		types/hrOnboarding.ts	285	
OnboardingTaskRow	interface	hr	true		types/hrOnboarding.ts	297	
OnboardingTaskNote	interface	hr	true		types/hrOnboarding.ts	323	
OnboardingTaskEvidence	interface	hr	true		types/hrOnboarding.ts	331	
OnboardingTaskDetail	interface	hr	true		types/hrOnboarding.ts	344	
AddTaskNoteArgs	interface	hr	true		types/hrOnboarding.ts	356	
AttachTaskEvidenceArgs	interface	hr	true		types/hrOnboarding.ts	357	
OnboardingHandoffListArgs	interface	hr	true		types/hrOnboarding.ts	363	
OnboardingHandoffRow	interface	hr	true		types/hrOnboarding.ts	369	
OnboardingHandoffActionArgs	interface	hr	true		types/hrOnboarding.ts	388	
OnboardingHandoffActionResult	interface	hr	true		types/hrOnboarding.ts	392	
OnboardingBlockerListArgs	interface	hr	true		types/hrOnboarding.ts	400	
OnboardingBlockerRow	interface	hr	true		types/hrOnboarding.ts	407	
NotifyBlockerOwnerArgs	interface	hr	true		types/hrOnboarding.ts	426	
NotifyBlockerOwnerResult	interface	hr	true		types/hrOnboarding.ts	427	
OnboardingCommunicationType	type	hr	true		types/hrOnboarding.ts	430	
OnboardingCommunicationChannel	type	hr	true		types/hrOnboarding.ts	432	
OnboardingCommunicationStatus	type	hr	true		types/hrOnboarding.ts	433	
OnboardingCommunicationRow	interface	hr	true		types/hrOnboarding.ts	435	
OnboardingCommunicationPreview	interface	hr	true		types/hrOnboarding.ts	453	
PreviewCommunicationArgs	interface	hr	true		types/hrOnboarding.ts	463	
SendCommunicationArgs	interface	hr	true		types/hrOnboarding.ts	470	
OnboardingActionType	type	hr	true		types/hrOnboarding.ts	475	
OnboardingOwnerType	type	hr	true		types/hrOnboarding.ts	479	
OnboardingActionPriority	type	hr	true		types/hrOnboarding.ts	480	
OnboardingCaseActionStatus	type	hr	true		types/hrOnboarding.ts	481	
OnboardingActionTemplate	interface	hr	true		types/hrOnboarding.ts	483	
OnboardingCaseAction	interface	hr	true		types/hrOnboarding.ts	509	
OnboardingReportKey	type	hr	true		types/hrOnboarding.ts	526	
OnboardingReportMeta	interface	hr	true		types/hrOnboarding.ts	531	
RunOnboardingReportArgs	interface	hr	true		types/hrOnboarding.ts	540	
OnboardingReportColumn	interface	hr	true		types/hrOnboarding.ts	555	
OnboardingReportSummaryStat	interface	hr	true		types/hrOnboarding.ts	560	
OnboardingReportChart	interface	hr	true		types/hrOnboarding.ts	566	
OnboardingReportResult	interface	hr	true		types/hrOnboarding.ts	571	
OnboardingStartArgs	interface	hr	true		types/hrOnboarding.ts	584	
OnboardingAuditRow	interface	hr	true		types/hrOnboarding.ts	603	
OrgUnitType	type	hr	true		types/hrOrganization.ts	6	
OrgUnit	interface	hr	true		types/hrOrganization.ts	14	
OrgUnitDetail	interface	hr	true		types/hrOrganization.ts	35	
Position	interface	hr	true		types/hrOrganization.ts	41	
PositionDetail	interface	hr	true		types/hrOrganization.ts	62	
CostCenter	interface	hr	true		types/hrOrganization.ts	66	
OrgStats	interface	hr	true		types/hrOrganization.ts	80	
OrgHealthSeverity	type	hr	true		types/hrOrganization.ts	97	
OrgHealthIssueType	type	hr	true		types/hrOrganization.ts	99	
OrgHealthIssue	interface	hr	true		types/hrOrganization.ts	111	
OrgHealthSummary	interface	hr	true		types/hrOrganization.ts	122	
OrgChangeImpactSummary	interface	hr	true		types/hrOrganization.ts	129	
CreateOrgUnitArgs	interface	hr	true		types/hrOrganization.ts	143	
UpdateOrgUnitArgs	interface	hr	true		types/hrOrganization.ts	155	
MoveOrgUnitArgs	interface	hr	true		types/hrOrganization.ts	173	
ArchiveOrgUnitArgs	interface	hr	true		types/hrOrganization.ts	183	
DeleteOrgUnitArgs	interface	hr	true		types/hrOrganization.ts	184	
CreatePositionArgs	interface	hr	true		types/hrOrganization.ts	186	
UpdatePositionArgs	interface	hr	true		types/hrOrganization.ts	198	
RetirePositionArgs	interface	hr	true		types/hrOrganization.ts	216	
CreateCostCenterArgs	interface	hr	true		types/hrOrganization.ts	218	
UpdateCostCenterArgs	interface	hr	true		types/hrOrganization.ts	227	
RetireCostCenterArgs	interface	hr	true		types/hrOrganization.ts	243	
OrgEntityType	type	hr	true		types/hrOrganization.ts	245	
OrgChangeAction	type	hr	true		types/hrOrganization.ts	246	
PreviewOrgChangeArgs	interface	hr	true		types/hrOrganization.ts	248	
UpdateOrgUnitPhaseB	interface	hr	true		types/hrOrganization.ts	256	
OrgChangeStatus	type	hr	true		types/hrOrganization.ts	260	
OrgChangeRiskLevel	type	hr	true		types/hrOrganization.ts	262	
OrgChangeRequest	interface	hr	true		types/hrOrganization.ts	264	
OrgMutationResult	type	hr	true		types/hrOrganization.ts	293	
OrgChangeListArgs	interface	hr	true		types/hrOrganization.ts	304	
CancelOrgChangeArgs	interface	hr	true		types/hrOrganization.ts	305	
OverrideApplyOrgChangeArgs	interface	hr	true		types/hrOrganization.ts	306	
HrRequestTypeDef	interface	hr	true		types/hrRequests.ts	11	
REQUEST_TYPE_CATALOGUE	array	hr	true		types/hrRequests.ts	24	
getRequestTypeDef	function	hr	true		types/hrRequests.ts	70	
HrRequestStatus	type	hr	true		types/hrRequests.ts	76	
HrRequestPriority	type	hr	true		types/hrRequests.ts	80	
HrRequestRow	interface	hr	true		types/hrRequests.ts	84	
SubmitRequestArgs	interface	hr	true		types/hrRequests.ts	113	
DecideRequestArgs	interface	hr	true		types/hrRequests.ts	125	
FulfillRequestArgs	interface	hr	true		types/hrRequests.ts	133	
CancelRequestArgs	interface	hr	true		types/hrRequests.ts	140	
SubmitRequestResult	interface	hr	true		types/hrRequests.ts	147	
RosterStatus	type	hr	true		types/hrRoster.ts	9	
AssignmentKind	type	hr	true		types/hrRoster.ts	10	
AssignmentSource	type	hr	true		types/hrRoster.ts	11	
ShiftTemplate	interface	hr	true		types/hrRoster.ts	15	
UpsertShiftTemplateArgs	interface	hr	true		types/hrRoster.ts	32	
RotationPatternDay	interface	hr	true		types/hrRoster.ts	48	
RotationPattern	interface	hr	true		types/hrRoster.ts	53	
UpsertRotationPatternArgs	interface	hr	true		types/hrRoster.ts	65	
CoverageRequirement	interface	hr	true		types/hrRoster.ts	76	
UpsertCoverageRequirementArgs	interface	hr	true		types/hrRoster.ts	90	
RosterRow	interface	hr	true		types/hrRoster.ts	103	
CreateRosterArgs	interface	hr	true		types/hrRoster.ts	126	
ShiftAssignment	interface	hr	true		types/hrRoster.ts	137	
UpsertAssignmentArgs	interface	hr	true		types/hrRoster.ts	156	
BulkUpsertAssignmentsArgs	interface	hr	true		types/hrRoster.ts	167	
CoverageGap	interface	hr	true		types/hrRoster.ts	174	
MyShift	interface	hr	true		types/hrRoster.ts	189	
RosterDetail	interface	hr	true		types/hrRoster.ts	205	
RosterStats	interface	hr	true		types/hrRoster.ts	213	
EmployeeHoursSummary	interface	hr	true		types/hrRoster.ts	221	
TransferPromotionValue	interface	hr	true		types/hrTransfers.ts	10	
TransferStatus	type	hr	true		types/hrTransfers.ts	23	
TransferRequestRow	interface	hr	true		types/hrTransfers.ts	32	
SubmitTransferArgs	interface	hr	true		types/hrTransfers.ts	51	
SubmitTransferResult	interface	hr	true		types/hrTransfers.ts	56	
DecideTransferArgs	interface	hr	true		types/hrTransfers.ts	62	
DecideTransferResult	interface	hr	true		types/hrTransfers.ts	69	
MessageThreadType	type	platform	true		types/messaging.ts	14	
MessagePriority	type	platform	true		types/messaging.ts	17	
PresenceStatus	type	platform	true		types/messaging.ts	20	
MessageAttachmentType	type	platform	true		types/messaging.ts	23	
MessageSystemEventType	type	platform	true		types/messaging.ts	28	
MessageParticipant	interface	platform	true		types/messaging.ts	33	
MessageAttachment	interface	platform	true		types/messaging.ts	45	
MessagePostReaction	interface	platform	true		types/messaging.ts	69	
MessagePost	interface	platform	true		types/messaging.ts	75	
MessageThread	interface	platform	true		types/messaging.ts	120	
ThreadSourceRecord	interface	platform	true		types/messaging.ts	162	
ThreadActivityEntry	interface	platform	true		types/messaging.ts	175	
MessagePin	interface	platform	true		types/messaging.ts	185	
ThreadContextResponse	interface	platform	true		types/messaging.ts	202	
MessageRealtimeReason	type	platform	true		types/messaging.ts	246	
MessageThreadDetail	interface	platform	true		types/messaging.ts	253	
MessageRecipient	interface	platform	true		types/messaging.ts	258	
ComplianceThread	interface	platform	true		types/messaging.ts	269	
ComplianceCaseType	type	platform	true		types/messagingCompliance.ts	9	
ComplianceCaseStatus	type	platform	true		types/messagingCompliance.ts	16	
ComplianceAccessEventType	type	platform	true		types/messagingCompliance.ts	22	
ComplianceExportFormat	type	platform	true		types/messagingCompliance.ts	34	
ComplianceExportStatus	type	platform	true		types/messagingCompliance.ts	35	
ComplianceCapabilities	interface	platform	true		types/messagingCompliance.ts	37	
ComplianceSummary	interface	platform	true		types/messagingCompliance.ts	51	
ComplianceActorRef	interface	platform	true		types/messagingCompliance.ts	59	
ComplianceCaseThread	interface	platform	true		types/messagingCompliance.ts	64	
ComplianceGrant	interface	platform	true		types/messagingCompliance.ts	78	
ComplianceCaseSummary	interface	platform	true		types/messagingCompliance.ts	95	
ComplianceCaseDetail	interface	platform	true		types/messagingCompliance.ts	112	
ComplianceAttachmentMetadata	interface	platform	true		types/messagingCompliance.ts	124	
ComplianceMessage	interface	platform	true		types/messagingCompliance.ts	133	
ComplianceMessagePage	interface	platform	true		types/messagingCompliance.ts	145	
ComplianceAccessEvent	interface	platform	true		types/messagingCompliance.ts	157	
ComplianceExport	interface	platform	true		types/messagingCompliance.ts	171	
ComplianceCaseThreadInput	interface	platform	true		types/messagingCompliance.ts	195	
ComplianceCasesListRequest	interface	platform	true		types/messagingCompliance.ts	200	
ComplianceCasesListResponse	interface	platform	true		types/messagingCompliance.ts	208	
ComplianceCaseGetRequest	interface	platform	true		types/messagingCompliance.ts	214	
ComplianceCaseRequest	interface	platform	true		types/messagingCompliance.ts	218	
ComplianceCaseDecisionRequest	interface	platform	true		types/messagingCompliance.ts	227	
ComplianceCaseCloseRequest	interface	platform	true		types/messagingCompliance.ts	234	
ComplianceConversationSearchRequest	interface	platform	true		types/messagingCompliance.ts	240	
ComplianceConversationSearchResponse	interface	platform	true		types/messagingCompliance.ts	251	
ComplianceConversationReadRequest	interface	platform	true		types/messagingCompliance.ts	256	
ComplianceGrantRevokeRequest	interface	platform	true		types/messagingCompliance.ts	264	
ComplianceAccessEventsListRequest	interface	platform	true		types/messagingCompliance.ts	270	
ComplianceAccessEventsListResponse	interface	platform	true		types/messagingCompliance.ts	281	
ComplianceExportsListRequest	interface	platform	true		types/messagingCompliance.ts	286	
ComplianceExportsListResponse	interface	platform	true		types/messagingCompliance.ts	292	
ComplianceExportCreateRequest	interface	platform	true		types/messagingCompliance.ts	297	
ComplianceExportDownloadRequest	interface	platform	true		types/messagingCompliance.ts	308	
ComplianceExportDownloadResponse	interface	platform	true		types/messagingCompliance.ts	313	
PayrollRunRegisterTab	type	payroll	true		types/payrollControlCenter.ts	8	
PayrollControlCenterRequest	interface	payroll	true		types/payrollControlCenter.ts	10	
HealthState	type	payroll	true		types/payrollControlCenter.ts	23	
ReadinessState	type	payroll	true		types/payrollControlCenter.ts	24	
PayrollRunType	type	payroll	true		types/payrollControlCenter.ts	25	
MoneyValue	interface	payroll	true		types/payrollControlCenter.ts	27	
PayrollControlCenterCapabilities	interface	payroll	true		types/payrollControlCenter.ts	32	
PayrollPortfolioHealth	interface	payroll	true		types/payrollControlCenter.ts	41	
PayrollCommandCenterKpis	interface	payroll	true	ui-tile	types/payrollControlCenter.ts	58	
PayrollAssignedWork	interface	payroll	true		types/payrollControlCenter.ts	72	
PayrollActivityItem	interface	payroll	true		types/payrollControlCenter.ts	89	
PayrollDeadlineItem	interface	payroll	true		types/payrollControlCenter.ts	99	
PayrollReadinessGate	interface	payroll	true		types/payrollControlCenter.ts	109	
PayrollRunRegisterItem	interface	payroll	true		types/payrollControlCenter.ts	124	
PayrollNextRun	interface	payroll	true		types/payrollControlCenter.ts	145	
PayrollRunRegisterPage	interface	payroll	true		types/payrollControlCenter.ts	163	
PayrollControlCenterResponse	interface	payroll	true		types/payrollControlCenter.ts	170	
PayrollFindingKind	type	payroll	true		types/payrollFindings.ts	10	
PayrollFindingQueueSeverity	type	payroll	true		types/payrollFindings.ts	14	
PayrollFindingQueueState	type	payroll	true		types/payrollFindings.ts	17	
PayrollFindingActivityType	type	payroll	true		types/payrollFindings.ts	20	
PayrollFindingAllowedAction	type	payroll	true		types/payrollFindings.ts	25	
PayrollWorkQueueTab	type	payroll	true		types/payrollFindings.ts	28	
PayrollPageResult	interface	payroll	true		types/payrollFindings.ts	31	
PayrollFindingOwner	interface	payroll	true		types/payrollFindings.ts	38	
PayrollFindingRunRef	interface	payroll	true		types/payrollFindings.ts	44	
PayrollFindingImpact	interface	payroll	true		types/payrollFindings.ts	52	
PayrollFindingQueueItem	interface	payroll	true		types/payrollFindings.ts	60	
PayrollFindingActivity	interface	payroll	true		types/payrollFindings.ts	79	
PayrollFindingEvidenceRef	interface	payroll	true		types/payrollFindings.ts	92	
PayrollFindingResolution	interface	payroll	true		types/payrollFindings.ts	99	
PayrollFindingDetail	interface	payroll	true		types/payrollFindings.ts	106	
PayrollWorkQueueRequest	interface	payroll	true		types/payrollFindings.ts	116	
PayrollWorkQueueResult	interface	payroll	true		types/payrollFindings.ts	133	
PayrollFindingEscalateRequest	interface	payroll	true		types/payrollFindings.ts	143	
PayrollFindingCommentRequest	interface	payroll	true		types/payrollFindings.ts	152	
PayrollFindingCommentResult	interface	payroll	true		types/payrollFindings.ts	160	
PayrollRunState	type	payroll	true		types/payrollRuns.ts	24	
PageRequest	interface	payroll	true		types/payrollRuns.ts	39	
PageResult	interface	payroll	true		types/payrollRuns.ts	46	
PayrollRunSort	type	payroll	true		types/payrollRuns.ts	55	
PayrollRunListRequest	interface	payroll	true		types/payrollRuns.ts	63	
PayrollRunViewFilters	type	payroll	true		types/payrollRuns.ts	74	
PayrollRunListItem	interface	payroll	true		types/payrollRuns.ts	80	
PayrollRunListTab	type	payroll	true		types/payrollRuns.ts	95	
PayrollRunListResult	interface	payroll	true		types/payrollRuns.ts	97	
PayrollRunListPageRequest	interface	payroll	true		types/payrollRuns.ts	103	
PayrollRunViewScope	type	payroll	true		types/payrollRuns.ts	109	
PayrollRunView	interface	payroll	true		types/payrollRuns.ts	111	
PayrollRunViewCreateRequest	interface	payroll	true		types/payrollRuns.ts	121	
PayrollRunViewUpdateRequest	interface	payroll	true		types/payrollRuns.ts	127	
PayrollRunCalendarInstance	interface	payroll	true		types/payrollRuns.ts	141	
PayrollRunCalendarRequest	interface	payroll	true		types/payrollRuns.ts	150	
PayrollRunCalendarResult	interface	payroll	true		types/payrollRuns.ts	156	
Database	interface	platform	true		types/supabase.ts	38	
Tables	type	platform	false		types/supabase.ts	125	
TableRow	type	platform	true		types/supabase.ts	128	
TableInsert	type	platform	true		types/supabase.ts	131	
TableUpdate	type	platform	true		types/supabase.ts	134	
